<?xml version="1.0" encoding="utf-8" ?>
<kml xmlns="http://www.opengis.net/kml/2.2">
<Document id="root_doc">
<Schema name="amenity_parking_bengaluru_urban" id="amenity_parking_bengaluru_urban">
	<SimpleField name="full_id" type="string"></SimpleField>
	<SimpleField name="osm_id" type="string"></SimpleField>
	<SimpleField name="osm_type" type="string"></SimpleField>
	<SimpleField name="amenity" type="string"></SimpleField>
	<SimpleField name="payment:upi" type="string"></SimpleField>
	<SimpleField name="payment:cash" type="string"></SimpleField>
	<SimpleField name="charge" type="string"></SimpleField>
	<SimpleField name="orientation" type="string"></SimpleField>
	<SimpleField name="smoothness" type="string"></SimpleField>
	<SimpleField name="opening_hours" type="string"></SimpleField>
	<SimpleField name="survey:date" type="string"></SimpleField>
	<SimpleField name="covered" type="string"></SimpleField>
	<SimpleField name="capacity:disabled" type="string"></SimpleField>
	<SimpleField name="operator:type" type="string"></SimpleField>
	<SimpleField name="motorcycle:parking" type="string"></SimpleField>
	<SimpleField name="bicycle_parking" type="string"></SimpleField>
	<SimpleField name="informal" type="string"></SimpleField>
	<SimpleField name="level" type="string"></SimpleField>
	<SimpleField name="lit" type="string"></SimpleField>
	<SimpleField name="building:levels:underground" type="string"></SimpleField>
	<SimpleField name="scooter" type="string"></SimpleField>
	<SimpleField name="motorcycle" type="string"></SimpleField>
	<SimpleField name="motor_vehicle" type="string"></SimpleField>
	<SimpleField name="maxstay" type="string"></SimpleField>
	<SimpleField name="addr:street" type="string"></SimpleField>
	<SimpleField name="addr:postcode" type="string"></SimpleField>
	<SimpleField name="addr:city" type="string"></SimpleField>
	<SimpleField name="height" type="string"></SimpleField>
	<SimpleField name="building:part" type="string"></SimpleField>
	<SimpleField name="park_ride" type="string"></SimpleField>
	<SimpleField name="building:levels" type="string"></SimpleField>
	<SimpleField name="capacity" type="string"></SimpleField>
	<SimpleField name="name:kn" type="string"></SimpleField>
	<SimpleField name="wheelchair" type="string"></SimpleField>
	<SimpleField name="surface" type="string"></SimpleField>
	<SimpleField name="supervised" type="string"></SimpleField>
	<SimpleField name="operator" type="string"></SimpleField>
	<SimpleField name="type" type="string"></SimpleField>
	<SimpleField name="parking" type="string"></SimpleField>
	<SimpleField name="layer" type="string"></SimpleField>
	<SimpleField name="int_name" type="string"></SimpleField>
	<SimpleField name="fee" type="string"></SimpleField>
	<SimpleField name="building" type="string"></SimpleField>
	<SimpleField name="alt_name" type="string"></SimpleField>
	<SimpleField name="access" type="string"></SimpleField>
</Schema>
<Folder><name>amenity_parking_bengaluru_urban</name>
  <Placemark>
	<name>Whitefield TTMC Parking</name>
	<description>Parking only for hotel, not for TTMC or general public</description>
	<Style><LineStyle><color>ff0000ff</color></LineStyle><PolyStyle><fill>0</fill></PolyStyle></Style>
	<ExtendedData><SchemaData schemaUrl="#amenity_parking_bengaluru_urban">
		<SimpleData name="full_id">r2030195</SimpleData>
		<SimpleData name="osm_id">2030195</SimpleData>
		<SimpleData name="osm_type">relation</SimpleData>
		<SimpleData name="amenity">parking</SimpleData>
		<SimpleData name="type">multipolygon</SimpleData>
		<SimpleData name="parking">multi-storey</SimpleData>
		<SimpleData name="layer">1</SimpleData>
		<SimpleData name="int_name">EPIP, Whitefield Transport &amp; Transit Management Centre</SimpleData>
		<SimpleData name="fee">yes</SimpleData>
		<SimpleData name="building">public</SimpleData>
		<SimpleData name="alt_name">Vydhehi TTMC</SimpleData>
		<SimpleData name="access">customers</SimpleData>
	</SchemaData></ExtendedData>
      <MultiGeometry><Polygon><outerBoundaryIs><LinearRing><coordinates>77.7268777,12.9768104 77.7261418,12.9768723 77.7260967,12.9768966 77.7260507,12.9768782 77.7260384,12.9768791 77.726012,12.976881 77.725989,12.9769084 77.7259974,12.9770483 77.7260301,12.9770788 77.7260702,12.9770753 77.7261011,12.9770635 77.7261158,12.97704 77.7261279,12.9770001 77.7265819,12.976962 77.7266137,12.9773753 77.7265777,12.9773847 77.7265524,12.9774173 77.7265491,12.9774552 77.7265565,12.9774863 77.7265755,12.9775069 77.7265949,12.9775269 77.7269405,12.9775097 77.7268777,12.9768104</coordinates></LinearRing></outerBoundaryIs><innerBoundaryIs><LinearRing><coordinates>77.7266855,12.9774284 77.7266934,12.9774289 77.7267016,12.9774323 77.7267082,12.9774382 77.7267123,12.9774459 77.7267134,12.9774547 77.7267114,12.9774632 77.726705,12.9774719 77.7266975,12.9774766 77.7266887,12.9774785 77.7266139,12.9774811 77.726606,12.9774771 77.7265998,12.9774704 77.7265964,12.9774623 77.7265962,12.9774536 77.726599,12.9774453 77.7266036,12.9774394 77.7266109,12.9774343 77.7266855,12.9774284</coordinates></LinearRing></innerBoundaryIs><innerBoundaryIs><LinearRing><coordinates>77.7260734,12.9769411 77.7260749,12.977017 77.7260697,12.9770247 77.7260621,12.9770302 77.726053,12.9770328 77.7260444,12.9770324 77.7260356,12.9770289 77.7260286,12.9770227 77.7260241,12.9770146 77.726019,12.976938 77.7260211,12.976929 77.7260262,12.9769213 77.7260338,12.9769157 77.7260429,12.976913 77.7260505,12.9769131 77.7260596,12.9769162 77.7260669,12.976922 77.7260724,12.976932 77.7260734,12.9769411</coordinates></LinearRing></innerBoundaryIs></Polygon></MultiGeometry>
  </Placemark>
  <Placemark>
	<Style><LineStyle><color>ff0000ff</color></LineStyle><PolyStyle><fill>0</fill></PolyStyle></Style>
	<ExtendedData><SchemaData schemaUrl="#amenity_parking_bengaluru_urban">
		<SimpleData name="full_id">r8544927</SimpleData>
		<SimpleData name="osm_id">8544927</SimpleData>
		<SimpleData name="osm_type">relation</SimpleData>
		<SimpleData name="amenity">parking</SimpleData>
		<SimpleData name="surface">asphalt</SimpleData>
		<SimpleData name="supervised">yes</SimpleData>
		<SimpleData name="operator">BDA</SimpleData>
		<SimpleData name="type">multipolygon</SimpleData>
		<SimpleData name="parking">surface</SimpleData>
		<SimpleData name="fee">yes</SimpleData>
		<SimpleData name="access">yes</SimpleData>
	</SchemaData></ExtendedData>
      <MultiGeometry><Polygon><outerBoundaryIs><LinearRing><coordinates>77.6370005,12.9144446 77.6379875,12.914421 77.6379419,12.9130093 77.6369495,12.9130589 77.6370005,12.9144446</coordinates></LinearRing></outerBoundaryIs><innerBoundaryIs><LinearRing><coordinates>77.6372124,12.914374 77.6378078,12.9143557 77.6377729,12.9131191 77.6371587,12.9131191 77.6372124,12.914374</coordinates></LinearRing></innerBoundaryIs></Polygon></MultiGeometry>
  </Placemark>
  <Placemark>
	<Style><LineStyle><color>ff0000ff</color></LineStyle><PolyStyle><fill>0</fill></PolyStyle></Style>
	<ExtendedData><SchemaData schemaUrl="#amenity_parking_bengaluru_urban">
		<SimpleData name="full_id">r10719295</SimpleData>
		<SimpleData name="osm_id">10719295</SimpleData>
		<SimpleData name="osm_type">relation</SimpleData>
		<SimpleData name="amenity">parking</SimpleData>
		<SimpleData name="type">multipolygon</SimpleData>
	</SchemaData></ExtendedData>
      <MultiGeometry><Polygon><outerBoundaryIs><LinearRing><coordinates>77.7265518,12.8843772 77.7266328,12.8844487 77.7266543,12.8845977 77.7267991,12.8846945 77.7269332,12.88465 77.727003,12.8846474 77.7270352,12.88465 77.7270781,12.8846605 77.727298,12.8847259 77.727408,12.8845481 77.727408,12.8845193 77.727408,12.8845023 77.7274093,12.8844853 77.7274093,12.884467 77.727408,12.8844448 77.727404,12.8844226 77.7272256,12.8841206 77.7271063,12.8839676 77.7270539,12.8839127 77.727017,12.8839341 77.7265518,12.8843772</coordinates></LinearRing></outerBoundaryIs></Polygon><Polygon><outerBoundaryIs><LinearRing><coordinates>77.7262117,12.8829989 77.7265926,12.8834721 77.7252569,12.8839158 77.725079,12.8838793 77.7248449,12.8839386 77.7248056,12.8838392 77.7246483,12.8834412 77.7262117,12.8829989</coordinates></LinearRing></outerBoundaryIs></Polygon></MultiGeometry>
  </Placemark>
  <Placemark>
	<Style><LineStyle><color>ff0000ff</color></LineStyle><PolyStyle><fill>0</fill></PolyStyle></Style>
	<ExtendedData><SchemaData schemaUrl="#amenity_parking_bengaluru_urban">
		<SimpleData name="full_id">w23001006</SimpleData>
		<SimpleData name="osm_id">23001006</SimpleData>
		<SimpleData name="osm_type">way</SimpleData>
		<SimpleData name="amenity">parking</SimpleData>
	</SchemaData></ExtendedData>
      <MultiGeometry><Polygon><outerBoundaryIs><LinearRing><coordinates>77.6009517,12.8936344 77.6009788,12.8937177 77.6010843,12.8936851 77.6010572,12.8936018 77.6009517,12.8936344</coordinates></LinearRing></outerBoundaryIs></Polygon></MultiGeometry>
  </Placemark>
  <Placemark>
	<Style><LineStyle><color>ff0000ff</color></LineStyle><PolyStyle><fill>0</fill></PolyStyle></Style>
	<ExtendedData><SchemaData schemaUrl="#amenity_parking_bengaluru_urban">
		<SimpleData name="full_id">w23001237</SimpleData>
		<SimpleData name="osm_id">23001237</SimpleData>
		<SimpleData name="osm_type">way</SimpleData>
		<SimpleData name="amenity">parking</SimpleData>
	</SchemaData></ExtendedData>
      <MultiGeometry><Polygon><outerBoundaryIs><LinearRing><coordinates>77.6015096,12.8930358 77.6016071,12.8930194 77.6015413,12.8927785 77.6014356,12.8927903 77.6015096,12.8930358</coordinates></LinearRing></outerBoundaryIs></Polygon></MultiGeometry>
  </Placemark>
  <Placemark>
	<Style><LineStyle><color>ff0000ff</color></LineStyle><PolyStyle><fill>0</fill></PolyStyle></Style>
	<ExtendedData><SchemaData schemaUrl="#amenity_parking_bengaluru_urban">
		<SimpleData name="full_id">w27932007</SimpleData>
		<SimpleData name="osm_id">27932007</SimpleData>
		<SimpleData name="osm_type">way</SimpleData>
		<SimpleData name="amenity">parking</SimpleData>
	</SchemaData></ExtendedData>
      <MultiGeometry><Polygon><outerBoundaryIs><LinearRing><coordinates>77.6132694,12.9331803 77.6139911,12.9337831 77.6138653,12.9340358 77.6147926,12.9346562 77.6147503,12.9347719 77.6156272,12.9352463 77.6157457,12.9350728 77.6133284,12.9330376 77.6132694,12.9331803</coordinates></LinearRing></outerBoundaryIs></Polygon></MultiGeometry>
  </Placemark>
  <Placemark>
	<Style><LineStyle><color>ff0000ff</color></LineStyle><PolyStyle><fill>0</fill></PolyStyle></Style>
	<ExtendedData><SchemaData schemaUrl="#amenity_parking_bengaluru_urban">
		<SimpleData name="full_id">w31235687</SimpleData>
		<SimpleData name="osm_id">31235687</SimpleData>
		<SimpleData name="osm_type">way</SimpleData>
		<SimpleData name="amenity">parking</SimpleData>
		<SimpleData name="wheelchair">yes</SimpleData>
		<SimpleData name="parking">surface</SimpleData>
		<SimpleData name="fee">yes</SimpleData>
		<SimpleData name="access">yes</SimpleData>
	</SchemaData></ExtendedData>
      <MultiGeometry><Polygon><outerBoundaryIs><LinearRing><coordinates>77.5706624,12.9777494 77.5698209,12.9779605 77.56981,12.9779032 77.5697821,12.9777576 77.5697672,12.9776796 77.5706007,12.977486 77.5706297,12.9774959 77.5706594,12.9775215 77.5706624,12.9777494</coordinates></LinearRing></outerBoundaryIs></Polygon></MultiGeometry>
  </Placemark>
  <Placemark>
	<Style><LineStyle><color>ff0000ff</color></LineStyle><PolyStyle><fill>0</fill></PolyStyle></Style>
	<ExtendedData><SchemaData schemaUrl="#amenity_parking_bengaluru_urban">
		<SimpleData name="full_id">w35074500</SimpleData>
		<SimpleData name="osm_id">35074500</SimpleData>
		<SimpleData name="osm_type">way</SimpleData>
		<SimpleData name="amenity">parking</SimpleData>
		<SimpleData name="parking">surface</SimpleData>
	</SchemaData></ExtendedData>
      <MultiGeometry><Polygon><outerBoundaryIs><LinearRing><coordinates>77.5597481,13.1820966 77.5594558,13.1820136 77.5593927,13.1822048 77.5595547,13.182247 77.5597309,13.1821886 77.5597481,13.1820966</coordinates></LinearRing></outerBoundaryIs></Polygon></MultiGeometry>
  </Placemark>
  <Placemark>
	<Style><LineStyle><color>ff0000ff</color></LineStyle><PolyStyle><fill>0</fill></PolyStyle></Style>
	<ExtendedData><SchemaData schemaUrl="#amenity_parking_bengaluru_urban">
		<SimpleData name="full_id">w36965410</SimpleData>
		<SimpleData name="osm_id">36965410</SimpleData>
		<SimpleData name="osm_type">way</SimpleData>
		<SimpleData name="amenity">parking</SimpleData>
		<SimpleData name="building">yes</SimpleData>
	</SchemaData></ExtendedData>
      <MultiGeometry><Polygon><outerBoundaryIs><LinearRing><coordinates>77.581836,12.95703 77.5822259,12.9568793 77.581994,12.956247 77.581776,12.9562885 77.5817948,12.9563643 77.581725,12.9564061 77.5817626,12.9565342 77.5817223,12.9565499 77.5817814,12.9567171 77.5816875,12.9567433 77.5817787,12.9570099 77.581836,12.95703</coordinates></LinearRing></outerBoundaryIs></Polygon></MultiGeometry>
  </Placemark>
  <Placemark>
	<name>Chowdiah Hall Parking</name>
	<Style><LineStyle><color>ff0000ff</color></LineStyle><PolyStyle><fill>0</fill></PolyStyle></Style>
	<ExtendedData><SchemaData schemaUrl="#amenity_parking_bengaluru_urban">
		<SimpleData name="full_id">w51140696</SimpleData>
		<SimpleData name="osm_id">51140696</SimpleData>
		<SimpleData name="osm_type">way</SimpleData>
		<SimpleData name="amenity">parking</SimpleData>
	</SchemaData></ExtendedData>
      <MultiGeometry><Polygon><outerBoundaryIs><LinearRing><coordinates>77.5753073,13.0076112 77.5753304,13.0072245 77.5760387,13.0072648 77.5760155,13.0076514 77.5753073,13.0076112</coordinates></LinearRing></outerBoundaryIs></Polygon></MultiGeometry>
  </Placemark>
  <Placemark>
	<Style><LineStyle><color>ff0000ff</color></LineStyle><PolyStyle><fill>0</fill></PolyStyle></Style>
	<ExtendedData><SchemaData schemaUrl="#amenity_parking_bengaluru_urban">
		<SimpleData name="full_id">w52245028</SimpleData>
		<SimpleData name="osm_id">52245028</SimpleData>
		<SimpleData name="osm_type">way</SimpleData>
		<SimpleData name="amenity">parking</SimpleData>
	</SchemaData></ExtendedData>
      <MultiGeometry><Polygon><outerBoundaryIs><LinearRing><coordinates>77.5910155,12.9748356 77.5911141,12.9747324 77.5912012,12.9748233 77.5914074,12.9749239 77.5915267,12.9750652 77.5916366,12.9752407 77.5916688,12.9753152 77.591674,12.9754298 77.5916646,12.9756258 77.5916389,12.9757785 77.5914401,12.9759426 77.591522,12.9757899 77.5915876,12.9756295 77.5915989,12.9754053 77.5915575,12.9752436 77.591466,12.9750739 77.5913547,12.9749691 77.5911685,12.9748698 77.5910155,12.9748356</coordinates></LinearRing></outerBoundaryIs></Polygon></MultiGeometry>
  </Placemark>
  <Placemark>
	<Style><LineStyle><color>ff0000ff</color></LineStyle><PolyStyle><fill>0</fill></PolyStyle></Style>
	<ExtendedData><SchemaData schemaUrl="#amenity_parking_bengaluru_urban">
		<SimpleData name="full_id">w52245043</SimpleData>
		<SimpleData name="osm_id">52245043</SimpleData>
		<SimpleData name="osm_type">way</SimpleData>
		<SimpleData name="amenity">parking</SimpleData>
	</SchemaData></ExtendedData>
      <MultiGeometry><Polygon><outerBoundaryIs><LinearRing><coordinates>77.5983091,12.9769978 77.5984375,12.9770537 77.5970306,12.9801246 77.5969022,12.9800687 77.5983091,12.9769978</coordinates></LinearRing></outerBoundaryIs></Polygon></MultiGeometry>
  </Placemark>
  <Placemark>
	<Style><LineStyle><color>ff0000ff</color></LineStyle><PolyStyle><fill>0</fill></PolyStyle></Style>
	<ExtendedData><SchemaData schemaUrl="#amenity_parking_bengaluru_urban">
		<SimpleData name="full_id">w56735025</SimpleData>
		<SimpleData name="osm_id">56735025</SimpleData>
		<SimpleData name="osm_type">way</SimpleData>
		<SimpleData name="amenity">parking</SimpleData>
	</SchemaData></ExtendedData>
      <MultiGeometry><Polygon><outerBoundaryIs><LinearRing><coordinates>77.6579962,13.0718568 77.6581834,13.0718441 77.6581884,13.0717663 77.6580027,13.0717446 77.6579962,13.0718568</coordinates></LinearRing></outerBoundaryIs></Polygon></MultiGeometry>
  </Placemark>
  <Placemark>
	<name>Vydhehi Hospital Parking</name>
	<Style><LineStyle><color>ff0000ff</color></LineStyle><PolyStyle><fill>0</fill></PolyStyle></Style>
	<ExtendedData><SchemaData schemaUrl="#amenity_parking_bengaluru_urban">
		<SimpleData name="full_id">w94359695</SimpleData>
		<SimpleData name="osm_id">94359695</SimpleData>
		<SimpleData name="osm_type">way</SimpleData>
		<SimpleData name="amenity">parking</SimpleData>
	</SchemaData></ExtendedData>
      <MultiGeometry><Polygon><outerBoundaryIs><LinearRing><coordinates>77.7273869,12.9763584 77.7284104,12.9762755 77.728373,12.9758369 77.7273495,12.9759198 77.7273869,12.9763584</coordinates></LinearRing></outerBoundaryIs></Polygon></MultiGeometry>
  </Placemark>
  <Placemark>
	<Style><LineStyle><color>ff0000ff</color></LineStyle><PolyStyle><fill>0</fill></PolyStyle></Style>
	<ExtendedData><SchemaData schemaUrl="#amenity_parking_bengaluru_urban">
		<SimpleData name="full_id">w121883116</SimpleData>
		<SimpleData name="osm_id">121883116</SimpleData>
		<SimpleData name="osm_type">way</SimpleData>
		<SimpleData name="amenity">parking</SimpleData>
		<SimpleData name="surface">paving_stones</SimpleData>
		<SimpleData name="parking">surface</SimpleData>
		<SimpleData name="fee">no</SimpleData>
		<SimpleData name="access">customers</SimpleData>
	</SchemaData></ExtendedData>
      <MultiGeometry><Polygon><outerBoundaryIs><LinearRing><coordinates>77.5881992,12.989219 77.5885727,12.9892294 77.5885808,12.9889548 77.5882073,12.9889444 77.5881992,12.989219</coordinates></LinearRing></outerBoundaryIs></Polygon></MultiGeometry>
  </Placemark>
  <Placemark>
	<Style><LineStyle><color>ff0000ff</color></LineStyle><PolyStyle><fill>0</fill></PolyStyle></Style>
	<ExtendedData><SchemaData schemaUrl="#amenity_parking_bengaluru_urban">
		<SimpleData name="full_id">w121883179</SimpleData>
		<SimpleData name="osm_id">121883179</SimpleData>
		<SimpleData name="osm_type">way</SimpleData>
		<SimpleData name="amenity">parking</SimpleData>
	</SchemaData></ExtendedData>
      <MultiGeometry><Polygon><outerBoundaryIs><LinearRing><coordinates>77.5898794,12.9853606 77.5897422,12.9852232 77.5899268,12.9850325 77.589979,12.985071 77.5903377,12.9846666 77.5904343,12.9847313 77.5898794,12.9853606</coordinates></LinearRing></outerBoundaryIs></Polygon></MultiGeometry>
  </Placemark>
  <Placemark>
	<name>Multi level Car parking</name>
	<Style><LineStyle><color>ff0000ff</color></LineStyle><PolyStyle><fill>0</fill></PolyStyle></Style>
	<ExtendedData><SchemaData schemaUrl="#amenity_parking_bengaluru_urban">
		<SimpleData name="full_id">w122737523</SimpleData>
		<SimpleData name="osm_id">122737523</SimpleData>
		<SimpleData name="osm_type">way</SimpleData>
		<SimpleData name="amenity">parking</SimpleData>
		<SimpleData name="parking">multi-storey</SimpleData>
		<SimpleData name="building">yes</SimpleData>
	</SchemaData></ExtendedData>
      <MultiGeometry><Polygon><outerBoundaryIs><LinearRing><coordinates>77.7301365,12.9922795 77.7301322,12.9922172 77.7301208,12.992216 77.7300894,12.9922438 77.7300578,12.9922528 77.7300231,12.9922527 77.7299897,12.9922396 77.7299657,12.9922164 77.7299514,12.992186 77.7299477,12.9921452 77.7299535,12.992118 77.7299754,12.9920901 77.7299966,12.9920733 77.7300156,12.9920659 77.7300344,12.9920636 77.7300768,12.9920673 77.7301022,12.9920805 77.7301197,12.9921023 77.7301275,12.9920984 77.7301272,12.9920691 77.7300905,12.992065 77.7300909,12.9919385 77.7302262,12.9918993 77.7303354,12.9918589 77.7304862,12.9917942 77.7305194,12.9917954 77.7305473,12.991796 77.7305787,12.991792 77.730591,12.9917821 77.7305988,12.9917344 77.7306099,12.9917105 77.7306358,12.9916872 77.7306707,12.9916724 77.7307036,12.9916726 77.7307269,12.9916781 77.730749,12.9916895 77.7307684,12.9916633 77.7307829,12.9916363 77.7307938,12.9916024 77.7308636,12.9915469 77.7309353,12.9914852 77.7310109,12.9914142 77.731041,12.9914508 77.7310982,12.991447 77.7311157,12.9914184 77.7311463,12.9913891 77.7311763,12.9913771 77.731209,12.9913747 77.7312448,12.9913863 77.7312719,12.9914031 77.7312937,12.991442 77.7312975,12.991489 77.731282,12.9915253 77.7312397,12.9915567 77.7311919,12.9915658 77.7311483,12.9915559 77.7311463,12.9915883 77.7312567,12.9915876 77.7312578,12.9920409 77.7311381,12.9920425 77.731138,12.9921067 77.7311599,12.9921052 77.7311727,12.9920843 77.7311957,12.9920668 77.731225,12.9920576 77.7312563,12.9920552 77.7312918,12.9920667 77.7313163,12.9920863 77.7313336,12.992111 77.7313405,12.9921356 77.7313426,12.9921601 77.7313363,12.9921835 77.7313276,12.9922023 77.7313125,12.992219 77.7312883,12.9922363 77.7312565,12.9922431 77.7312329,12.9922456 77.7312066,12.9922387 77.7311804,12.9922249 77.731157,12.9922 77.7311451,12.9921998 77.7311462,12.9922568 77.7310457,12.9922594 77.731045,12.9922865 77.7311716,12.9922859 77.7311712,12.9922691 77.7312569,12.9922685 77.7312637,12.9927228 77.7312078,12.9927213 77.7312084,12.9927382 77.7312327,12.9927392 77.7312519,12.9927429 77.7312686,12.9927533 77.7312828,12.9927675 77.7312973,12.9927872 77.7313083,12.9928145 77.7313061,12.9928464 77.7313,12.9928736 77.7312749,12.9929076 77.7312459,12.9929238 77.7312108,12.99293 77.7311747,12.9929242 77.7311434,12.9929063 77.7311216,12.9928789 77.7311047,12.9928451 77.7310513,12.9928381 77.7304259,12.9924604 77.7304226,12.9922805 77.7301365,12.9922795</coordinates></LinearRing></outerBoundaryIs></Polygon></MultiGeometry>
  </Placemark>
  <Placemark>
	<Style><LineStyle><color>ff0000ff</color></LineStyle><PolyStyle><fill>0</fill></PolyStyle></Style>
	<ExtendedData><SchemaData schemaUrl="#amenity_parking_bengaluru_urban">
		<SimpleData name="full_id">w125173712</SimpleData>
		<SimpleData name="osm_id">125173712</SimpleData>
		<SimpleData name="osm_type">way</SimpleData>
		<SimpleData name="amenity">parking</SimpleData>
		<SimpleData name="parking">multi-storey</SimpleData>
		<SimpleData name="building">yes</SimpleData>
	</SchemaData></ExtendedData>
      <MultiGeometry><Polygon><outerBoundaryIs><LinearRing><coordinates>77.6963878,12.9361016 77.6963551,12.9360369 77.696292,12.9359399 77.696222,12.9358726 77.6961615,12.935845 77.6961072,12.9358204 77.6960713,12.9357838 77.6960422,12.9357369 77.6960459,12.9356855 77.6960587,12.9356414 77.696099,12.9356042 77.6961428,12.9355829 77.6961936,12.9355784 77.696294,12.9356235 77.6964003,12.9356943 77.6965062,12.9358096 77.6965746,12.9359234 77.6966362,12.93607 77.6969549,12.9360205 77.6969621,12.9360644 77.6970479,12.9360511 77.6971513,12.9366834 77.6965701,12.9367736 77.6965628,12.9367295 77.6964746,12.9367432 77.6964348,12.9364995 77.69653,12.9364847 77.6965209,12.9364288 77.6964208,12.9364443 77.6964194,12.9364348 77.6963973,12.9363013 77.6963654,12.9361051 77.6963878,12.9361016</coordinates></LinearRing></outerBoundaryIs></Polygon></MultiGeometry>
  </Placemark>
  <Placemark>
	<Style><LineStyle><color>ff0000ff</color></LineStyle><PolyStyle><fill>0</fill></PolyStyle></Style>
	<ExtendedData><SchemaData schemaUrl="#amenity_parking_bengaluru_urban">
		<SimpleData name="full_id">w128310898</SimpleData>
		<SimpleData name="osm_id">128310898</SimpleData>
		<SimpleData name="osm_type">way</SimpleData>
		<SimpleData name="amenity">parking</SimpleData>
		<SimpleData name="wheelchair">limited</SimpleData>
		<SimpleData name="parking">surface</SimpleData>
	</SchemaData></ExtendedData>
      <MultiGeometry><Polygon><outerBoundaryIs><LinearRing><coordinates>77.5781215,12.8008177 77.5777445,12.7996858 77.5777249,12.7996286 77.5779159,12.7995665 77.5782434,12.7994599 77.5786496,12.8006477 77.5783303,12.8007515 77.5781215,12.8008177</coordinates></LinearRing></outerBoundaryIs></Polygon></MultiGeometry>
  </Placemark>
  <Placemark>
	<name>Parking for Doctors and Staff</name>
	<Style><LineStyle><color>ff0000ff</color></LineStyle><PolyStyle><fill>0</fill></PolyStyle></Style>
	<ExtendedData><SchemaData schemaUrl="#amenity_parking_bengaluru_urban">
		<SimpleData name="full_id">w133061662</SimpleData>
		<SimpleData name="osm_id">133061662</SimpleData>
		<SimpleData name="osm_type">way</SimpleData>
		<SimpleData name="amenity">parking</SimpleData>
		<SimpleData name="parking">surface</SimpleData>
		<SimpleData name="access">private</SimpleData>
	</SchemaData></ExtendedData>
      <MultiGeometry><Polygon><outerBoundaryIs><LinearRing><coordinates>77.6484206,12.9582774 77.6479393,12.9583719 77.6478802,12.9581941 77.6482772,12.9580112 77.6483102,12.9580725 77.6484206,12.9582774</coordinates></LinearRing></outerBoundaryIs></Polygon></MultiGeometry>
  </Placemark>
  <Placemark>
	<name>Visitors' parking</name>
	<Style><LineStyle><color>ff0000ff</color></LineStyle><PolyStyle><fill>0</fill></PolyStyle></Style>
	<ExtendedData><SchemaData schemaUrl="#amenity_parking_bengaluru_urban">
		<SimpleData name="full_id">w133061665</SimpleData>
		<SimpleData name="osm_id">133061665</SimpleData>
		<SimpleData name="osm_type">way</SimpleData>
		<SimpleData name="amenity">parking</SimpleData>
		<SimpleData name="name:kn">ವಿಮಾನ ನಿಲ್ದಾಣ</SimpleData>
		<SimpleData name="access">permissive</SimpleData>
	</SchemaData></ExtendedData>
      <MultiGeometry><Polygon><outerBoundaryIs><LinearRing><coordinates>77.6478068,12.958048 77.647725,12.9580807 77.6474233,12.9581735 77.6473294,12.9578311 77.6479785,12.9575344 77.6481689,12.9578912 77.647949,12.9579814 77.6478382,12.9580333 77.6478068,12.958048</coordinates></LinearRing></outerBoundaryIs></Polygon></MultiGeometry>
  </Placemark>
  <Placemark>
	<Style><LineStyle><color>ff0000ff</color></LineStyle><PolyStyle><fill>0</fill></PolyStyle></Style>
	<ExtendedData><SchemaData schemaUrl="#amenity_parking_bengaluru_urban">
		<SimpleData name="full_id">w135078009</SimpleData>
		<SimpleData name="osm_id">135078009</SimpleData>
		<SimpleData name="osm_type">way</SimpleData>
		<SimpleData name="amenity">parking</SimpleData>
		<SimpleData name="capacity">10</SimpleData>
	</SchemaData></ExtendedData>
      <MultiGeometry><Polygon><outerBoundaryIs><LinearRing><coordinates>77.692047,13.0085476 77.6922371,13.0085619 77.6921685,13.0086516 77.6921213,13.0086421 77.6921594,13.0088124 77.6920774,13.0088304 77.6920317,13.0086795 77.6919819,13.0085495 77.692047,13.0085476</coordinates></LinearRing></outerBoundaryIs></Polygon></MultiGeometry>
  </Placemark>
  <Placemark>
	<Style><LineStyle><color>ff0000ff</color></LineStyle><PolyStyle><fill>0</fill></PolyStyle></Style>
	<ExtendedData><SchemaData schemaUrl="#amenity_parking_bengaluru_urban">
		<SimpleData name="full_id">w138382191</SimpleData>
		<SimpleData name="osm_id">138382191</SimpleData>
		<SimpleData name="osm_type">way</SimpleData>
		<SimpleData name="amenity">parking</SimpleData>
		<SimpleData name="building:levels">3</SimpleData>
		<SimpleData name="building">transportation</SimpleData>
	</SchemaData></ExtendedData>
      <MultiGeometry><Polygon><outerBoundaryIs><LinearRing><coordinates>77.6030181,12.9838915 77.6027466,12.9830564 77.6028147,12.9830354 77.6029387,12.9829971 77.6030703,12.9829565 77.6031582,12.9829293 77.6034297,12.9837644 77.6033226,12.9837975 77.6032043,12.983834 77.6030999,12.9838662 77.6030181,12.9838915</coordinates></LinearRing></outerBoundaryIs></Polygon></MultiGeometry>
  </Placemark>
  <Placemark>
	<Style><LineStyle><color>ff0000ff</color></LineStyle><PolyStyle><fill>0</fill></PolyStyle></Style>
	<ExtendedData><SchemaData schemaUrl="#amenity_parking_bengaluru_urban">
		<SimpleData name="full_id">w139238793</SimpleData>
		<SimpleData name="osm_id">139238793</SimpleData>
		<SimpleData name="osm_type">way</SimpleData>
		<SimpleData name="amenity">parking</SimpleData>
	</SchemaData></ExtendedData>
      <MultiGeometry><Polygon><outerBoundaryIs><LinearRing><coordinates>77.692097,13.0055636 77.692105,13.0050201 77.6925744,13.005007 77.6925556,13.0055872 77.692097,13.0055636</coordinates></LinearRing></outerBoundaryIs></Polygon></MultiGeometry>
  </Placemark>
  <Placemark>
	<Style><LineStyle><color>ff0000ff</color></LineStyle><PolyStyle><fill>0</fill></PolyStyle></Style>
	<ExtendedData><SchemaData schemaUrl="#amenity_parking_bengaluru_urban">
		<SimpleData name="full_id">w147011053</SimpleData>
		<SimpleData name="osm_id">147011053</SimpleData>
		<SimpleData name="osm_type">way</SimpleData>
		<SimpleData name="amenity">parking</SimpleData>
		<SimpleData name="capacity">20</SimpleData>
		<SimpleData name="parking">surface</SimpleData>
		<SimpleData name="access">permissive</SimpleData>
	</SchemaData></ExtendedData>
      <MultiGeometry><Polygon><outerBoundaryIs><LinearRing><coordinates>77.7649813,13.0212268 77.7649681,13.0211791 77.7653836,13.0210844 77.7654017,13.021183 77.7653199,13.0212046 77.7653279,13.0212497 77.7651666,13.0212837 77.7650111,13.0213202 77.7649813,13.0212268</coordinates></LinearRing></outerBoundaryIs></Polygon></MultiGeometry>
  </Placemark>
  <Placemark>
	<Style><LineStyle><color>ff0000ff</color></LineStyle><PolyStyle><fill>0</fill></PolyStyle></Style>
	<ExtendedData><SchemaData schemaUrl="#amenity_parking_bengaluru_urban">
		<SimpleData name="full_id">w148029459</SimpleData>
		<SimpleData name="osm_id">148029459</SimpleData>
		<SimpleData name="osm_type">way</SimpleData>
		<SimpleData name="amenity">parking</SimpleData>
	</SchemaData></ExtendedData>
      <MultiGeometry><Polygon><outerBoundaryIs><LinearRing><coordinates>77.5671375,13.0288262 77.5671061,13.0286359 77.5675183,13.0285712 77.5675497,13.0287615 77.5671375,13.0288262</coordinates></LinearRing></outerBoundaryIs></Polygon></MultiGeometry>
  </Placemark>
  <Placemark>
	<Style><LineStyle><color>ff0000ff</color></LineStyle><PolyStyle><fill>0</fill></PolyStyle></Style>
	<ExtendedData><SchemaData schemaUrl="#amenity_parking_bengaluru_urban">
		<SimpleData name="full_id">w148029465</SimpleData>
		<SimpleData name="osm_id">148029465</SimpleData>
		<SimpleData name="osm_type">way</SimpleData>
		<SimpleData name="amenity">parking</SimpleData>
	</SchemaData></ExtendedData>
      <MultiGeometry><Polygon><outerBoundaryIs><LinearRing><coordinates>77.5681712,13.0286374 77.5681278,13.0283426 77.5687898,13.0282499 77.5688333,13.0285446 77.5683385,13.0286139 77.5681712,13.0286374</coordinates></LinearRing></outerBoundaryIs></Polygon></MultiGeometry>
  </Placemark>
  <Placemark>
	<Style><LineStyle><color>ff0000ff</color></LineStyle><PolyStyle><fill>0</fill></PolyStyle></Style>
	<ExtendedData><SchemaData schemaUrl="#amenity_parking_bengaluru_urban">
		<SimpleData name="full_id">w148042611</SimpleData>
		<SimpleData name="osm_id">148042611</SimpleData>
		<SimpleData name="osm_type">way</SimpleData>
		<SimpleData name="amenity">parking</SimpleData>
		<SimpleData name="parking">surface</SimpleData>
		<SimpleData name="fee">yes</SimpleData>
		<SimpleData name="access">yes</SimpleData>
	</SchemaData></ExtendedData>
      <MultiGeometry><Polygon><outerBoundaryIs><LinearRing><coordinates>77.6534089,12.9896251 77.6531797,12.9901169 77.6528339,12.9899762 77.6526053,12.9898831 77.6525387,12.9900255 77.6531685,12.9902096 77.6535979,12.9903375 77.6538333,12.989826 77.6534089,12.9896251</coordinates></LinearRing></outerBoundaryIs></Polygon></MultiGeometry>
  </Placemark>
  <Placemark>
	<name>MLCP</name>
	<Style><LineStyle><color>ff0000ff</color></LineStyle><PolyStyle><fill>0</fill></PolyStyle></Style>
	<ExtendedData><SchemaData schemaUrl="#amenity_parking_bengaluru_urban">
		<SimpleData name="full_id">w149418892</SimpleData>
		<SimpleData name="osm_id">149418892</SimpleData>
		<SimpleData name="osm_type">way</SimpleData>
		<SimpleData name="amenity">parking</SimpleData>
		<SimpleData name="building:levels">9</SimpleData>
		<SimpleData name="capacity">2000</SimpleData>
		<SimpleData name="parking">multi-storey</SimpleData>
		<SimpleData name="fee">yes</SimpleData>
		<SimpleData name="building">parking</SimpleData>
		<SimpleData name="access">customers</SimpleData>
	</SchemaData></ExtendedData>
      <MultiGeometry><Polygon><outerBoundaryIs><LinearRing><coordinates>77.5559627,13.013734 77.5559279,13.013754 77.5558882,13.0137612 77.5558483,13.0137547 77.5558131,13.0137353 77.5557906,13.0137111 77.5557742,13.0136751 77.5557715,13.0136358 77.5557611,13.013561 77.5557567,13.0126579 77.5564209,13.0126464 77.5564008,13.0135465 77.5563485,13.0136368 77.5562922,13.0136917 77.5562895,13.013757 77.5561608,13.0137596 77.5561361,13.013734 77.5559627,13.013734</coordinates></LinearRing></outerBoundaryIs></Polygon></MultiGeometry>
  </Placemark>
  <Placemark>
	<Style><LineStyle><color>ff0000ff</color></LineStyle><PolyStyle><fill>0</fill></PolyStyle></Style>
	<ExtendedData><SchemaData schemaUrl="#amenity_parking_bengaluru_urban">
		<SimpleData name="full_id">w149418905</SimpleData>
		<SimpleData name="osm_id">149418905</SimpleData>
		<SimpleData name="osm_type">way</SimpleData>
		<SimpleData name="amenity">parking</SimpleData>
		<SimpleData name="parking">surface</SimpleData>
	</SchemaData></ExtendedData>
      <MultiGeometry><Polygon><outerBoundaryIs><LinearRing><coordinates>77.5556843,13.0138435 77.5557427,13.0138438 77.5557388,13.0144857 77.556334,13.0144891 77.5563377,13.0138724 77.5564185,13.0138729 77.5564144,13.0145547 77.55568,13.0145505 77.5556843,13.0138435</coordinates></LinearRing></outerBoundaryIs></Polygon></MultiGeometry>
  </Placemark>
  <Placemark>
	<name>Whitefield Station Car Park</name>
	<Style><LineStyle><color>ff0000ff</color></LineStyle><PolyStyle><fill>0</fill></PolyStyle></Style>
	<ExtendedData><SchemaData schemaUrl="#amenity_parking_bengaluru_urban">
		<SimpleData name="full_id">w150593086</SimpleData>
		<SimpleData name="osm_id">150593086</SimpleData>
		<SimpleData name="osm_type">way</SimpleData>
		<SimpleData name="amenity">parking</SimpleData>
	</SchemaData></ExtendedData>
      <MultiGeometry><Polygon><outerBoundaryIs><LinearRing><coordinates>77.7613581,12.9969162 77.7613235,12.9966592 77.7617951,12.9965988 77.7618298,12.9968558 77.7613581,12.9969162</coordinates></LinearRing></outerBoundaryIs></Polygon></MultiGeometry>
  </Placemark>
  <Placemark>
	<name>Belair Parking</name>
	<Style><LineStyle><color>ff0000ff</color></LineStyle><PolyStyle><fill>0</fill></PolyStyle></Style>
	<ExtendedData><SchemaData schemaUrl="#amenity_parking_bengaluru_urban">
		<SimpleData name="full_id">w152938973</SimpleData>
		<SimpleData name="osm_id">152938973</SimpleData>
		<SimpleData name="osm_type">way</SimpleData>
		<SimpleData name="amenity">parking</SimpleData>
	</SchemaData></ExtendedData>
      <MultiGeometry><Polygon><outerBoundaryIs><LinearRing><coordinates>77.7090077,12.9567773 77.7090292,12.9566623 77.7092133,12.9566741 77.7091999,12.9567917 77.7090077,12.9567773</coordinates></LinearRing></outerBoundaryIs></Polygon></MultiGeometry>
  </Placemark>
  <Placemark>
	<name>Visitors'Car Park</name>
	<Style><LineStyle><color>ff0000ff</color></LineStyle><PolyStyle><fill>0</fill></PolyStyle></Style>
	<ExtendedData><SchemaData schemaUrl="#amenity_parking_bengaluru_urban">
		<SimpleData name="full_id">w152941097</SimpleData>
		<SimpleData name="osm_id">152941097</SimpleData>
		<SimpleData name="osm_type">way</SimpleData>
		<SimpleData name="amenity">parking</SimpleData>
	</SchemaData></ExtendedData>
      <MultiGeometry><Polygon><outerBoundaryIs><LinearRing><coordinates>77.7073911,12.9583701 77.7073582,12.9584636 77.7073394,12.95856 77.7073105,12.9586833 77.7073367,12.9587319 77.707353,12.9588592 77.7073475,12.9589206 77.7073231,12.9590026 77.7073097,12.9590313 77.7072977,12.9590784 77.7073131,12.959087 77.7073503,12.9591288 77.7073503,12.9591756 77.7073068,12.959218 77.7073267,12.9592373 77.7073784,12.9591869 77.7073784,12.9591186 77.7073312,12.9590655 77.7073301,12.9590649 77.7073364,12.9590404 77.7073495,12.9590122 77.7073753,12.9589256 77.7073813,12.9588587 77.707364,12.9587236 77.7073402,12.9586795 77.707367,12.9585656 77.7073854,12.9584706 77.7074177,12.958379 77.7073911,12.9583701</coordinates></LinearRing></outerBoundaryIs></Polygon></MultiGeometry>
  </Placemark>
  <Placemark>
	<Style><LineStyle><color>ff0000ff</color></LineStyle><PolyStyle><fill>0</fill></PolyStyle></Style>
	<ExtendedData><SchemaData schemaUrl="#amenity_parking_bengaluru_urban">
		<SimpleData name="full_id">w152980576</SimpleData>
		<SimpleData name="osm_id">152980576</SimpleData>
		<SimpleData name="osm_type">way</SimpleData>
		<SimpleData name="amenity">parking</SimpleData>
	</SchemaData></ExtendedData>
      <MultiGeometry><Polygon><outerBoundaryIs><LinearRing><coordinates>77.7058803,12.957002 77.7059152,12.9568922 77.7059152,12.9568609 77.7058991,12.9568478 77.7052231,12.9569001 77.7055852,12.9569576 77.7057778,12.9569921 77.7058454,12.957002 77.7058803,12.957002</coordinates></LinearRing></outerBoundaryIs></Polygon></MultiGeometry>
  </Placemark>
  <Placemark>
	<Style><LineStyle><color>ff0000ff</color></LineStyle><PolyStyle><fill>0</fill></PolyStyle></Style>
	<ExtendedData><SchemaData schemaUrl="#amenity_parking_bengaluru_urban">
		<SimpleData name="full_id">w154378358</SimpleData>
		<SimpleData name="osm_id">154378358</SimpleData>
		<SimpleData name="osm_type">way</SimpleData>
		<SimpleData name="amenity">parking</SimpleData>
	</SchemaData></ExtendedData>
      <MultiGeometry><Polygon><outerBoundaryIs><LinearRing><coordinates>77.6439992,12.9564581 77.6444814,12.9563292 77.6446181,12.956648 77.6446959,12.9568546 77.6444401,12.9570354 77.6439992,12.9564581</coordinates></LinearRing></outerBoundaryIs></Polygon></MultiGeometry>
  </Placemark>
  <Placemark>
	<name>Bhagini Iris Parking</name>
	<Style><LineStyle><color>ff0000ff</color></LineStyle><PolyStyle><fill>0</fill></PolyStyle></Style>
	<ExtendedData><SchemaData schemaUrl="#amenity_parking_bengaluru_urban">
		<SimpleData name="full_id">w157858174</SimpleData>
		<SimpleData name="osm_id">157858174</SimpleData>
		<SimpleData name="osm_type">way</SimpleData>
		<SimpleData name="amenity">parking</SimpleData>
		<SimpleData name="park_ride">yes</SimpleData>
		<SimpleData name="parking">surface</SimpleData>
		<SimpleData name="fee">no</SimpleData>
		<SimpleData name="access">customers</SimpleData>
	</SchemaData></ExtendedData>
      <MultiGeometry><Polygon><outerBoundaryIs><LinearRing><coordinates>77.7291025,12.9555691 77.7290349,12.9553077 77.7297145,12.9553309 77.7297046,12.9555536 77.7291025,12.9555691</coordinates></LinearRing></outerBoundaryIs></Polygon></MultiGeometry>
  </Placemark>
  <Placemark>
	<Style><LineStyle><color>ff0000ff</color></LineStyle><PolyStyle><fill>0</fill></PolyStyle></Style>
	<ExtendedData><SchemaData schemaUrl="#amenity_parking_bengaluru_urban">
		<SimpleData name="full_id">w158623469</SimpleData>
		<SimpleData name="osm_id">158623469</SimpleData>
		<SimpleData name="osm_type">way</SimpleData>
		<SimpleData name="amenity">parking</SimpleData>
	</SchemaData></ExtendedData>
      <MultiGeometry><Polygon><outerBoundaryIs><LinearRing><coordinates>77.5952278,12.9911737 77.5954875,12.9907333 77.5958665,12.9909455 77.5957058,12.9912181 77.595592,12.9911544 77.5954931,12.9913222 77.5952278,12.9911737</coordinates></LinearRing></outerBoundaryIs></Polygon></MultiGeometry>
  </Placemark>
  <Placemark>
	<Style><LineStyle><color>ff0000ff</color></LineStyle><PolyStyle><fill>0</fill></PolyStyle></Style>
	<ExtendedData><SchemaData schemaUrl="#amenity_parking_bengaluru_urban">
		<SimpleData name="full_id">w159033025</SimpleData>
		<SimpleData name="osm_id">159033025</SimpleData>
		<SimpleData name="osm_type">way</SimpleData>
		<SimpleData name="amenity">parking</SimpleData>
	</SchemaData></ExtendedData>
      <MultiGeometry><Polygon><outerBoundaryIs><LinearRing><coordinates>77.7425082,12.9767062 77.7422222,12.975825 77.7426312,12.9757074 77.7429264,12.9766035 77.7425082,12.9767062</coordinates></LinearRing></outerBoundaryIs></Polygon></MultiGeometry>
  </Placemark>
  <Placemark>
	<name>Bus Parking</name>
	<Style><LineStyle><color>ff0000ff</color></LineStyle><PolyStyle><fill>0</fill></PolyStyle></Style>
	<ExtendedData><SchemaData schemaUrl="#amenity_parking_bengaluru_urban">
		<SimpleData name="full_id">w159033031</SimpleData>
		<SimpleData name="osm_id">159033031</SimpleData>
		<SimpleData name="osm_type">way</SimpleData>
		<SimpleData name="amenity">parking</SimpleData>
	</SchemaData></ExtendedData>
      <MultiGeometry><Polygon><outerBoundaryIs><LinearRing><coordinates>77.7417922,12.9771372 77.7418829,12.9771045 77.7417056,12.9766368 77.7416149,12.9766695 77.7417922,12.9771372</coordinates></LinearRing></outerBoundaryIs></Polygon></MultiGeometry>
  </Placemark>
  <Placemark>
	<name>BMS College Parking</name>
	<Style><LineStyle><color>ff0000ff</color></LineStyle><PolyStyle><fill>0</fill></PolyStyle></Style>
	<ExtendedData><SchemaData schemaUrl="#amenity_parking_bengaluru_urban">
		<SimpleData name="full_id">w162389318</SimpleData>
		<SimpleData name="osm_id">162389318</SimpleData>
		<SimpleData name="osm_type">way</SimpleData>
		<SimpleData name="amenity">parking</SimpleData>
		<SimpleData name="parking">surface</SimpleData>
		<SimpleData name="fee">no</SimpleData>
		<SimpleData name="access">customers</SimpleData>
	</SchemaData></ExtendedData>
      <MultiGeometry><Polygon><outerBoundaryIs><LinearRing><coordinates>77.5665212,12.9415122 77.5664301,12.9411092 77.5664669,12.9411024 77.5665493,12.9415088 77.5665212,12.9415122</coordinates></LinearRing></outerBoundaryIs></Polygon></MultiGeometry>
  </Placemark>
  <Placemark>
	<Style><LineStyle><color>ff0000ff</color></LineStyle><PolyStyle><fill>0</fill></PolyStyle></Style>
	<ExtendedData><SchemaData schemaUrl="#amenity_parking_bengaluru_urban">
		<SimpleData name="full_id">w164210884</SimpleData>
		<SimpleData name="osm_id">164210884</SimpleData>
		<SimpleData name="osm_type">way</SimpleData>
		<SimpleData name="amenity">parking</SimpleData>
	</SchemaData></ExtendedData>
      <MultiGeometry><Polygon><outerBoundaryIs><LinearRing><coordinates>77.6323738,12.9272521 77.6323862,12.9270456 77.632806,12.9270695 77.6327936,12.927276 77.6323738,12.9272521</coordinates></LinearRing></outerBoundaryIs></Polygon></MultiGeometry>
  </Placemark>
  <Placemark>
	<Style><LineStyle><color>ff0000ff</color></LineStyle><PolyStyle><fill>0</fill></PolyStyle></Style>
	<ExtendedData><SchemaData schemaUrl="#amenity_parking_bengaluru_urban">
		<SimpleData name="full_id">w166560423</SimpleData>
		<SimpleData name="osm_id">166560423</SimpleData>
		<SimpleData name="osm_type">way</SimpleData>
		<SimpleData name="amenity">parking</SimpleData>
		<SimpleData name="parking">multi-storey</SimpleData>
		<SimpleData name="building">transportation</SimpleData>
	</SchemaData></ExtendedData>
      <MultiGeometry><Polygon><outerBoundaryIs><LinearRing><coordinates>77.6383237,12.9617652 77.6385442,12.9619674 77.6384997,12.9620198 77.6386961,12.9621895 77.6389814,12.9618789 77.6386479,12.961563 77.6385812,12.9615504 77.6385183,12.9615558 77.6383237,12.9617652</coordinates></LinearRing></outerBoundaryIs></Polygon></MultiGeometry>
  </Placemark>
  <Placemark>
	<Style><LineStyle><color>ff0000ff</color></LineStyle><PolyStyle><fill>0</fill></PolyStyle></Style>
	<ExtendedData><SchemaData schemaUrl="#amenity_parking_bengaluru_urban">
		<SimpleData name="full_id">w166612472</SimpleData>
		<SimpleData name="osm_id">166612472</SimpleData>
		<SimpleData name="osm_type">way</SimpleData>
		<SimpleData name="amenity">parking</SimpleData>
	</SchemaData></ExtendedData>
      <MultiGeometry><Polygon><outerBoundaryIs><LinearRing><coordinates>77.5546569,12.9757061 77.555283,12.9757141 77.5553024,12.9760902 77.5553447,12.9762437 77.5549298,12.9762998 77.5546569,12.9757061</coordinates></LinearRing></outerBoundaryIs></Polygon></MultiGeometry>
  </Placemark>
  <Placemark>
	<Style><LineStyle><color>ff0000ff</color></LineStyle><PolyStyle><fill>0</fill></PolyStyle></Style>
	<ExtendedData><SchemaData schemaUrl="#amenity_parking_bengaluru_urban">
		<SimpleData name="full_id">w167606945</SimpleData>
		<SimpleData name="osm_id">167606945</SimpleData>
		<SimpleData name="osm_type">way</SimpleData>
		<SimpleData name="amenity">parking</SimpleData>
	</SchemaData></ExtendedData>
      <MultiGeometry><Polygon><outerBoundaryIs><LinearRing><coordinates>77.5653317,13.0290841 77.5654202,13.0294787 77.5659057,13.0293898 77.5657662,13.0289587 77.5653317,13.0290841</coordinates></LinearRing></outerBoundaryIs></Polygon></MultiGeometry>
  </Placemark>
  <Placemark>
	<Style><LineStyle><color>ff0000ff</color></LineStyle><PolyStyle><fill>0</fill></PolyStyle></Style>
	<ExtendedData><SchemaData schemaUrl="#amenity_parking_bengaluru_urban">
		<SimpleData name="full_id">w169454720</SimpleData>
		<SimpleData name="osm_id">169454720</SimpleData>
		<SimpleData name="osm_type">way</SimpleData>
		<SimpleData name="amenity">parking</SimpleData>
	</SchemaData></ExtendedData>
      <MultiGeometry><Polygon><outerBoundaryIs><LinearRing><coordinates>77.5701202,13.0294273 77.5704893,13.0290462 77.5705245,13.0290785 77.5701554,13.0294597 77.5701202,13.0294273</coordinates></LinearRing></outerBoundaryIs></Polygon></MultiGeometry>
  </Placemark>
  <Placemark>
	<Style><LineStyle><color>ff0000ff</color></LineStyle><PolyStyle><fill>0</fill></PolyStyle></Style>
	<ExtendedData><SchemaData schemaUrl="#amenity_parking_bengaluru_urban">
		<SimpleData name="full_id">w172891312</SimpleData>
		<SimpleData name="osm_id">172891312</SimpleData>
		<SimpleData name="osm_type">way</SimpleData>
		<SimpleData name="amenity">parking</SimpleData>
		<SimpleData name="parking">street_side</SimpleData>
	</SchemaData></ExtendedData>
      <MultiGeometry><Polygon><outerBoundaryIs><LinearRing><coordinates>77.5839269,12.9639541 77.5795501,12.9642992 77.5791031,12.9643088 77.5793777,12.9642478 77.5839296,12.9639055 77.5839269,12.9639541</coordinates></LinearRing></outerBoundaryIs></Polygon></MultiGeometry>
  </Placemark>
  <Placemark>
	<Style><LineStyle><color>ff0000ff</color></LineStyle><PolyStyle><fill>0</fill></PolyStyle></Style>
	<ExtendedData><SchemaData schemaUrl="#amenity_parking_bengaluru_urban">
		<SimpleData name="full_id">w175609255</SimpleData>
		<SimpleData name="osm_id">175609255</SimpleData>
		<SimpleData name="osm_type">way</SimpleData>
		<SimpleData name="amenity">parking</SimpleData>
		<SimpleData name="capacity">50</SimpleData>
		<SimpleData name="parking">surface</SimpleData>
	</SchemaData></ExtendedData>
      <MultiGeometry><Polygon><outerBoundaryIs><LinearRing><coordinates>77.5994696,12.896121 77.5993426,12.8957243 77.5987873,12.8958932 77.5989143,12.89629 77.5994696,12.896121</coordinates></LinearRing></outerBoundaryIs></Polygon></MultiGeometry>
  </Placemark>
  <Placemark>
	<Style><LineStyle><color>ff0000ff</color></LineStyle><PolyStyle><fill>0</fill></PolyStyle></Style>
	<ExtendedData><SchemaData schemaUrl="#amenity_parking_bengaluru_urban">
		<SimpleData name="full_id">w175609258</SimpleData>
		<SimpleData name="osm_id">175609258</SimpleData>
		<SimpleData name="osm_type">way</SimpleData>
		<SimpleData name="amenity">parking</SimpleData>
		<SimpleData name="parking">multi-storey</SimpleData>
		<SimpleData name="building">yes</SimpleData>
	</SchemaData></ExtendedData>
      <MultiGeometry><Polygon><outerBoundaryIs><LinearRing><coordinates>77.5981915,12.8952398 77.5981666,12.8952344 77.5981451,12.8952211 77.5981296,12.8952015 77.5981242,12.8951883 77.5981214,12.8951636 77.5981275,12.8951395 77.5981417,12.8951189 77.5981622,12.8951043 77.5981901,12.8950971 77.5981811,12.8950215 77.5982267,12.8948907 77.598275,12.894909 77.5982965,12.8948646 77.5982737,12.8948422 77.5982581,12.8948225 77.5982526,12.8948093 77.5982499,12.8947845 77.598256,12.8947603 77.5982702,12.8947396 77.5982909,12.8947249 77.5983189,12.8947177 77.5983443,12.8947205 77.5983671,12.8947317 77.5983796,12.8947431 77.5984005,12.8947784 77.5984861,12.8951224 77.5982678,12.8951683 77.5982634,12.8951927 77.5982508,12.8952142 77.5982313,12.8952302 77.5982074,12.8952387 77.5981915,12.8952398</coordinates></LinearRing></outerBoundaryIs></Polygon></MultiGeometry>
  </Placemark>
  <Placemark>
	<name>Food Bay and KFC Parking</name>
	<Style><LineStyle><color>ff0000ff</color></LineStyle><PolyStyle><fill>0</fill></PolyStyle></Style>
	<ExtendedData><SchemaData schemaUrl="#amenity_parking_bengaluru_urban">
		<SimpleData name="full_id">w175877124</SimpleData>
		<SimpleData name="osm_id">175877124</SimpleData>
		<SimpleData name="osm_type">way</SimpleData>
		<SimpleData name="amenity">parking</SimpleData>
	</SchemaData></ExtendedData>
      <MultiGeometry><Polygon><outerBoundaryIs><LinearRing><coordinates>77.569575,13.0321509 77.5697306,13.0322763 77.5698273,13.0321323 77.5696448,13.0320411 77.569575,13.0321509</coordinates></LinearRing></outerBoundaryIs></Polygon></MultiGeometry>
  </Placemark>
  <Placemark>
	<Style><LineStyle><color>ff0000ff</color></LineStyle><PolyStyle><fill>0</fill></PolyStyle></Style>
	<ExtendedData><SchemaData schemaUrl="#amenity_parking_bengaluru_urban">
		<SimpleData name="full_id">w176068554</SimpleData>
		<SimpleData name="osm_id">176068554</SimpleData>
		<SimpleData name="osm_type">way</SimpleData>
		<SimpleData name="amenity">parking</SimpleData>
		<SimpleData name="parking">surface</SimpleData>
	</SchemaData></ExtendedData>
      <MultiGeometry><Polygon><outerBoundaryIs><LinearRing><coordinates>77.6009905,13.0834156 77.6010045,13.0834553 77.600806,13.0835076 77.6007931,13.0834695 77.6009905,13.0834156</coordinates></LinearRing></outerBoundaryIs></Polygon></MultiGeometry>
  </Placemark>
  <Placemark>
	<Style><LineStyle><color>ff0000ff</color></LineStyle><PolyStyle><fill>0</fill></PolyStyle></Style>
	<ExtendedData><SchemaData schemaUrl="#amenity_parking_bengaluru_urban">
		<SimpleData name="full_id">w180969766</SimpleData>
		<SimpleData name="osm_id">180969766</SimpleData>
		<SimpleData name="osm_type">way</SimpleData>
		<SimpleData name="amenity">parking</SimpleData>
		<SimpleData name="parking">surface</SimpleData>
		<SimpleData name="access">private</SimpleData>
	</SchemaData></ExtendedData>
      <MultiGeometry><Polygon><outerBoundaryIs><LinearRing><coordinates>77.7234997,12.9729805 77.7234844,12.9727546 77.7232048,12.9727752 77.7231695,12.9723187 77.7245234,12.9722191 77.7245983,12.9731863 77.7241917,12.9732162 77.7241729,12.9729543 77.7234997,12.9729805</coordinates></LinearRing></outerBoundaryIs></Polygon></MultiGeometry>
  </Placemark>
  <Placemark>
	<Style><LineStyle><color>ff0000ff</color></LineStyle><PolyStyle><fill>0</fill></PolyStyle></Style>
	<ExtendedData><SchemaData schemaUrl="#amenity_parking_bengaluru_urban">
		<SimpleData name="full_id">w181282751</SimpleData>
		<SimpleData name="osm_id">181282751</SimpleData>
		<SimpleData name="osm_type">way</SimpleData>
		<SimpleData name="amenity">parking</SimpleData>
	</SchemaData></ExtendedData>
      <MultiGeometry><Polygon><outerBoundaryIs><LinearRing><coordinates>77.7227193,12.9750374 77.7219861,12.9750024 77.7219888,12.9748586 77.7216696,12.9748325 77.7216347,12.9739647 77.7221976,12.9739959 77.72278,12.9740274 77.7227193,12.9750374</coordinates></LinearRing></outerBoundaryIs></Polygon></MultiGeometry>
  </Placemark>
  <Placemark>
	<Style><LineStyle><color>ff0000ff</color></LineStyle><PolyStyle><fill>0</fill></PolyStyle></Style>
	<ExtendedData><SchemaData schemaUrl="#amenity_parking_bengaluru_urban">
		<SimpleData name="full_id">w181695499</SimpleData>
		<SimpleData name="osm_id">181695499</SimpleData>
		<SimpleData name="osm_type">way</SimpleData>
		<SimpleData name="amenity">parking</SimpleData>
		<SimpleData name="parking">street_side</SimpleData>
		<SimpleData name="access">private</SimpleData>
	</SchemaData></ExtendedData>
      <MultiGeometry><Polygon><outerBoundaryIs><LinearRing><coordinates>77.7166957,12.9804432 77.7166782,12.9803982 77.7167738,12.9803631 77.7167913,12.9804081 77.7166957,12.9804432</coordinates></LinearRing></outerBoundaryIs></Polygon></MultiGeometry>
  </Placemark>
  <Placemark>
	<Style><LineStyle><color>ff0000ff</color></LineStyle><PolyStyle><fill>0</fill></PolyStyle></Style>
	<ExtendedData><SchemaData schemaUrl="#amenity_parking_bengaluru_urban">
		<SimpleData name="full_id">w197122161</SimpleData>
		<SimpleData name="osm_id">197122161</SimpleData>
		<SimpleData name="osm_type">way</SimpleData>
		<SimpleData name="amenity">parking</SimpleData>
	</SchemaData></ExtendedData>
      <MultiGeometry><Polygon><outerBoundaryIs><LinearRing><coordinates>77.6042845,12.9342282 77.6045658,12.9342088 77.6045189,12.9335646 77.6043024,12.9335796 77.6042894,12.9334009 77.6039072,12.9335214 77.6039672,12.9342502 77.6042845,12.9342282</coordinates></LinearRing></outerBoundaryIs></Polygon></MultiGeometry>
  </Placemark>
  <Placemark>
	<Style><LineStyle><color>ff0000ff</color></LineStyle><PolyStyle><fill>0</fill></PolyStyle></Style>
	<ExtendedData><SchemaData schemaUrl="#amenity_parking_bengaluru_urban">
		<SimpleData name="full_id">w202289066</SimpleData>
		<SimpleData name="osm_id">202289066</SimpleData>
		<SimpleData name="osm_type">way</SimpleData>
		<SimpleData name="amenity">parking</SimpleData>
	</SchemaData></ExtendedData>
      <MultiGeometry><Polygon><outerBoundaryIs><LinearRing><coordinates>77.5831199,12.9845821 77.5829414,12.9844741 77.5835244,12.9843469 77.5835232,12.9847055 77.5832341,12.9847591 77.5831199,12.9845821</coordinates></LinearRing></outerBoundaryIs></Polygon></MultiGeometry>
  </Placemark>
  <Placemark>
	<Style><LineStyle><color>ff0000ff</color></LineStyle><PolyStyle><fill>0</fill></PolyStyle></Style>
	<ExtendedData><SchemaData schemaUrl="#amenity_parking_bengaluru_urban">
		<SimpleData name="full_id">w204638954</SimpleData>
		<SimpleData name="osm_id">204638954</SimpleData>
		<SimpleData name="osm_type">way</SimpleData>
		<SimpleData name="amenity">parking</SimpleData>
	</SchemaData></ExtendedData>
      <MultiGeometry><Polygon><outerBoundaryIs><LinearRing><coordinates>77.5195065,12.9021246 77.5195443,12.9021152 77.5194716,12.9018383 77.5194338,12.9018477 77.5195065,12.9021246</coordinates></LinearRing></outerBoundaryIs></Polygon></MultiGeometry>
  </Placemark>
  <Placemark>
	<Style><LineStyle><color>ff0000ff</color></LineStyle><PolyStyle><fill>0</fill></PolyStyle></Style>
	<ExtendedData><SchemaData schemaUrl="#amenity_parking_bengaluru_urban">
		<SimpleData name="full_id">w204638955</SimpleData>
		<SimpleData name="osm_id">204638955</SimpleData>
		<SimpleData name="osm_type">way</SimpleData>
		<SimpleData name="amenity">parking</SimpleData>
	</SchemaData></ExtendedData>
      <MultiGeometry><Polygon><outerBoundaryIs><LinearRing><coordinates>77.5195704,12.9021083 77.5194872,12.9018285 77.5195228,12.9018185 77.519606,12.9020983 77.5195704,12.9021083</coordinates></LinearRing></outerBoundaryIs></Polygon></MultiGeometry>
  </Placemark>
  <Placemark>
	<Style><LineStyle><color>ff0000ff</color></LineStyle><PolyStyle><fill>0</fill></PolyStyle></Style>
	<ExtendedData><SchemaData schemaUrl="#amenity_parking_bengaluru_urban">
		<SimpleData name="full_id">w207134130</SimpleData>
		<SimpleData name="osm_id">207134130</SimpleData>
		<SimpleData name="osm_type">way</SimpleData>
		<SimpleData name="amenity">parking</SimpleData>
		<SimpleData name="parking">surface</SimpleData>
		<SimpleData name="fee">yes</SimpleData>
	</SchemaData></ExtendedData>
      <MultiGeometry><Polygon><outerBoundaryIs><LinearRing><coordinates>77.6092396,12.9780338 77.6091527,12.9780837 77.6097641,12.9798662 77.610068,12.9806756 77.6101026,12.9804939 77.6096065,12.9791179 77.6092941,12.9782109 77.6092396,12.9780338</coordinates></LinearRing></outerBoundaryIs></Polygon></MultiGeometry>
  </Placemark>
  <Placemark>
	<Style><LineStyle><color>ff0000ff</color></LineStyle><PolyStyle><fill>0</fill></PolyStyle></Style>
	<ExtendedData><SchemaData schemaUrl="#amenity_parking_bengaluru_urban">
		<SimpleData name="full_id">w207134173</SimpleData>
		<SimpleData name="osm_id">207134173</SimpleData>
		<SimpleData name="osm_type">way</SimpleData>
		<SimpleData name="amenity">parking</SimpleData>
		<SimpleData name="parking">surface</SimpleData>
		<SimpleData name="fee">yes</SimpleData>
	</SchemaData></ExtendedData>
      <MultiGeometry><Polygon><outerBoundaryIs><LinearRing><coordinates>77.6094796,12.9799094 77.6096029,12.9799354 77.6090149,12.9783596 77.6089728,12.9784807 77.6094796,12.9799094</coordinates></LinearRing></outerBoundaryIs></Polygon></MultiGeometry>
  </Placemark>
  <Placemark>
	<Style><LineStyle><color>ff0000ff</color></LineStyle><PolyStyle><fill>0</fill></PolyStyle></Style>
	<ExtendedData><SchemaData schemaUrl="#amenity_parking_bengaluru_urban">
		<SimpleData name="full_id">w207134209</SimpleData>
		<SimpleData name="osm_id">207134209</SimpleData>
		<SimpleData name="osm_type">way</SimpleData>
		<SimpleData name="amenity">parking</SimpleData>
		<SimpleData name="parking">street_side</SimpleData>
		<SimpleData name="fee">yes</SimpleData>
	</SchemaData></ExtendedData>
      <MultiGeometry><Polygon><outerBoundaryIs><LinearRing><coordinates>77.6097916,12.9809872 77.6098001,12.9810094 77.6096748,12.9810552 77.6096662,12.981033 77.6097916,12.9809872</coordinates></LinearRing></outerBoundaryIs></Polygon></MultiGeometry>
  </Placemark>
  <Placemark>
	<Style><LineStyle><color>ff0000ff</color></LineStyle><PolyStyle><fill>0</fill></PolyStyle></Style>
	<ExtendedData><SchemaData schemaUrl="#amenity_parking_bengaluru_urban">
		<SimpleData name="full_id">w207134269</SimpleData>
		<SimpleData name="osm_id">207134269</SimpleData>
		<SimpleData name="osm_type">way</SimpleData>
		<SimpleData name="amenity">parking</SimpleData>
		<SimpleData name="parking">street_side</SimpleData>
		<SimpleData name="fee">yes</SimpleData>
	</SchemaData></ExtendedData>
      <MultiGeometry><Polygon><outerBoundaryIs><LinearRing><coordinates>77.6095309,12.981109 77.6095226,12.981089 77.6096389,12.9810432 77.6096472,12.9810632 77.6095309,12.981109</coordinates></LinearRing></outerBoundaryIs></Polygon></MultiGeometry>
  </Placemark>
  <Placemark>
	<name>MLCP</name>
	<Style><LineStyle><color>ff0000ff</color></LineStyle><PolyStyle><fill>0</fill></PolyStyle></Style>
	<ExtendedData><SchemaData schemaUrl="#amenity_parking_bengaluru_urban">
		<SimpleData name="full_id">w208960802</SimpleData>
		<SimpleData name="osm_id">208960802</SimpleData>
		<SimpleData name="osm_type">way</SimpleData>
		<SimpleData name="amenity">parking</SimpleData>
		<SimpleData name="parking">multi-storey</SimpleData>
		<SimpleData name="building">yes</SimpleData>
	</SchemaData></ExtendedData>
      <MultiGeometry><Polygon><outerBoundaryIs><LinearRing><coordinates>77.6196542,13.0497007 77.6197224,13.0499538 77.6196614,13.0500249 77.6197821,13.050456 77.6198639,13.0504789 77.6201476,13.0504064 77.6199278,13.0495907 77.6196983,13.0496495 77.6197083,13.0496868 77.6196542,13.0497007</coordinates></LinearRing></outerBoundaryIs></Polygon></MultiGeometry>
  </Placemark>
  <Placemark>
	<Style><LineStyle><color>ff0000ff</color></LineStyle><PolyStyle><fill>0</fill></PolyStyle></Style>
	<ExtendedData><SchemaData schemaUrl="#amenity_parking_bengaluru_urban">
		<SimpleData name="full_id">w222627441</SimpleData>
		<SimpleData name="osm_id">222627441</SimpleData>
		<SimpleData name="osm_type">way</SimpleData>
		<SimpleData name="amenity">parking</SimpleData>
		<SimpleData name="parking">surface</SimpleData>
	</SchemaData></ExtendedData>
      <MultiGeometry><Polygon><outerBoundaryIs><LinearRing><coordinates>77.57228,12.957106 77.5722866,12.956931 77.5725415,12.9569402 77.5725349,12.9571152 77.57228,12.957106</coordinates></LinearRing></outerBoundaryIs></Polygon></MultiGeometry>
  </Placemark>
  <Placemark>
	<name>Wipro MLCP</name>
	<Style><LineStyle><color>ff0000ff</color></LineStyle><PolyStyle><fill>0</fill></PolyStyle></Style>
	<ExtendedData><SchemaData schemaUrl="#amenity_parking_bengaluru_urban">
		<SimpleData name="full_id">w231339922</SimpleData>
		<SimpleData name="osm_id">231339922</SimpleData>
		<SimpleData name="osm_type">way</SimpleData>
		<SimpleData name="amenity">parking</SimpleData>
		<SimpleData name="parking">multi-storey</SimpleData>
	</SchemaData></ExtendedData>
      <MultiGeometry><Polygon><outerBoundaryIs><LinearRing><coordinates>77.6539084,12.8386843 77.6557094,12.8383697 77.655811,12.8389146 77.6556078,12.8389555 77.65432,12.8391944 77.6540303,12.8392551 77.6539084,12.8386843</coordinates></LinearRing></outerBoundaryIs></Polygon></MultiGeometry>
  </Placemark>
  <Placemark>
	<name>Wipro SEZ Car Parking</name>
	<Style><LineStyle><color>ff0000ff</color></LineStyle><PolyStyle><fill>0</fill></PolyStyle></Style>
	<ExtendedData><SchemaData schemaUrl="#amenity_parking_bengaluru_urban">
		<SimpleData name="full_id">w231339924</SimpleData>
		<SimpleData name="osm_id">231339924</SimpleData>
		<SimpleData name="osm_type">way</SimpleData>
		<SimpleData name="amenity">parking</SimpleData>
		<SimpleData name="capacity">100</SimpleData>
		<SimpleData name="parking">surface</SimpleData>
	</SchemaData></ExtendedData>
      <MultiGeometry><Polygon><outerBoundaryIs><LinearRing><coordinates>77.6534187,12.8390579 77.6534519,12.8384694 77.6534541,12.8384301 77.6534858,12.837868 77.6530494,12.8378447 77.6530016,12.8384889 77.6529471,12.8390159 77.6534187,12.8390579</coordinates></LinearRing></outerBoundaryIs></Polygon></MultiGeometry>
  </Placemark>
  <Placemark>
	<Style><LineStyle><color>ff0000ff</color></LineStyle><PolyStyle><fill>0</fill></PolyStyle></Style>
	<ExtendedData><SchemaData schemaUrl="#amenity_parking_bengaluru_urban">
		<SimpleData name="full_id">w231420223</SimpleData>
		<SimpleData name="osm_id">231420223</SimpleData>
		<SimpleData name="osm_type">way</SimpleData>
		<SimpleData name="amenity">parking</SimpleData>
		<SimpleData name="parking">multi-storey</SimpleData>
	</SchemaData></ExtendedData>
      <MultiGeometry><Polygon><outerBoundaryIs><LinearRing><coordinates>77.6616576,12.8451948 77.6616764,12.8449699 77.6616929,12.8449415 77.6617144,12.8449153 77.6617488,12.8448914 77.6617944,12.8448705 77.6618374,12.8448705 77.6618807,12.8448866 77.6619151,12.8449123 77.6619477,12.8449493 77.6619607,12.8449855 77.6619661,12.8450274 77.6619446,12.8452131 77.6619285,12.8452418 77.661891,12.8452784 77.6618565,12.8452919 77.6618136,12.8452998 77.6617814,12.8452998 77.6617542,12.8452889 77.6617224,12.8452736 77.6616925,12.8452497 77.6616576,12.8451948</coordinates></LinearRing></outerBoundaryIs></Polygon></MultiGeometry>
  </Placemark>
  <Placemark>
	<name>Infosys Car Parking</name>
	<Style><LineStyle><color>ff0000ff</color></LineStyle><PolyStyle><fill>0</fill></PolyStyle></Style>
	<ExtendedData><SchemaData schemaUrl="#amenity_parking_bengaluru_urban">
		<SimpleData name="full_id">w231526588</SimpleData>
		<SimpleData name="osm_id">231526588</SimpleData>
		<SimpleData name="osm_type">way</SimpleData>
		<SimpleData name="amenity">parking</SimpleData>
		<SimpleData name="capacity">50</SimpleData>
		<SimpleData name="wheelchair">yes</SimpleData>
		<SimpleData name="parking">surface</SimpleData>
	</SchemaData></ExtendedData>
      <MultiGeometry><Polygon><outerBoundaryIs><LinearRing><coordinates>77.6615861,12.8483467 77.662423,12.8482471 77.662841,12.8490896 77.6619753,12.8491495 77.6615861,12.8483467</coordinates></LinearRing></outerBoundaryIs></Polygon></MultiGeometry>
  </Placemark>
  <Placemark>
	<Style><LineStyle><color>ff0000ff</color></LineStyle><PolyStyle><fill>0</fill></PolyStyle></Style>
	<ExtendedData><SchemaData schemaUrl="#amenity_parking_bengaluru_urban">
		<SimpleData name="full_id">w231526698</SimpleData>
		<SimpleData name="osm_id">231526698</SimpleData>
		<SimpleData name="osm_type">way</SimpleData>
		<SimpleData name="amenity">parking</SimpleData>
		<SimpleData name="parking">multi-storey</SimpleData>
	</SchemaData></ExtendedData>
      <MultiGeometry><Polygon><outerBoundaryIs><LinearRing><coordinates>77.6639767,12.8509118 77.6639715,12.8504432 77.6639617,12.8503843 77.6625791,12.8505383 77.6626553,12.8510607 77.6639767,12.8509118</coordinates></LinearRing></outerBoundaryIs></Polygon></MultiGeometry>
  </Placemark>
  <Placemark>
	<Style><LineStyle><color>ff0000ff</color></LineStyle><PolyStyle><fill>0</fill></PolyStyle></Style>
	<ExtendedData><SchemaData schemaUrl="#amenity_parking_bengaluru_urban">
		<SimpleData name="full_id">w232207307</SimpleData>
		<SimpleData name="osm_id">232207307</SimpleData>
		<SimpleData name="osm_type">way</SimpleData>
		<SimpleData name="amenity">parking</SimpleData>
		<SimpleData name="parking">surface</SimpleData>
		<SimpleData name="fee">yes</SimpleData>
		<SimpleData name="access">customers</SimpleData>
	</SchemaData></ExtendedData>
      <MultiGeometry><Polygon><outerBoundaryIs><LinearRing><coordinates>77.5917198,12.9491436 77.5917029,12.949048 77.5916395,12.9490162 77.5915777,12.9489988 77.5914612,12.9489976 77.5910039,12.9490883 77.5908944,12.9491535 77.5907991,12.9492701 77.59,12.9494599 77.5900071,12.9494925 77.5917198,12.9491436</coordinates></LinearRing></outerBoundaryIs></Polygon></MultiGeometry>
  </Placemark>
  <Placemark>
	<Style><LineStyle><color>ff0000ff</color></LineStyle><PolyStyle><fill>0</fill></PolyStyle></Style>
	<ExtendedData><SchemaData schemaUrl="#amenity_parking_bengaluru_urban">
		<SimpleData name="full_id">w232894947</SimpleData>
		<SimpleData name="osm_id">232894947</SimpleData>
		<SimpleData name="osm_type">way</SimpleData>
		<SimpleData name="amenity">parking</SimpleData>
		<SimpleData name="parking">surface</SimpleData>
	</SchemaData></ExtendedData>
      <MultiGeometry><Polygon><outerBoundaryIs><LinearRing><coordinates>77.6844647,12.9285587 77.6833112,12.9285896 77.683306,12.9280014 77.6838327,12.9279948 77.6838297,12.9274899 77.683874,12.9274767 77.6838963,12.9274798 77.6839953,12.92736 77.6839527,12.927334 77.6839671,12.9272738 77.6844727,12.9272669 77.6844732,12.9273112 77.684592,12.9273107 77.684745,12.9273037 77.6847373,12.9274162 77.6846764,12.9274973 77.6846192,12.9275985 77.6845405,12.9277436 77.6844634,12.9279793 77.6844647,12.9285587</coordinates></LinearRing></outerBoundaryIs></Polygon></MultiGeometry>
  </Placemark>
  <Placemark>
	<name>Multi-Level Car Parking</name>
	<Style><LineStyle><color>ff0000ff</color></LineStyle><PolyStyle><fill>0</fill></PolyStyle></Style>
	<ExtendedData><SchemaData schemaUrl="#amenity_parking_bengaluru_urban">
		<SimpleData name="full_id">w233001392</SimpleData>
		<SimpleData name="osm_id">233001392</SimpleData>
		<SimpleData name="osm_type">way</SimpleData>
		<SimpleData name="amenity">parking</SimpleData>
		<SimpleData name="parking">multi-storey</SimpleData>
		<SimpleData name="building">yes</SimpleData>
		<SimpleData name="access">private</SimpleData>
	</SchemaData></ExtendedData>
      <MultiGeometry><Polygon><outerBoundaryIs><LinearRing><coordinates>77.6922842,12.9436708 77.692346,12.9437344 77.6923191,12.9437545 77.6924694,12.9439226 77.6924855,12.9439017 77.692566,12.9440062 77.6927884,12.9438251 77.6928476,12.9435122 77.6926772,12.9433446 77.6923958,12.9435635 77.6922842,12.9436708</coordinates></LinearRing></outerBoundaryIs></Polygon></MultiGeometry>
  </Placemark>
  <Placemark>
	<name>PSK Parking</name>
	<Style><LineStyle><color>ff0000ff</color></LineStyle><PolyStyle><fill>0</fill></PolyStyle></Style>
	<ExtendedData><SchemaData schemaUrl="#amenity_parking_bengaluru_urban">
		<SimpleData name="full_id">w233006516</SimpleData>
		<SimpleData name="osm_id">233006516</SimpleData>
		<SimpleData name="osm_type">way</SimpleData>
		<SimpleData name="amenity">parking</SimpleData>
		<SimpleData name="surface">compacted</SimpleData>
		<SimpleData name="parking">surface</SimpleData>
	</SchemaData></ExtendedData>
      <MultiGeometry><Polygon><outerBoundaryIs><LinearRing><coordinates>77.6841813,12.9312547 77.6842128,12.9308229 77.6842149,12.9307937 77.6847465,12.9308576 77.684691,12.9310864 77.684658,12.9312929 77.6841813,12.9312547</coordinates></LinearRing></outerBoundaryIs></Polygon></MultiGeometry>
  </Placemark>
  <Placemark>
	<Style><LineStyle><color>ff0000ff</color></LineStyle><PolyStyle><fill>0</fill></PolyStyle></Style>
	<ExtendedData><SchemaData schemaUrl="#amenity_parking_bengaluru_urban">
		<SimpleData name="full_id">w233019218</SimpleData>
		<SimpleData name="osm_id">233019218</SimpleData>
		<SimpleData name="osm_type">way</SimpleData>
		<SimpleData name="amenity">parking</SimpleData>
		<SimpleData name="parking">multi-storey</SimpleData>
		<SimpleData name="building">parking</SimpleData>
	</SchemaData></ExtendedData>
      <MultiGeometry><Polygon><outerBoundaryIs><LinearRing><coordinates>77.6823675,12.9204146 77.6823781,12.9203825 77.6823778,12.9203525 77.6823695,12.9203264 77.682346,12.9202952 77.6823134,12.9202756 77.6822858,12.9202695 77.6822516,12.9202722 77.6822228,12.9202844 77.6821923,12.9203133 77.6821796,12.9203393 77.6821754,12.9203758 77.682182,12.9204045 77.6821953,12.9204279 77.6822181,12.9206821 77.6822209,12.9207134 77.6822695,12.9212458 77.6822723,12.9212797 77.6822758,12.9213263 77.6822633,12.921352 77.6822592,12.9213881 77.6822657,12.9214165 77.6822788,12.9214396 77.6823106,12.9214667 77.6823345,12.9214761 77.6823653,12.921479 77.6823978,12.9214719 77.6824273,12.9214539 77.6824491,12.9214265 77.6824596,12.9213947 77.6824593,12.9213651 77.6824511,12.9213393 77.6824278,12.9213084 77.6823675,12.9204146</coordinates></LinearRing></outerBoundaryIs></Polygon></MultiGeometry>
  </Placemark>
  <Placemark>
	<Style><LineStyle><color>ff0000ff</color></LineStyle><PolyStyle><fill>0</fill></PolyStyle></Style>
	<ExtendedData><SchemaData schemaUrl="#amenity_parking_bengaluru_urban">
		<SimpleData name="full_id">w233254175</SimpleData>
		<SimpleData name="osm_id">233254175</SimpleData>
		<SimpleData name="osm_type">way</SimpleData>
		<SimpleData name="amenity">parking</SimpleData>
		<SimpleData name="parking">multi-storey</SimpleData>
		<SimpleData name="building">parking</SimpleData>
	</SchemaData></ExtendedData>
      <MultiGeometry><Polygon><outerBoundaryIs><LinearRing><coordinates>77.6838038,12.9150884 77.6836894,12.9151167 77.6837276,12.9152632 77.6835342,12.9153095 77.6835138,12.9152314 77.683351,12.9152718 77.6833393,12.915227 77.6831326,12.9152783 77.6830887,12.9151102 77.6833989,12.9150332 77.6833869,12.9149872 77.6835521,12.9149462 77.6835631,12.9149885 77.6837405,12.9149445 77.6837541,12.9149965 77.6837782,12.9149906 77.6838038,12.9150884</coordinates></LinearRing></outerBoundaryIs></Polygon></MultiGeometry>
  </Placemark>
  <Placemark>
	<name>Live100 Parking</name>
	<Style><LineStyle><color>ff0000ff</color></LineStyle><PolyStyle><fill>0</fill></PolyStyle></Style>
	<ExtendedData><SchemaData schemaUrl="#amenity_parking_bengaluru_urban">
		<SimpleData name="full_id">w236976152</SimpleData>
		<SimpleData name="osm_id">236976152</SimpleData>
		<SimpleData name="osm_type">way</SimpleData>
		<SimpleData name="amenity">parking</SimpleData>
		<SimpleData name="parking">surface</SimpleData>
	</SchemaData></ExtendedData>
      <MultiGeometry><Polygon><outerBoundaryIs><LinearRing><coordinates>77.6453553,12.8790359 77.6453053,12.878826 77.6459973,12.878673 77.6458415,12.8789232 77.6453553,12.8790359</coordinates></LinearRing></outerBoundaryIs></Polygon></MultiGeometry>
  </Placemark>
  <Placemark>
	<Style><LineStyle><color>ff0000ff</color></LineStyle><PolyStyle><fill>0</fill></PolyStyle></Style>
	<ExtendedData><SchemaData schemaUrl="#amenity_parking_bengaluru_urban">
		<SimpleData name="full_id">w249189323</SimpleData>
		<SimpleData name="osm_id">249189323</SimpleData>
		<SimpleData name="osm_type">way</SimpleData>
		<SimpleData name="amenity">parking</SimpleData>
		<SimpleData name="parking">surface</SimpleData>
		<SimpleData name="access">permissive</SimpleData>
	</SchemaData></ExtendedData>
      <MultiGeometry><Polygon><outerBoundaryIs><LinearRing><coordinates>77.5860657,13.058564 77.5860138,13.0582963 77.5860233,13.0582948 77.5861826,13.0582694 77.5862944,13.0582516 77.5863497,13.0585161 77.5860657,13.058564</coordinates></LinearRing></outerBoundaryIs></Polygon></MultiGeometry>
  </Placemark>
  <Placemark>
	<Style><LineStyle><color>ff0000ff</color></LineStyle><PolyStyle><fill>0</fill></PolyStyle></Style>
	<ExtendedData><SchemaData schemaUrl="#amenity_parking_bengaluru_urban">
		<SimpleData name="full_id">w251480431</SimpleData>
		<SimpleData name="osm_id">251480431</SimpleData>
		<SimpleData name="osm_type">way</SimpleData>
		<SimpleData name="amenity">parking</SimpleData>
		<SimpleData name="capacity">3</SimpleData>
		<SimpleData name="supervised">yes</SimpleData>
		<SimpleData name="parking">surface</SimpleData>
		<SimpleData name="fee">no</SimpleData>
		<SimpleData name="access">permissive</SimpleData>
	</SchemaData></ExtendedData>
      <MultiGeometry><Polygon><outerBoundaryIs><LinearRing><coordinates>77.7650932,13.0210697 77.7651536,13.0210527 77.7651657,13.0210906 77.765104,13.0211089 77.7650932,13.0210697</coordinates></LinearRing></outerBoundaryIs></Polygon></MultiGeometry>
  </Placemark>
  <Placemark>
	<name>High Court Public Parking Area</name>
	<Style><LineStyle><color>ff0000ff</color></LineStyle><PolyStyle><fill>0</fill></PolyStyle></Style>
	<ExtendedData><SchemaData schemaUrl="#amenity_parking_bengaluru_urban">
		<SimpleData name="full_id">w251490227</SimpleData>
		<SimpleData name="osm_id">251490227</SimpleData>
		<SimpleData name="osm_type">way</SimpleData>
		<SimpleData name="amenity">parking</SimpleData>
		<SimpleData name="supervised">no</SimpleData>
		<SimpleData name="parking">surface</SimpleData>
		<SimpleData name="fee">no</SimpleData>
	</SchemaData></ExtendedData>
      <MultiGeometry><Polygon><outerBoundaryIs><LinearRing><coordinates>77.5932747,12.9792143 77.5929408,12.979522 77.5931118,12.9798297 77.5934035,12.9795347 77.5936771,12.9797908 77.593653,12.9799633 77.5935511,12.9800836 77.593484,12.9801829 77.593484,12.9802848 77.5935056,12.9803294 77.5938327,12.9807135 77.5940714,12.9804625 77.5942565,12.9802874 77.5941948,12.9800966 77.5942043,12.9798237 77.5943048,12.9796758 77.5943986,12.9795608 77.594581,12.9793256 77.5942967,12.9790642 77.5940499,12.9788813 77.5938863,12.9789335 77.5936154,12.97914 77.5933878,12.9793259 77.5932747,12.9792143</coordinates></LinearRing></outerBoundaryIs></Polygon></MultiGeometry>
  </Placemark>
  <Placemark>
	<name>Yeswantapur Station Parking</name>
	<Style><LineStyle><color>ff0000ff</color></LineStyle><PolyStyle><fill>0</fill></PolyStyle></Style>
	<ExtendedData><SchemaData schemaUrl="#amenity_parking_bengaluru_urban">
		<SimpleData name="full_id">w255666698</SimpleData>
		<SimpleData name="osm_id">255666698</SimpleData>
		<SimpleData name="osm_type">way</SimpleData>
		<SimpleData name="amenity">parking</SimpleData>
	</SchemaData></ExtendedData>
      <MultiGeometry><Polygon><outerBoundaryIs><LinearRing><coordinates>77.5505854,13.0240474 77.5504969,13.0239912 77.5501331,13.0244887 77.5504098,13.024638 77.5504835,13.0244499 77.5503835,13.0244043 77.5505854,13.0240474</coordinates></LinearRing></outerBoundaryIs></Polygon></MultiGeometry>
  </Placemark>
  <Placemark>
	<name>Infosys Car Parking</name>
	<Style><LineStyle><color>ff0000ff</color></LineStyle><PolyStyle><fill>0</fill></PolyStyle></Style>
	<ExtendedData><SchemaData schemaUrl="#amenity_parking_bengaluru_urban">
		<SimpleData name="full_id">w257478116</SimpleData>
		<SimpleData name="osm_id">257478116</SimpleData>
		<SimpleData name="osm_type">way</SimpleData>
		<SimpleData name="amenity">parking</SimpleData>
		<SimpleData name="name:kn">ಇನ್ಫೋಸಿಸ್ ಕಾರ್ ಪಾರ್ಕಿಂಗ್</SimpleData>
		<SimpleData name="parking">surface</SimpleData>
	</SchemaData></ExtendedData>
      <MultiGeometry><Polygon><outerBoundaryIs><LinearRing><coordinates>77.6603118,12.8423943 77.6602581,12.8429507 77.6593741,12.8428696 77.6594277,12.8423133 77.6603118,12.8423943</coordinates></LinearRing></outerBoundaryIs></Polygon></MultiGeometry>
  </Placemark>
  <Placemark>
	<Style><LineStyle><color>ff0000ff</color></LineStyle><PolyStyle><fill>0</fill></PolyStyle></Style>
	<ExtendedData><SchemaData schemaUrl="#amenity_parking_bengaluru_urban">
		<SimpleData name="full_id">w269121851</SimpleData>
		<SimpleData name="osm_id">269121851</SimpleData>
		<SimpleData name="osm_type">way</SimpleData>
		<SimpleData name="amenity">parking</SimpleData>
	</SchemaData></ExtendedData>
      <MultiGeometry><Polygon><outerBoundaryIs><LinearRing><coordinates>77.728639,12.9831576 77.7285385,12.9828731 77.728893,12.9827542 77.7289935,12.9830386 77.728639,12.9831576</coordinates></LinearRing></outerBoundaryIs></Polygon></MultiGeometry>
  </Placemark>
  <Placemark>
	<Style><LineStyle><color>ff0000ff</color></LineStyle><PolyStyle><fill>0</fill></PolyStyle></Style>
	<ExtendedData><SchemaData schemaUrl="#amenity_parking_bengaluru_urban">
		<SimpleData name="full_id">w278603897</SimpleData>
		<SimpleData name="osm_id">278603897</SimpleData>
		<SimpleData name="osm_type">way</SimpleData>
		<SimpleData name="amenity">parking</SimpleData>
	</SchemaData></ExtendedData>
      <MultiGeometry><Polygon><outerBoundaryIs><LinearRing><coordinates>77.5852187,13.0686215 77.5858571,13.068632 77.5863292,13.0692904 77.5860019,13.0694942 77.5852134,13.0690134 77.5852187,13.0686215</coordinates></LinearRing></outerBoundaryIs></Polygon></MultiGeometry>
  </Placemark>
  <Placemark>
	<Style><LineStyle><color>ff0000ff</color></LineStyle><PolyStyle><fill>0</fill></PolyStyle></Style>
	<ExtendedData><SchemaData schemaUrl="#amenity_parking_bengaluru_urban">
		<SimpleData name="full_id">w286098653</SimpleData>
		<SimpleData name="osm_id">286098653</SimpleData>
		<SimpleData name="osm_type">way</SimpleData>
		<SimpleData name="amenity">parking</SimpleData>
	</SchemaData></ExtendedData>
      <MultiGeometry><Polygon><outerBoundaryIs><LinearRing><coordinates>77.5671142,13.0290965 77.5670972,13.0289959 77.568265,13.0288089 77.5682822,13.0289111 77.5677789,13.0289917 77.5677706,13.0289423 77.5675029,13.0289851 77.5675109,13.029033 77.5671142,13.0290965</coordinates></LinearRing></outerBoundaryIs></Polygon></MultiGeometry>
  </Placemark>
  <Placemark>
	<Style><LineStyle><color>ff0000ff</color></LineStyle><PolyStyle><fill>0</fill></PolyStyle></Style>
	<ExtendedData><SchemaData schemaUrl="#amenity_parking_bengaluru_urban">
		<SimpleData name="full_id">w319103169</SimpleData>
		<SimpleData name="osm_id">319103169</SimpleData>
		<SimpleData name="osm_type">way</SimpleData>
		<SimpleData name="amenity">parking</SimpleData>
		<SimpleData name="surface">ground</SimpleData>
		<SimpleData name="supervised">no</SimpleData>
		<SimpleData name="parking">surface</SimpleData>
		<SimpleData name="fee">no</SimpleData>
	</SchemaData></ExtendedData>
      <MultiGeometry><Polygon><outerBoundaryIs><LinearRing><coordinates>77.675971,12.9146838 77.6760385,12.9148685 77.6759408,12.9149025 77.6758732,12.9147177 77.675971,12.9146838</coordinates></LinearRing></outerBoundaryIs></Polygon></MultiGeometry>
  </Placemark>
  <Placemark>
	<Style><LineStyle><color>ff0000ff</color></LineStyle><PolyStyle><fill>0</fill></PolyStyle></Style>
	<ExtendedData><SchemaData schemaUrl="#amenity_parking_bengaluru_urban">
		<SimpleData name="full_id">w323098734</SimpleData>
		<SimpleData name="osm_id">323098734</SimpleData>
		<SimpleData name="osm_type">way</SimpleData>
		<SimpleData name="amenity">parking</SimpleData>
	</SchemaData></ExtendedData>
      <MultiGeometry><Polygon><outerBoundaryIs><LinearRing><coordinates>77.6559626,12.9569346 77.6560855,12.9569043 77.6561447,12.9571325 77.6560218,12.9571628 77.6559626,12.9569346</coordinates></LinearRing></outerBoundaryIs></Polygon></MultiGeometry>
  </Placemark>
  <Placemark>
	<Style><LineStyle><color>ff0000ff</color></LineStyle><PolyStyle><fill>0</fill></PolyStyle></Style>
	<ExtendedData><SchemaData schemaUrl="#amenity_parking_bengaluru_urban">
		<SimpleData name="full_id">w323217758</SimpleData>
		<SimpleData name="osm_id">323217758</SimpleData>
		<SimpleData name="osm_type">way</SimpleData>
		<SimpleData name="amenity">parking</SimpleData>
	</SchemaData></ExtendedData>
      <MultiGeometry><Polygon><outerBoundaryIs><LinearRing><coordinates>77.6563249,12.9587748 77.656252,12.9587897 77.6560871,12.9580588 77.656153,12.9580404 77.6563249,12.9587748</coordinates></LinearRing></outerBoundaryIs></Polygon></MultiGeometry>
  </Placemark>
  <Placemark>
	<Style><LineStyle><color>ff0000ff</color></LineStyle><PolyStyle><fill>0</fill></PolyStyle></Style>
	<ExtendedData><SchemaData schemaUrl="#amenity_parking_bengaluru_urban">
		<SimpleData name="full_id">w323958758</SimpleData>
		<SimpleData name="osm_id">323958758</SimpleData>
		<SimpleData name="osm_type">way</SimpleData>
		<SimpleData name="amenity">parking</SimpleData>
		<SimpleData name="parking">lane</SimpleData>
	</SchemaData></ExtendedData>
      <MultiGeometry><Polygon><outerBoundaryIs><LinearRing><coordinates>77.5954424,12.9751703 77.5955056,12.9752226 77.5955554,12.9752638 77.5947251,12.9760562 77.5946636,12.9759937 77.5946096,12.975939 77.5954424,12.9751703</coordinates></LinearRing></outerBoundaryIs></Polygon></MultiGeometry>
  </Placemark>
  <Placemark>
	<Style><LineStyle><color>ff0000ff</color></LineStyle><PolyStyle><fill>0</fill></PolyStyle></Style>
	<ExtendedData><SchemaData schemaUrl="#amenity_parking_bengaluru_urban">
		<SimpleData name="full_id">w324204459</SimpleData>
		<SimpleData name="osm_id">324204459</SimpleData>
		<SimpleData name="osm_type">way</SimpleData>
		<SimpleData name="amenity">parking</SimpleData>
	</SchemaData></ExtendedData>
      <MultiGeometry><Polygon><outerBoundaryIs><LinearRing><coordinates>77.5700618,12.9671814 77.5695415,12.9671814 77.5695469,12.9668834 77.5700511,12.9668939 77.5700618,12.9671814</coordinates></LinearRing></outerBoundaryIs></Polygon></MultiGeometry>
  </Placemark>
  <Placemark>
	<Style><LineStyle><color>ff0000ff</color></LineStyle><PolyStyle><fill>0</fill></PolyStyle></Style>
	<ExtendedData><SchemaData schemaUrl="#amenity_parking_bengaluru_urban">
		<SimpleData name="full_id">w327539801</SimpleData>
		<SimpleData name="osm_id">327539801</SimpleData>
		<SimpleData name="osm_type">way</SimpleData>
		<SimpleData name="amenity">parking</SimpleData>
	</SchemaData></ExtendedData>
      <MultiGeometry><Polygon><outerBoundaryIs><LinearRing><coordinates>77.5991396,12.9775723 77.5990411,12.9778393 77.599256,12.9779004 77.5994493,12.9778411 77.5994977,12.9777084 77.5991396,12.9775723</coordinates></LinearRing></outerBoundaryIs></Polygon></MultiGeometry>
  </Placemark>
  <Placemark>
	<Style><LineStyle><color>ff0000ff</color></LineStyle><PolyStyle><fill>0</fill></PolyStyle></Style>
	<ExtendedData><SchemaData schemaUrl="#amenity_parking_bengaluru_urban">
		<SimpleData name="full_id">w327542013</SimpleData>
		<SimpleData name="osm_id">327542013</SimpleData>
		<SimpleData name="osm_type">way</SimpleData>
		<SimpleData name="amenity">parking</SimpleData>
	</SchemaData></ExtendedData>
      <MultiGeometry><Polygon><outerBoundaryIs><LinearRing><coordinates>77.600664,12.974727 77.6008663,12.9754685 77.6011823,12.9754423 77.6011035,12.9750253 77.6013846,12.974952 77.6013402,12.9746452 77.600664,12.974727</coordinates></LinearRing></outerBoundaryIs></Polygon></MultiGeometry>
  </Placemark>
  <Placemark>
	<Style><LineStyle><color>ff0000ff</color></LineStyle><PolyStyle><fill>0</fill></PolyStyle></Style>
	<ExtendedData><SchemaData schemaUrl="#amenity_parking_bengaluru_urban">
		<SimpleData name="full_id">w330181554</SimpleData>
		<SimpleData name="osm_id">330181554</SimpleData>
		<SimpleData name="osm_type">way</SimpleData>
		<SimpleData name="amenity">parking</SimpleData>
		<SimpleData name="capacity">50</SimpleData>
		<SimpleData name="parking">surface</SimpleData>
		<SimpleData name="access">private</SimpleData>
	</SchemaData></ExtendedData>
      <MultiGeometry><Polygon><outerBoundaryIs><LinearRing><coordinates>77.6820878,12.9632228 77.6821561,12.9631967 77.6821226,12.963113 77.6820904,12.9630176 77.6820824,12.9629353 77.6820904,12.9628242 77.6821065,12.9627393 77.6821347,12.9626608 77.6821749,12.9625877 77.6820931,12.9625432 77.6820422,12.962521 77.6819805,12.9626099 77.6819563,12.962687 77.6819469,12.9628242 77.681955,12.9629732 77.6819952,12.9629654 77.6820046,12.9630438 77.6820368,12.96313 77.6820878,12.9632228</coordinates></LinearRing></outerBoundaryIs></Polygon></MultiGeometry>
  </Placemark>
  <Placemark>
	<Style><LineStyle><color>ff0000ff</color></LineStyle><PolyStyle><fill>0</fill></PolyStyle></Style>
	<ExtendedData><SchemaData schemaUrl="#amenity_parking_bengaluru_urban">
		<SimpleData name="full_id">w332907585</SimpleData>
		<SimpleData name="osm_id">332907585</SimpleData>
		<SimpleData name="osm_type">way</SimpleData>
		<SimpleData name="amenity">parking</SimpleData>
	</SchemaData></ExtendedData>
      <MultiGeometry><Polygon><outerBoundaryIs><LinearRing><coordinates>77.6002223,12.9772682 77.6003695,12.9772574 77.6002686,12.976784 77.6002111,12.9767879 77.6002405,12.9771606 77.6002223,12.9772682</coordinates></LinearRing></outerBoundaryIs></Polygon></MultiGeometry>
  </Placemark>
  <Placemark>
	<Style><LineStyle><color>ff0000ff</color></LineStyle><PolyStyle><fill>0</fill></PolyStyle></Style>
	<ExtendedData><SchemaData schemaUrl="#amenity_parking_bengaluru_urban">
		<SimpleData name="full_id">w335170908</SimpleData>
		<SimpleData name="osm_id">335170908</SimpleData>
		<SimpleData name="osm_type">way</SimpleData>
		<SimpleData name="amenity">parking</SimpleData>
	</SchemaData></ExtendedData>
      <MultiGeometry><Polygon><outerBoundaryIs><LinearRing><coordinates>77.5888588,12.9995786 77.589097,12.9992054 77.5893706,12.999012 77.5893518,12.9981652 77.5896892,12.9981696 77.5898347,13.0001247 77.5888647,13.0002402 77.5888588,12.9995786</coordinates></LinearRing></outerBoundaryIs></Polygon></MultiGeometry>
  </Placemark>
  <Placemark>
	<Style><LineStyle><color>ff0000ff</color></LineStyle><PolyStyle><fill>0</fill></PolyStyle></Style>
	<ExtendedData><SchemaData schemaUrl="#amenity_parking_bengaluru_urban">
		<SimpleData name="full_id">w335369724</SimpleData>
		<SimpleData name="osm_id">335369724</SimpleData>
		<SimpleData name="osm_type">way</SimpleData>
		<SimpleData name="amenity">parking</SimpleData>
	</SchemaData></ExtendedData>
      <MultiGeometry><Polygon><outerBoundaryIs><LinearRing><coordinates>77.5919626,12.9491325 77.5920217,12.9492665 77.5922303,12.9491947 77.5924142,12.9492985 77.5929926,12.9490249 77.5928159,12.9487112 77.5919626,12.9491325</coordinates></LinearRing></outerBoundaryIs></Polygon></MultiGeometry>
  </Placemark>
  <Placemark>
	<Style><LineStyle><color>ff0000ff</color></LineStyle><PolyStyle><fill>0</fill></PolyStyle></Style>
	<ExtendedData><SchemaData schemaUrl="#amenity_parking_bengaluru_urban">
		<SimpleData name="full_id">w335369725</SimpleData>
		<SimpleData name="osm_id">335369725</SimpleData>
		<SimpleData name="osm_type">way</SimpleData>
		<SimpleData name="amenity">parking</SimpleData>
		<SimpleData name="wheelchair">yes</SimpleData>
	</SchemaData></ExtendedData>
      <MultiGeometry><Polygon><outerBoundaryIs><LinearRing><coordinates>77.5874943,12.9492814 77.5875061,12.9493259 77.5875242,12.949394 77.588168,12.9492313 77.5881498,12.9491631 77.588138,12.9491186 77.5874943,12.9492814</coordinates></LinearRing></outerBoundaryIs></Polygon></MultiGeometry>
  </Placemark>
  <Placemark>
	<Style><LineStyle><color>ff0000ff</color></LineStyle><PolyStyle><fill>0</fill></PolyStyle></Style>
	<ExtendedData><SchemaData schemaUrl="#amenity_parking_bengaluru_urban">
		<SimpleData name="full_id">w335704461</SimpleData>
		<SimpleData name="osm_id">335704461</SimpleData>
		<SimpleData name="osm_type">way</SimpleData>
		<SimpleData name="amenity">parking</SimpleData>
	</SchemaData></ExtendedData>
      <MultiGeometry><Polygon><outerBoundaryIs><LinearRing><coordinates>77.5754741,12.9405228 77.576738,12.940481 77.5767401,12.9405354 77.5754805,12.9405709 77.5754741,12.9405228</coordinates></LinearRing></outerBoundaryIs></Polygon></MultiGeometry>
  </Placemark>
  <Placemark>
	<Style><LineStyle><color>ff0000ff</color></LineStyle><PolyStyle><fill>0</fill></PolyStyle></Style>
	<ExtendedData><SchemaData schemaUrl="#amenity_parking_bengaluru_urban">
		<SimpleData name="full_id">w338941356</SimpleData>
		<SimpleData name="osm_id">338941356</SimpleData>
		<SimpleData name="osm_type">way</SimpleData>
		<SimpleData name="amenity">parking</SimpleData>
	</SchemaData></ExtendedData>
      <MultiGeometry><Polygon><outerBoundaryIs><LinearRing><coordinates>77.5907693,12.9809957 77.5908968,12.9811051 77.5909672,12.9811311 77.5910871,12.9811218 77.5911689,12.9810662 77.5919738,12.9803486 77.5920322,12.9804066 77.5920884,12.9804623 77.5908644,12.9815607 77.5908143,12.98151 77.590693,12.9813871 77.5907693,12.9812739 77.5908035,12.9811571 77.5907921,12.9810625 77.5907693,12.9809957</coordinates></LinearRing></outerBoundaryIs></Polygon></MultiGeometry>
  </Placemark>
  <Placemark>
	<Style><LineStyle><color>ff0000ff</color></LineStyle><PolyStyle><fill>0</fill></PolyStyle></Style>
	<ExtendedData><SchemaData schemaUrl="#amenity_parking_bengaluru_urban">
		<SimpleData name="full_id">w338941357</SimpleData>
		<SimpleData name="osm_id">338941357</SimpleData>
		<SimpleData name="osm_type">way</SimpleData>
		<SimpleData name="amenity">parking</SimpleData>
		<SimpleData name="parking">surface</SimpleData>
		<SimpleData name="access">permissive</SimpleData>
	</SchemaData></ExtendedData>
      <MultiGeometry><Polygon><outerBoundaryIs><LinearRing><coordinates>77.5890907,12.9796614 77.5887499,12.9808356 77.5880854,12.9801097 77.5880775,12.9799417 77.5886079,12.9794351 77.5890907,12.9796614</coordinates></LinearRing></outerBoundaryIs></Polygon></MultiGeometry>
  </Placemark>
  <Placemark>
	<name>Visitor Car parking</name>
	<Style><LineStyle><color>ff0000ff</color></LineStyle><PolyStyle><fill>0</fill></PolyStyle></Style>
	<ExtendedData><SchemaData schemaUrl="#amenity_parking_bengaluru_urban">
		<SimpleData name="full_id">w341969207</SimpleData>
		<SimpleData name="osm_id">341969207</SimpleData>
		<SimpleData name="osm_type">way</SimpleData>
		<SimpleData name="amenity">parking</SimpleData>
	</SchemaData></ExtendedData>
      <MultiGeometry><Polygon><outerBoundaryIs><LinearRing><coordinates>77.7493726,13.0632329 77.7495354,13.0632304 77.7495364,13.0631697 77.7493721,13.0631736 77.7493726,13.0632329</coordinates></LinearRing></outerBoundaryIs></Polygon></MultiGeometry>
  </Placemark>
  <Placemark>
	<name>Car Parking</name>
	<Style><LineStyle><color>ff0000ff</color></LineStyle><PolyStyle><fill>0</fill></PolyStyle></Style>
	<ExtendedData><SchemaData schemaUrl="#amenity_parking_bengaluru_urban">
		<SimpleData name="full_id">w341969980</SimpleData>
		<SimpleData name="osm_id">341969980</SimpleData>
		<SimpleData name="osm_type">way</SimpleData>
		<SimpleData name="amenity">parking</SimpleData>
	</SchemaData></ExtendedData>
      <MultiGeometry><Polygon><outerBoundaryIs><LinearRing><coordinates>77.7488946,13.0634054 77.748895,13.0633573 77.7491488,13.0633577 77.7491496,13.0634026 77.7488946,13.0634054</coordinates></LinearRing></outerBoundaryIs></Polygon></MultiGeometry>
  </Placemark>
  <Placemark>
	<Style><LineStyle><color>ff0000ff</color></LineStyle><PolyStyle><fill>0</fill></PolyStyle></Style>
	<ExtendedData><SchemaData schemaUrl="#amenity_parking_bengaluru_urban">
		<SimpleData name="full_id">w342013495</SimpleData>
		<SimpleData name="osm_id">342013495</SimpleData>
		<SimpleData name="osm_type">way</SimpleData>
		<SimpleData name="amenity">parking</SimpleData>
		<SimpleData name="supervised">yes</SimpleData>
		<SimpleData name="parking">surface</SimpleData>
	</SchemaData></ExtendedData>
      <MultiGeometry><Polygon><outerBoundaryIs><LinearRing><coordinates>77.6182408,12.929107 77.6181431,12.9288661 77.6203801,12.9280243 77.6204817,12.9282394 77.6182408,12.929107</coordinates></LinearRing></outerBoundaryIs></Polygon></MultiGeometry>
  </Placemark>
  <Placemark>
	<Style><LineStyle><color>ff0000ff</color></LineStyle><PolyStyle><fill>0</fill></PolyStyle></Style>
	<ExtendedData><SchemaData schemaUrl="#amenity_parking_bengaluru_urban">
		<SimpleData name="full_id">w342018504</SimpleData>
		<SimpleData name="osm_id">342018504</SimpleData>
		<SimpleData name="osm_type">way</SimpleData>
		<SimpleData name="amenity">parking</SimpleData>
	</SchemaData></ExtendedData>
      <MultiGeometry><Polygon><outerBoundaryIs><LinearRing><coordinates>77.5644725,13.0139044 77.564647,13.0135463 77.5652131,13.0138083 77.5650386,13.0141664 77.5644725,13.0139044</coordinates></LinearRing></outerBoundaryIs></Polygon></MultiGeometry>
  </Placemark>
  <Placemark>
	<Style><LineStyle><color>ff0000ff</color></LineStyle><PolyStyle><fill>0</fill></PolyStyle></Style>
	<ExtendedData><SchemaData schemaUrl="#amenity_parking_bengaluru_urban">
		<SimpleData name="full_id">w343683117</SimpleData>
		<SimpleData name="osm_id">343683117</SimpleData>
		<SimpleData name="osm_type">way</SimpleData>
		<SimpleData name="amenity">parking</SimpleData>
		<SimpleData name="access">permit</SimpleData>
	</SchemaData></ExtendedData>
      <MultiGeometry><Polygon><outerBoundaryIs><LinearRing><coordinates>77.6432842,12.9725006 77.6436964,12.9725103 77.6437025,12.9722612 77.6432904,12.9722515 77.6432842,12.9725006</coordinates></LinearRing></outerBoundaryIs></Polygon></MultiGeometry>
  </Placemark>
  <Placemark>
	<Style><LineStyle><color>ff0000ff</color></LineStyle><PolyStyle><fill>0</fill></PolyStyle></Style>
	<ExtendedData><SchemaData schemaUrl="#amenity_parking_bengaluru_urban">
		<SimpleData name="full_id">w346011125</SimpleData>
		<SimpleData name="osm_id">346011125</SimpleData>
		<SimpleData name="osm_type">way</SimpleData>
		<SimpleData name="amenity">parking</SimpleData>
		<SimpleData name="parking">surface</SimpleData>
	</SchemaData></ExtendedData>
      <MultiGeometry><Polygon><outerBoundaryIs><LinearRing><coordinates>77.6180941,13.0012299 77.6179699,13.0009874 77.6183869,13.0009422 77.6183886,13.0009677 77.6183922,13.0010165 77.6184024,13.0010626 77.6183262,13.0011027 77.6181994,13.0011729 77.6180941,13.0012299</coordinates></LinearRing></outerBoundaryIs></Polygon></MultiGeometry>
  </Placemark>
  <Placemark>
	<name>CAIR Parking</name>
	<Style><LineStyle><color>ff0000ff</color></LineStyle><PolyStyle><fill>0</fill></PolyStyle></Style>
	<ExtendedData><SchemaData schemaUrl="#amenity_parking_bengaluru_urban">
		<SimpleData name="full_id">w346163701</SimpleData>
		<SimpleData name="osm_id">346163701</SimpleData>
		<SimpleData name="osm_type">way</SimpleData>
		<SimpleData name="amenity">parking</SimpleData>
		<SimpleData name="parking">multi-storey</SimpleData>
		<SimpleData name="building">yes</SimpleData>
	</SchemaData></ExtendedData>
      <MultiGeometry><Polygon><outerBoundaryIs><LinearRing><coordinates>77.6675557,12.9863459 77.6676269,12.9863392 77.6676309,12.9863799 77.6679002,12.9863547 77.6679011,12.9863644 77.6679678,12.9863581 77.6679668,12.9863473 77.6682088,12.9863247 77.6682043,12.9862789 77.668233,12.9862616 77.6682444,12.9862435 77.6682274,12.9860717 77.6682083,12.9860499 77.6681713,12.9860353 77.6681678,12.9860002 77.6679977,12.9860161 77.6679997,12.9860359 77.6679342,12.986042 77.6679386,12.9860863 77.6679163,12.9860884 77.667903,12.9860896 77.6678967,12.9860255 77.6675966,12.9860536 77.6676021,12.9861086 77.6675368,12.9861147 77.6675178,12.9861295 77.6675064,12.9861467 77.6675227,12.9863121 77.6675337,12.9863311 77.6675557,12.9863459</coordinates></LinearRing></outerBoundaryIs></Polygon></MultiGeometry>
  </Placemark>
  <Placemark>
	<Style><LineStyle><color>ff0000ff</color></LineStyle><PolyStyle><fill>0</fill></PolyStyle></Style>
	<ExtendedData><SchemaData schemaUrl="#amenity_parking_bengaluru_urban">
		<SimpleData name="full_id">w346533688</SimpleData>
		<SimpleData name="osm_id">346533688</SimpleData>
		<SimpleData name="osm_type">way</SimpleData>
		<SimpleData name="amenity">parking</SimpleData>
		<SimpleData name="parking">surface</SimpleData>
		<SimpleData name="access">customers</SimpleData>
	</SchemaData></ExtendedData>
      <MultiGeometry><Polygon><outerBoundaryIs><LinearRing><coordinates>77.6447377,12.9574956 77.6448464,12.9576977 77.6438128,12.9580651 77.6437255,12.9579287 77.6436846,12.9578649 77.6442574,12.9576706 77.6442834,12.9577497 77.6443143,12.9577572 77.6447065,12.9575139 77.6447377,12.9574956</coordinates></LinearRing></outerBoundaryIs></Polygon></MultiGeometry>
  </Placemark>
  <Placemark>
	<Style><LineStyle><color>ff0000ff</color></LineStyle><PolyStyle><fill>0</fill></PolyStyle></Style>
	<ExtendedData><SchemaData schemaUrl="#amenity_parking_bengaluru_urban">
		<SimpleData name="full_id">w346843087</SimpleData>
		<SimpleData name="osm_id">346843087</SimpleData>
		<SimpleData name="osm_type">way</SimpleData>
		<SimpleData name="amenity">parking</SimpleData>
		<SimpleData name="parking">surface</SimpleData>
		<SimpleData name="access">private</SimpleData>
	</SchemaData></ExtendedData>
      <MultiGeometry><Polygon><outerBoundaryIs><LinearRing><coordinates>77.7071092,12.9842247 77.70715,12.9838659 77.7064808,12.9837936 77.70644,12.9841524 77.7071092,12.9842247</coordinates></LinearRing></outerBoundaryIs></Polygon></MultiGeometry>
  </Placemark>
  <Placemark>
	<Style><LineStyle><color>ff0000ff</color></LineStyle><PolyStyle><fill>0</fill></PolyStyle></Style>
	<ExtendedData><SchemaData schemaUrl="#amenity_parking_bengaluru_urban">
		<SimpleData name="full_id">w347182995</SimpleData>
		<SimpleData name="osm_id">347182995</SimpleData>
		<SimpleData name="osm_type">way</SimpleData>
		<SimpleData name="amenity">parking</SimpleData>
		<SimpleData name="parking">multi-storey</SimpleData>
		<SimpleData name="building">yes</SimpleData>
	</SchemaData></ExtendedData>
      <MultiGeometry><Polygon><outerBoundaryIs><LinearRing><coordinates>77.6569437,12.9806327 77.6572971,12.9804553 77.657325,12.9805083 77.657485,12.980428 77.6573025,12.9800827 77.6567891,12.9803403 77.6569437,12.9806327</coordinates></LinearRing></outerBoundaryIs></Polygon></MultiGeometry>
  </Placemark>
  <Placemark>
	<name>ABBS Parking</name>
	<Style><LineStyle><color>ff0000ff</color></LineStyle><PolyStyle><fill>0</fill></PolyStyle></Style>
	<ExtendedData><SchemaData schemaUrl="#amenity_parking_bengaluru_urban">
		<SimpleData name="full_id">w350790280</SimpleData>
		<SimpleData name="osm_id">350790280</SimpleData>
		<SimpleData name="osm_type">way</SimpleData>
		<SimpleData name="amenity">parking</SimpleData>
		<SimpleData name="parking">surface</SimpleData>
		<SimpleData name="access">permissive</SimpleData>
	</SchemaData></ExtendedData>
      <MultiGeometry><Polygon><outerBoundaryIs><LinearRing><coordinates>77.483436,13.0036666 77.4836506,13.0038655 77.4837645,13.0037488 77.48355,13.0035499 77.483436,13.0036666</coordinates></LinearRing></outerBoundaryIs></Polygon></MultiGeometry>
  </Placemark>
  <Placemark>
	<Style><LineStyle><color>ff0000ff</color></LineStyle><PolyStyle><fill>0</fill></PolyStyle></Style>
	<ExtendedData><SchemaData schemaUrl="#amenity_parking_bengaluru_urban">
		<SimpleData name="full_id">w358330829</SimpleData>
		<SimpleData name="osm_id">358330829</SimpleData>
		<SimpleData name="osm_type">way</SimpleData>
		<SimpleData name="amenity">parking</SimpleData>
		<SimpleData name="surface">paving_stones</SimpleData>
		<SimpleData name="parking">surface</SimpleData>
		<SimpleData name="fee">no</SimpleData>
		<SimpleData name="access">customers</SimpleData>
	</SchemaData></ExtendedData>
      <MultiGeometry><Polygon><outerBoundaryIs><LinearRing><coordinates>77.6763148,12.9111218 77.6763879,12.9112852 77.6764335,12.9112957 77.6764603,12.9112957 77.6764804,12.9112572 77.6764737,12.9110466 77.6763148,12.9111218</coordinates></LinearRing></outerBoundaryIs></Polygon></MultiGeometry>
  </Placemark>
  <Placemark>
	<Style><LineStyle><color>ff0000ff</color></LineStyle><PolyStyle><fill>0</fill></PolyStyle></Style>
	<ExtendedData><SchemaData schemaUrl="#amenity_parking_bengaluru_urban">
		<SimpleData name="full_id">w362976258</SimpleData>
		<SimpleData name="osm_id">362976258</SimpleData>
		<SimpleData name="osm_type">way</SimpleData>
		<SimpleData name="amenity">parking</SimpleData>
		<SimpleData name="parking">surface</SimpleData>
	</SchemaData></ExtendedData>
      <MultiGeometry><Polygon><outerBoundaryIs><LinearRing><coordinates>77.6596954,12.8540815 77.6596101,12.853516 77.6589537,12.8536113 77.6589578,12.8541103 77.6596954,12.8540815</coordinates></LinearRing></outerBoundaryIs></Polygon></MultiGeometry>
  </Placemark>
  <Placemark>
	<Style><LineStyle><color>ff0000ff</color></LineStyle><PolyStyle><fill>0</fill></PolyStyle></Style>
	<ExtendedData><SchemaData schemaUrl="#amenity_parking_bengaluru_urban">
		<SimpleData name="full_id">w363378778</SimpleData>
		<SimpleData name="osm_id">363378778</SimpleData>
		<SimpleData name="osm_type">way</SimpleData>
		<SimpleData name="amenity">parking</SimpleData>
	</SchemaData></ExtendedData>
      <MultiGeometry><Polygon><outerBoundaryIs><LinearRing><coordinates>77.6346837,13.1174404 77.6347969,13.1174442 77.6347996,13.1173674 77.6353075,13.1173845 77.6353715,13.1173867 77.6353645,13.1175855 77.6347857,13.117566 77.6347872,13.1175247 77.6346808,13.1175211 77.6346837,13.1174404</coordinates></LinearRing></outerBoundaryIs></Polygon></MultiGeometry>
  </Placemark>
  <Placemark>
	<Style><LineStyle><color>ff0000ff</color></LineStyle><PolyStyle><fill>0</fill></PolyStyle></Style>
	<ExtendedData><SchemaData schemaUrl="#amenity_parking_bengaluru_urban">
		<SimpleData name="full_id">w363612203</SimpleData>
		<SimpleData name="osm_id">363612203</SimpleData>
		<SimpleData name="osm_type">way</SimpleData>
		<SimpleData name="amenity">parking</SimpleData>
	</SchemaData></ExtendedData>
      <MultiGeometry><Polygon><outerBoundaryIs><LinearRing><coordinates>77.5889863,13.0998944 77.588914,13.099834 77.5897182,13.0991448 77.5898037,13.099227 77.5889863,13.0998944</coordinates></LinearRing></outerBoundaryIs></Polygon></MultiGeometry>
  </Placemark>
  <Placemark>
	<name>Car/Bike Parking</name>
	<Style><LineStyle><color>ff0000ff</color></LineStyle><PolyStyle><fill>0</fill></PolyStyle></Style>
	<ExtendedData><SchemaData schemaUrl="#amenity_parking_bengaluru_urban">
		<SimpleData name="full_id">w364870960</SimpleData>
		<SimpleData name="osm_id">364870960</SimpleData>
		<SimpleData name="osm_type">way</SimpleData>
		<SimpleData name="amenity">parking</SimpleData>
		<SimpleData name="parking">surface</SimpleData>
	</SchemaData></ExtendedData>
      <MultiGeometry><Polygon><outerBoundaryIs><LinearRing><coordinates>77.6637626,12.8452817 77.662713,12.845297 77.6627151,12.8453957 77.6637703,12.8453792 77.6637626,12.8452817</coordinates></LinearRing></outerBoundaryIs></Polygon></MultiGeometry>
  </Placemark>
  <Placemark>
	<Style><LineStyle><color>ff0000ff</color></LineStyle><PolyStyle><fill>0</fill></PolyStyle></Style>
	<ExtendedData><SchemaData schemaUrl="#amenity_parking_bengaluru_urban">
		<SimpleData name="full_id">w368398988</SimpleData>
		<SimpleData name="osm_id">368398988</SimpleData>
		<SimpleData name="osm_type">way</SimpleData>
		<SimpleData name="amenity">parking</SimpleData>
	</SchemaData></ExtendedData>
      <MultiGeometry><Polygon><outerBoundaryIs><LinearRing><coordinates>77.6401489,12.9674281 77.6399301,12.9674605 77.6399498,12.9674849 77.6399929,12.9675217 77.6401624,12.9674963 77.6401489,12.9674281</coordinates></LinearRing></outerBoundaryIs></Polygon></MultiGeometry>
  </Placemark>
  <Placemark>
	<Style><LineStyle><color>ff0000ff</color></LineStyle><PolyStyle><fill>0</fill></PolyStyle></Style>
	<ExtendedData><SchemaData schemaUrl="#amenity_parking_bengaluru_urban">
		<SimpleData name="full_id">w370418970</SimpleData>
		<SimpleData name="osm_id">370418970</SimpleData>
		<SimpleData name="osm_type">way</SimpleData>
		<SimpleData name="amenity">parking</SimpleData>
	</SchemaData></ExtendedData>
      <MultiGeometry><Polygon><outerBoundaryIs><LinearRing><coordinates>77.5921395,12.9684729 77.5916313,12.9683792 77.591716,12.968444 77.5917647,12.9684926 77.5918095,12.9685373 77.5918847,12.9686439 77.5919121,12.9687395 77.5919166,12.9688528 77.5919007,12.9689438 77.5918437,12.9692571 77.5923456,12.9693568 77.5923765,12.9692144 77.5920041,12.9691342 77.5921395,12.9684729</coordinates></LinearRing></outerBoundaryIs></Polygon></MultiGeometry>
  </Placemark>
  <Placemark>
	<name>Bike Parking</name>
	<Style><LineStyle><color>ff0000ff</color></LineStyle><PolyStyle><fill>0</fill></PolyStyle></Style>
	<ExtendedData><SchemaData schemaUrl="#amenity_parking_bengaluru_urban">
		<SimpleData name="full_id">w372019899</SimpleData>
		<SimpleData name="osm_id">372019899</SimpleData>
		<SimpleData name="osm_type">way</SimpleData>
		<SimpleData name="amenity">parking</SimpleData>
		<SimpleData name="wheelchair">no</SimpleData>
	</SchemaData></ExtendedData>
      <MultiGeometry><Polygon><outerBoundaryIs><LinearRing><coordinates>77.5707255,12.9786886 77.570738,12.9788494 77.5699237,12.9789097 77.5699112,12.9787489 77.5707255,12.9786886</coordinates></LinearRing></outerBoundaryIs></Polygon></MultiGeometry>
  </Placemark>
  <Placemark>
	<Style><LineStyle><color>ff0000ff</color></LineStyle><PolyStyle><fill>0</fill></PolyStyle></Style>
	<ExtendedData><SchemaData schemaUrl="#amenity_parking_bengaluru_urban">
		<SimpleData name="full_id">w372468059</SimpleData>
		<SimpleData name="osm_id">372468059</SimpleData>
		<SimpleData name="osm_type">way</SimpleData>
		<SimpleData name="amenity">parking</SimpleData>
		<SimpleData name="access">customers</SimpleData>
	</SchemaData></ExtendedData>
      <MultiGeometry><Polygon><outerBoundaryIs><LinearRing><coordinates>77.6030152,12.9752218 77.6031331,12.9751937 77.6031719,12.9753479 77.6030541,12.9753761 77.6030152,12.9752218</coordinates></LinearRing></outerBoundaryIs></Polygon></MultiGeometry>
  </Placemark>
  <Placemark>
	<Style><LineStyle><color>ff0000ff</color></LineStyle><PolyStyle><fill>0</fill></PolyStyle></Style>
	<ExtendedData><SchemaData schemaUrl="#amenity_parking_bengaluru_urban">
		<SimpleData name="full_id">w372861582</SimpleData>
		<SimpleData name="osm_id">372861582</SimpleData>
		<SimpleData name="osm_type">way</SimpleData>
		<SimpleData name="amenity">parking</SimpleData>
		<SimpleData name="height">10</SimpleData>
		<SimpleData name="building:part">yes</SimpleData>
		<SimpleData name="parking">surface</SimpleData>
		<SimpleData name="building">commercial</SimpleData>
		<SimpleData name="access">permissive</SimpleData>
	</SchemaData></ExtendedData>
      <MultiGeometry><Polygon><outerBoundaryIs><LinearRing><coordinates>77.5956761,12.9727138 77.5956398,12.9727512 77.5956113,12.9727997 77.5955931,12.9728455 77.5955852,12.9729031 77.5955885,12.9729599 77.5956017,12.9730085 77.5956264,12.9730585 77.5956583,12.9730996 77.5957031,12.9731376 77.5957464,12.9731628 77.5957998,12.973181 77.5958526,12.9731882 77.5959055,12.9731864 77.5959607,12.9731721 77.5960134,12.9731485 77.5960542,12.973117 77.5960923,12.973077 77.596119,12.9730311 77.5961368,12.9729816 77.5961451,12.9729277 77.5961425,12.9728758 77.5961286,12.9728223 77.5961058,12.972775 77.596072,12.9727312 77.5960313,12.972697 77.5959839,12.9726681 77.5959334,12.9726504 77.5958777,12.9726426 77.5958222,12.972645 77.5957696,12.9726587 77.5957221,12.9726808 77.5956761,12.9727138</coordinates></LinearRing></outerBoundaryIs></Polygon></MultiGeometry>
  </Placemark>
  <Placemark>
	<Style><LineStyle><color>ff0000ff</color></LineStyle><PolyStyle><fill>0</fill></PolyStyle></Style>
	<ExtendedData><SchemaData schemaUrl="#amenity_parking_bengaluru_urban">
		<SimpleData name="full_id">w380779748</SimpleData>
		<SimpleData name="osm_id">380779748</SimpleData>
		<SimpleData name="osm_type">way</SimpleData>
		<SimpleData name="amenity">parking</SimpleData>
	</SchemaData></ExtendedData>
      <MultiGeometry><Polygon><outerBoundaryIs><LinearRing><coordinates>77.6839666,12.9292584 77.6839967,12.929199 77.6842807,12.9293356 77.6842506,12.929395 77.6839666,12.9292584</coordinates></LinearRing></outerBoundaryIs></Polygon></MultiGeometry>
  </Placemark>
  <Placemark>
	<Style><LineStyle><color>ff0000ff</color></LineStyle><PolyStyle><fill>0</fill></PolyStyle></Style>
	<ExtendedData><SchemaData schemaUrl="#amenity_parking_bengaluru_urban">
		<SimpleData name="full_id">w383571784</SimpleData>
		<SimpleData name="osm_id">383571784</SimpleData>
		<SimpleData name="osm_type">way</SimpleData>
		<SimpleData name="amenity">parking</SimpleData>
	</SchemaData></ExtendedData>
      <MultiGeometry><Polygon><outerBoundaryIs><LinearRing><coordinates>77.5104078,13.0704909 77.5104307,13.0705178 77.5099896,13.0708738 77.5099667,13.0708469 77.5104078,13.0704909</coordinates></LinearRing></outerBoundaryIs></Polygon></MultiGeometry>
  </Placemark>
  <Placemark>
	<name>MLCP</name>
	<Style><LineStyle><color>ff0000ff</color></LineStyle><PolyStyle><fill>0</fill></PolyStyle></Style>
	<ExtendedData><SchemaData schemaUrl="#amenity_parking_bengaluru_urban">
		<SimpleData name="full_id">w387287366</SimpleData>
		<SimpleData name="osm_id">387287366</SimpleData>
		<SimpleData name="osm_type">way</SimpleData>
		<SimpleData name="amenity">parking</SimpleData>
		<SimpleData name="parking">multi-storey</SimpleData>
		<SimpleData name="building">yes</SimpleData>
	</SchemaData></ExtendedData>
      <MultiGeometry><Polygon><outerBoundaryIs><LinearRing><coordinates>77.6207577,13.0513852 77.6205932,13.0506998 77.6206618,13.0506842 77.6209599,13.0506163 77.6210547,13.0510116 77.6211115,13.0512484 77.6211243,13.0513017 77.6208589,13.0513621 77.6207577,13.0513852</coordinates></LinearRing></outerBoundaryIs></Polygon></MultiGeometry>
  </Placemark>
  <Placemark>
	<Style><LineStyle><color>ff0000ff</color></LineStyle><PolyStyle><fill>0</fill></PolyStyle></Style>
	<ExtendedData><SchemaData schemaUrl="#amenity_parking_bengaluru_urban">
		<SimpleData name="full_id">w395148196</SimpleData>
		<SimpleData name="osm_id">395148196</SimpleData>
		<SimpleData name="osm_type">way</SimpleData>
		<SimpleData name="amenity">parking</SimpleData>
	</SchemaData></ExtendedData>
      <MultiGeometry><Polygon><outerBoundaryIs><LinearRing><coordinates>77.5910419,12.9851393 77.5909384,12.9852279 77.5907866,12.9850595 77.59089,12.9849709 77.5910419,12.9851393</coordinates></LinearRing></outerBoundaryIs></Polygon></MultiGeometry>
  </Placemark>
  <Placemark>
	<name>Parking space</name>
	<Style><LineStyle><color>ff0000ff</color></LineStyle><PolyStyle><fill>0</fill></PolyStyle></Style>
	<ExtendedData><SchemaData schemaUrl="#amenity_parking_bengaluru_urban">
		<SimpleData name="full_id">w396653995</SimpleData>
		<SimpleData name="osm_id">396653995</SimpleData>
		<SimpleData name="osm_type">way</SimpleData>
		<SimpleData name="amenity">parking</SimpleData>
		<SimpleData name="maxstay">1 day</SimpleData>
		<SimpleData name="addr:street">G.K.V.K</SimpleData>
		<SimpleData name="addr:postcode">560065</SimpleData>
		<SimpleData name="addr:city">BANGALORE</SimpleData>
		<SimpleData name="park_ride">yes</SimpleData>
		<SimpleData name="capacity">100</SimpleData>
		<SimpleData name="surface">paved</SimpleData>
		<SimpleData name="fee">no</SimpleData>
	</SchemaData></ExtendedData>
      <MultiGeometry><Polygon><outerBoundaryIs><LinearRing><coordinates>77.5783013,13.0782251 77.5785147,13.078656 77.5787635,13.0785391 77.5785502,13.0781082 77.5783013,13.0782251</coordinates></LinearRing></outerBoundaryIs></Polygon></MultiGeometry>
  </Placemark>
  <Placemark>
	<Style><LineStyle><color>ff0000ff</color></LineStyle><PolyStyle><fill>0</fill></PolyStyle></Style>
	<ExtendedData><SchemaData schemaUrl="#amenity_parking_bengaluru_urban">
		<SimpleData name="full_id">w398996846</SimpleData>
		<SimpleData name="osm_id">398996846</SimpleData>
		<SimpleData name="osm_type">way</SimpleData>
		<SimpleData name="amenity">parking</SimpleData>
	</SchemaData></ExtendedData>
      <MultiGeometry><Polygon><outerBoundaryIs><LinearRing><coordinates>77.7170103,12.9823518 77.7170107,12.982232 77.7172662,12.9822329 77.7172657,12.9823527 77.7170103,12.9823518</coordinates></LinearRing></outerBoundaryIs></Polygon></MultiGeometry>
  </Placemark>
  <Placemark>
	<Style><LineStyle><color>ff0000ff</color></LineStyle><PolyStyle><fill>0</fill></PolyStyle></Style>
	<ExtendedData><SchemaData schemaUrl="#amenity_parking_bengaluru_urban">
		<SimpleData name="full_id">w400439507</SimpleData>
		<SimpleData name="osm_id">400439507</SimpleData>
		<SimpleData name="osm_type">way</SimpleData>
		<SimpleData name="amenity">parking</SimpleData>
		<SimpleData name="parking">surface</SimpleData>
		<SimpleData name="fee">no</SimpleData>
		<SimpleData name="access">customers</SimpleData>
	</SchemaData></ExtendedData>
      <MultiGeometry><Polygon><outerBoundaryIs><LinearRing><coordinates>77.5920993,12.9977837 77.5919268,12.9979337 77.591481,12.9974243 77.5918652,12.9972115 77.5923244,12.9975986 77.5920993,12.9977837</coordinates></LinearRing></outerBoundaryIs></Polygon></MultiGeometry>
  </Placemark>
  <Placemark>
	<Style><LineStyle><color>ff0000ff</color></LineStyle><PolyStyle><fill>0</fill></PolyStyle></Style>
	<ExtendedData><SchemaData schemaUrl="#amenity_parking_bengaluru_urban">
		<SimpleData name="full_id">w401997646</SimpleData>
		<SimpleData name="osm_id">401997646</SimpleData>
		<SimpleData name="osm_type">way</SimpleData>
		<SimpleData name="amenity">parking</SimpleData>
		<SimpleData name="surface">asphalt</SimpleData>
		<SimpleData name="parking">lane</SimpleData>
		<SimpleData name="fee">yes</SimpleData>
		<SimpleData name="access">yes</SimpleData>
	</SchemaData></ExtendedData>
      <MultiGeometry><Polygon><outerBoundaryIs><LinearRing><coordinates>77.6075002,12.9736358 77.6078295,12.974672 77.6078641,12.9746608 77.6075367,12.9736253 77.6075002,12.9736358</coordinates></LinearRing></outerBoundaryIs></Polygon></MultiGeometry>
  </Placemark>
  <Placemark>
	<Style><LineStyle><color>ff0000ff</color></LineStyle><PolyStyle><fill>0</fill></PolyStyle></Style>
	<ExtendedData><SchemaData schemaUrl="#amenity_parking_bengaluru_urban">
		<SimpleData name="full_id">w401997647</SimpleData>
		<SimpleData name="osm_id">401997647</SimpleData>
		<SimpleData name="osm_type">way</SimpleData>
		<SimpleData name="amenity">parking</SimpleData>
		<SimpleData name="surface">asphalt</SimpleData>
		<SimpleData name="parking">lane</SimpleData>
		<SimpleData name="fee">yes</SimpleData>
		<SimpleData name="access">yes</SimpleData>
	</SchemaData></ExtendedData>
      <MultiGeometry><Polygon><outerBoundaryIs><LinearRing><coordinates>77.6075216,12.9735775 77.6072507,12.9727207 77.6071336,12.9723502 77.6070957,12.972363 77.6074853,12.9735889 77.6075216,12.9735775</coordinates></LinearRing></outerBoundaryIs></Polygon></MultiGeometry>
  </Placemark>
  <Placemark>
	<Style><LineStyle><color>ff0000ff</color></LineStyle><PolyStyle><fill>0</fill></PolyStyle></Style>
	<ExtendedData><SchemaData schemaUrl="#amenity_parking_bengaluru_urban">
		<SimpleData name="full_id">w405431176</SimpleData>
		<SimpleData name="osm_id">405431176</SimpleData>
		<SimpleData name="osm_type">way</SimpleData>
		<SimpleData name="amenity">parking</SimpleData>
	</SchemaData></ExtendedData>
      <MultiGeometry><Polygon><outerBoundaryIs><LinearRing><coordinates>77.5874595,12.9847826 77.5874466,12.984621 77.5871704,12.9846419 77.5871832,12.9848035 77.5874595,12.9847826</coordinates></LinearRing></outerBoundaryIs></Polygon></MultiGeometry>
  </Placemark>
  <Placemark>
	<Style><LineStyle><color>ff0000ff</color></LineStyle><PolyStyle><fill>0</fill></PolyStyle></Style>
	<ExtendedData><SchemaData schemaUrl="#amenity_parking_bengaluru_urban">
		<SimpleData name="full_id">w408248117</SimpleData>
		<SimpleData name="osm_id">408248117</SimpleData>
		<SimpleData name="osm_type">way</SimpleData>
		<SimpleData name="amenity">parking</SimpleData>
		<SimpleData name="parking">surface</SimpleData>
	</SchemaData></ExtendedData>
      <MultiGeometry><Polygon><outerBoundaryIs><LinearRing><coordinates>77.5916965,12.9649546 77.5916612,12.9643262 77.5923165,12.9642711 77.5923743,12.9648858 77.5916965,12.9649546</coordinates></LinearRing></outerBoundaryIs></Polygon></MultiGeometry>
  </Placemark>
  <Placemark>
	<Style><LineStyle><color>ff0000ff</color></LineStyle><PolyStyle><fill>0</fill></PolyStyle></Style>
	<ExtendedData><SchemaData schemaUrl="#amenity_parking_bengaluru_urban">
		<SimpleData name="full_id">w411055942</SimpleData>
		<SimpleData name="osm_id">411055942</SimpleData>
		<SimpleData name="osm_type">way</SimpleData>
		<SimpleData name="amenity">parking</SimpleData>
		<SimpleData name="capacity">50</SimpleData>
		<SimpleData name="parking">surface</SimpleData>
	</SchemaData></ExtendedData>
      <MultiGeometry><Polygon><outerBoundaryIs><LinearRing><coordinates>77.5971871,12.9974853 77.5969023,12.9968493 77.5966448,12.9969199 77.5968782,12.9975419 77.5971871,12.9974853</coordinates></LinearRing></outerBoundaryIs></Polygon></MultiGeometry>
  </Placemark>
  <Placemark>
	<Style><LineStyle><color>ff0000ff</color></LineStyle><PolyStyle><fill>0</fill></PolyStyle></Style>
	<ExtendedData><SchemaData schemaUrl="#amenity_parking_bengaluru_urban">
		<SimpleData name="full_id">w411057600</SimpleData>
		<SimpleData name="osm_id">411057600</SimpleData>
		<SimpleData name="osm_type">way</SimpleData>
		<SimpleData name="amenity">parking</SimpleData>
	</SchemaData></ExtendedData>
      <MultiGeometry><Polygon><outerBoundaryIs><LinearRing><coordinates>77.617389,12.9537268 77.6173528,12.9534942 77.617566,12.9534563 77.6175794,12.9536262 77.617389,12.9537268</coordinates></LinearRing></outerBoundaryIs></Polygon></MultiGeometry>
  </Placemark>
  <Placemark>
	<Style><LineStyle><color>ff0000ff</color></LineStyle><PolyStyle><fill>0</fill></PolyStyle></Style>
	<ExtendedData><SchemaData schemaUrl="#amenity_parking_bengaluru_urban">
		<SimpleData name="full_id">w411089414</SimpleData>
		<SimpleData name="osm_id">411089414</SimpleData>
		<SimpleData name="osm_type">way</SimpleData>
		<SimpleData name="amenity">parking</SimpleData>
	</SchemaData></ExtendedData>
      <MultiGeometry><Polygon><outerBoundaryIs><LinearRing><coordinates>77.5598651,12.9549422 77.5602432,12.9549475 77.5611337,12.9549423 77.561131,12.9546469 77.5605597,12.9546339 77.5604524,12.9544117 77.5602807,12.9537817 77.5597309,12.953766 77.5597738,12.9542914 77.5598274,12.9548064 77.5598651,12.9549422</coordinates></LinearRing></outerBoundaryIs></Polygon></MultiGeometry>
  </Placemark>
  <Placemark>
	<Style><LineStyle><color>ff0000ff</color></LineStyle><PolyStyle><fill>0</fill></PolyStyle></Style>
	<ExtendedData><SchemaData schemaUrl="#amenity_parking_bengaluru_urban">
		<SimpleData name="full_id">w411089415</SimpleData>
		<SimpleData name="osm_id">411089415</SimpleData>
		<SimpleData name="osm_type">way</SimpleData>
		<SimpleData name="amenity">parking</SimpleData>
	</SchemaData></ExtendedData>
      <MultiGeometry><Polygon><outerBoundaryIs><LinearRing><coordinates>77.5599455,12.9568554 77.5611632,12.9568845 77.5612276,12.9560977 77.5598278,12.9560669 77.5598435,12.9565342 77.5599455,12.9566963 77.5599455,12.9568554</coordinates></LinearRing></outerBoundaryIs></Polygon></MultiGeometry>
  </Placemark>
  <Placemark>
	<Style><LineStyle><color>ff0000ff</color></LineStyle><PolyStyle><fill>0</fill></PolyStyle></Style>
	<ExtendedData><SchemaData schemaUrl="#amenity_parking_bengaluru_urban">
		<SimpleData name="full_id">w437538187</SimpleData>
		<SimpleData name="osm_id">437538187</SimpleData>
		<SimpleData name="osm_type">way</SimpleData>
		<SimpleData name="amenity">parking</SimpleData>
	</SchemaData></ExtendedData>
      <MultiGeometry><Polygon><outerBoundaryIs><LinearRing><coordinates>77.5832444,12.9908676 77.583082,12.9907331 77.5834763,12.990281 77.5836387,12.9904155 77.5832444,12.9908676</coordinates></LinearRing></outerBoundaryIs></Polygon></MultiGeometry>
  </Placemark>
  <Placemark>
	<Style><LineStyle><color>ff0000ff</color></LineStyle><PolyStyle><fill>0</fill></PolyStyle></Style>
	<ExtendedData><SchemaData schemaUrl="#amenity_parking_bengaluru_urban">
		<SimpleData name="full_id">w460225729</SimpleData>
		<SimpleData name="osm_id">460225729</SimpleData>
		<SimpleData name="osm_type">way</SimpleData>
		<SimpleData name="amenity">parking</SimpleData>
		<SimpleData name="parking">surface</SimpleData>
	</SchemaData></ExtendedData>
      <MultiGeometry><Polygon><outerBoundaryIs><LinearRing><coordinates>77.6490487,12.9592958 77.6491453,12.9595075 77.6495557,12.9594226 77.6494846,12.9591049 77.6490487,12.9592958</coordinates></LinearRing></outerBoundaryIs></Polygon></MultiGeometry>
  </Placemark>
  <Placemark>
	<Style><LineStyle><color>ff0000ff</color></LineStyle><PolyStyle><fill>0</fill></PolyStyle></Style>
	<ExtendedData><SchemaData schemaUrl="#amenity_parking_bengaluru_urban">
		<SimpleData name="full_id">w464921494</SimpleData>
		<SimpleData name="osm_id">464921494</SimpleData>
		<SimpleData name="osm_type">way</SimpleData>
		<SimpleData name="amenity">parking</SimpleData>
		<SimpleData name="building">roof</SimpleData>
	</SchemaData></ExtendedData>
      <MultiGeometry><Polygon><outerBoundaryIs><LinearRing><coordinates>77.5347058,13.0344495 77.535029,13.0343633 77.5350156,13.0343153 77.5346924,13.0344015 77.5347058,13.0344495</coordinates></LinearRing></outerBoundaryIs></Polygon></MultiGeometry>
  </Placemark>
  <Placemark>
	<Style><LineStyle><color>ff0000ff</color></LineStyle><PolyStyle><fill>0</fill></PolyStyle></Style>
	<ExtendedData><SchemaData schemaUrl="#amenity_parking_bengaluru_urban">
		<SimpleData name="full_id">w464921496</SimpleData>
		<SimpleData name="osm_id">464921496</SimpleData>
		<SimpleData name="osm_type">way</SimpleData>
		<SimpleData name="amenity">parking</SimpleData>
	</SchemaData></ExtendedData>
      <MultiGeometry><Polygon><outerBoundaryIs><LinearRing><coordinates>77.5318882,13.0365008 77.5318646,13.0364271 77.5316795,13.0364832 77.5317031,13.0365569 77.5318882,13.0365008</coordinates></LinearRing></outerBoundaryIs></Polygon></MultiGeometry>
  </Placemark>
  <Placemark>
	<Style><LineStyle><color>ff0000ff</color></LineStyle><PolyStyle><fill>0</fill></PolyStyle></Style>
	<ExtendedData><SchemaData schemaUrl="#amenity_parking_bengaluru_urban">
		<SimpleData name="full_id">w466082613</SimpleData>
		<SimpleData name="osm_id">466082613</SimpleData>
		<SimpleData name="osm_type">way</SimpleData>
		<SimpleData name="amenity">parking</SimpleData>
		<SimpleData name="parking">multi-storey</SimpleData>
		<SimpleData name="building">parking</SimpleData>
		<SimpleData name="access">private</SimpleData>
	</SchemaData></ExtendedData>
      <MultiGeometry><Polygon><outerBoundaryIs><LinearRing><coordinates>77.6915776,12.9436613 77.691723,12.9437072 77.6918061,12.9441019 77.6917337,12.9442326 77.69141,12.9440978 77.6915776,12.9436613</coordinates></LinearRing></outerBoundaryIs></Polygon></MultiGeometry>
  </Placemark>
  <Placemark>
	<Style><LineStyle><color>ff0000ff</color></LineStyle><PolyStyle><fill>0</fill></PolyStyle></Style>
	<ExtendedData><SchemaData schemaUrl="#amenity_parking_bengaluru_urban">
		<SimpleData name="full_id">w466082620</SimpleData>
		<SimpleData name="osm_id">466082620</SimpleData>
		<SimpleData name="osm_type">way</SimpleData>
		<SimpleData name="amenity">parking</SimpleData>
		<SimpleData name="parking">multi-storey</SimpleData>
		<SimpleData name="building">yes</SimpleData>
		<SimpleData name="access">private</SimpleData>
	</SchemaData></ExtendedData>
      <MultiGeometry><Polygon><outerBoundaryIs><LinearRing><coordinates>77.6923924,12.9421107 77.6924683,12.9420828 77.6924612,12.9420644 77.6926378,12.9419994 77.6926518,12.9420356 77.692704,12.9420164 77.6927442,12.9421204 77.6928914,12.9425005 77.6929273,12.9425931 77.6928635,12.9426166 77.6928891,12.9426828 77.6927144,12.9427471 77.6926882,12.9426795 77.6926221,12.9427038 77.6923924,12.9421107</coordinates></LinearRing></outerBoundaryIs></Polygon></MultiGeometry>
  </Placemark>
  <Placemark>
	<Style><LineStyle><color>ff0000ff</color></LineStyle><PolyStyle><fill>0</fill></PolyStyle></Style>
	<ExtendedData><SchemaData schemaUrl="#amenity_parking_bengaluru_urban">
		<SimpleData name="full_id">w466182331</SimpleData>
		<SimpleData name="osm_id">466182331</SimpleData>
		<SimpleData name="osm_type">way</SimpleData>
		<SimpleData name="amenity">parking</SimpleData>
	</SchemaData></ExtendedData>
      <MultiGeometry><Polygon><outerBoundaryIs><LinearRing><coordinates>77.7369748,12.9857212 77.7369739,12.9855692 77.7370921,12.985581 77.737087,12.9857127 77.7369748,12.9857212</coordinates></LinearRing></outerBoundaryIs></Polygon></MultiGeometry>
  </Placemark>
  <Placemark>
	<name>S V Road Metro Station Parking</name>
	<Style><LineStyle><color>ff0000ff</color></LineStyle><PolyStyle><fill>0</fill></PolyStyle></Style>
	<ExtendedData><SchemaData schemaUrl="#amenity_parking_bengaluru_urban">
		<SimpleData name="full_id">w469398746</SimpleData>
		<SimpleData name="osm_id">469398746</SimpleData>
		<SimpleData name="osm_type">way</SimpleData>
		<SimpleData name="amenity">parking</SimpleData>
		<SimpleData name="parking">surface</SimpleData>
		<SimpleData name="fee">yes</SimpleData>
		<SimpleData name="access">yes</SimpleData>
	</SchemaData></ExtendedData>
      <MultiGeometry><Polygon><outerBoundaryIs><LinearRing><coordinates>77.6450177,12.9854707 77.645111,12.9850757 77.6452005,12.9847106 77.6446461,12.9845925 77.6445972,12.9847004 77.6442614,12.9846356 77.6441519,12.9851716 77.6450177,12.9854707</coordinates></LinearRing></outerBoundaryIs></Polygon></MultiGeometry>
  </Placemark>
  <Placemark>
	<name>Byappanahalli Station Parking</name>
	<Style><LineStyle><color>ff0000ff</color></LineStyle><PolyStyle><fill>0</fill></PolyStyle></Style>
	<ExtendedData><SchemaData schemaUrl="#amenity_parking_bengaluru_urban">
		<SimpleData name="full_id">w469658778</SimpleData>
		<SimpleData name="osm_id">469658778</SimpleData>
		<SimpleData name="osm_type">way</SimpleData>
		<SimpleData name="amenity">parking</SimpleData>
		<SimpleData name="parking">surface</SimpleData>
	</SchemaData></ExtendedData>
      <MultiGeometry><Polygon><outerBoundaryIs><LinearRing><coordinates>77.6518427,12.9912665 77.6518106,12.9914076 77.651722,12.9914233 77.6516818,12.9914651 77.651663,12.9914991 77.6516121,12.9917552 77.651626,12.9917726 77.6515821,12.9918479 77.6515477,12.9918833 77.6515128,12.9918911 77.6514833,12.9918833 77.6514163,12.9918284 77.6513351,12.9912185 77.6513221,12.991149 77.6514672,12.9911802 77.6518427,12.9912665</coordinates></LinearRing></outerBoundaryIs></Polygon></MultiGeometry>
  </Placemark>
  <Placemark>
	<Style><LineStyle><color>ff0000ff</color></LineStyle><PolyStyle><fill>0</fill></PolyStyle></Style>
	<ExtendedData><SchemaData schemaUrl="#amenity_parking_bengaluru_urban">
		<SimpleData name="full_id">w469902311</SimpleData>
		<SimpleData name="osm_id">469902311</SimpleData>
		<SimpleData name="osm_type">way</SimpleData>
		<SimpleData name="amenity">parking</SimpleData>
		<SimpleData name="surface">paved</SimpleData>
		<SimpleData name="parking">surface</SimpleData>
	</SchemaData></ExtendedData>
      <MultiGeometry><Polygon><outerBoundaryIs><LinearRing><coordinates>77.7280911,12.9955423 77.728362,12.9955923 77.7283924,12.9954945 77.7281355,12.9954353 77.7280911,12.9955423</coordinates></LinearRing></outerBoundaryIs></Polygon></MultiGeometry>
  </Placemark>
  <Placemark>
	<Style><LineStyle><color>ff0000ff</color></LineStyle><PolyStyle><fill>0</fill></PolyStyle></Style>
	<ExtendedData><SchemaData schemaUrl="#amenity_parking_bengaluru_urban">
		<SimpleData name="full_id">w469902312</SimpleData>
		<SimpleData name="osm_id">469902312</SimpleData>
		<SimpleData name="osm_type">way</SimpleData>
		<SimpleData name="amenity">parking</SimpleData>
		<SimpleData name="surface">paved</SimpleData>
		<SimpleData name="parking">surface</SimpleData>
	</SchemaData></ExtendedData>
      <MultiGeometry><Polygon><outerBoundaryIs><LinearRing><coordinates>77.7288885,12.9956822 77.7291594,12.9957323 77.7291898,12.9956344 77.7289329,12.9955753 77.7288885,12.9956822</coordinates></LinearRing></outerBoundaryIs></Polygon></MultiGeometry>
  </Placemark>
  <Placemark>
	<Style><LineStyle><color>ff0000ff</color></LineStyle><PolyStyle><fill>0</fill></PolyStyle></Style>
	<ExtendedData><SchemaData schemaUrl="#amenity_parking_bengaluru_urban">
		<SimpleData name="full_id">w469902313</SimpleData>
		<SimpleData name="osm_id">469902313</SimpleData>
		<SimpleData name="osm_type">way</SimpleData>
		<SimpleData name="amenity">parking</SimpleData>
		<SimpleData name="surface">paved</SimpleData>
		<SimpleData name="parking">surface</SimpleData>
	</SchemaData></ExtendedData>
      <MultiGeometry><Polygon><outerBoundaryIs><LinearRing><coordinates>77.7296965,12.9958028 77.7299673,12.9958528 77.7299977,12.995755 77.7297408,12.9956958 77.7296965,12.9958028</coordinates></LinearRing></outerBoundaryIs></Polygon></MultiGeometry>
  </Placemark>
  <Placemark>
	<Style><LineStyle><color>ff0000ff</color></LineStyle><PolyStyle><fill>0</fill></PolyStyle></Style>
	<ExtendedData><SchemaData schemaUrl="#amenity_parking_bengaluru_urban">
		<SimpleData name="full_id">w469902314</SimpleData>
		<SimpleData name="osm_id">469902314</SimpleData>
		<SimpleData name="osm_type">way</SimpleData>
		<SimpleData name="amenity">parking</SimpleData>
		<SimpleData name="surface">paved</SimpleData>
		<SimpleData name="parking">surface</SimpleData>
	</SchemaData></ExtendedData>
      <MultiGeometry><Polygon><outerBoundaryIs><LinearRing><coordinates>77.7303369,12.9959122 77.730566,12.9959591 77.730587,12.9958613 77.730358,12.9958145 77.7303369,12.9959122</coordinates></LinearRing></outerBoundaryIs></Polygon></MultiGeometry>
  </Placemark>
  <Placemark>
	<Style><LineStyle><color>ff0000ff</color></LineStyle><PolyStyle><fill>0</fill></PolyStyle></Style>
	<ExtendedData><SchemaData schemaUrl="#amenity_parking_bengaluru_urban">
		<SimpleData name="full_id">w469902315</SimpleData>
		<SimpleData name="osm_id">469902315</SimpleData>
		<SimpleData name="osm_type">way</SimpleData>
		<SimpleData name="amenity">parking</SimpleData>
		<SimpleData name="surface">paved</SimpleData>
		<SimpleData name="parking">surface</SimpleData>
	</SchemaData></ExtendedData>
      <MultiGeometry><Polygon><outerBoundaryIs><LinearRing><coordinates>77.7312799,12.9937845 77.731324,12.994358 77.7313933,12.9943569 77.7313913,12.9940611 77.7313887,12.9936949 77.7312799,12.9937845</coordinates></LinearRing></outerBoundaryIs></Polygon></MultiGeometry>
  </Placemark>
  <Placemark>
	<Style><LineStyle><color>ff0000ff</color></LineStyle><PolyStyle><fill>0</fill></PolyStyle></Style>
	<ExtendedData><SchemaData schemaUrl="#amenity_parking_bengaluru_urban">
		<SimpleData name="full_id">w469902320</SimpleData>
		<SimpleData name="osm_id">469902320</SimpleData>
		<SimpleData name="osm_type">way</SimpleData>
		<SimpleData name="amenity">parking</SimpleData>
		<SimpleData name="surface">paved</SimpleData>
		<SimpleData name="parking">surface</SimpleData>
	</SchemaData></ExtendedData>
      <MultiGeometry><Polygon><outerBoundaryIs><LinearRing><coordinates>77.7271507,12.9953929 77.7274994,12.9954533 77.7275262,12.9953382 77.7273806,12.9953152 77.7271951,12.995286 77.7271507,12.9953929</coordinates></LinearRing></outerBoundaryIs></Polygon></MultiGeometry>
  </Placemark>
  <Placemark>
	<Style><LineStyle><color>ff0000ff</color></LineStyle><PolyStyle><fill>0</fill></PolyStyle></Style>
	<ExtendedData><SchemaData schemaUrl="#amenity_parking_bengaluru_urban">
		<SimpleData name="full_id">w469902321</SimpleData>
		<SimpleData name="osm_id">469902321</SimpleData>
		<SimpleData name="osm_type">way</SimpleData>
		<SimpleData name="amenity">parking</SimpleData>
		<SimpleData name="surface">paved</SimpleData>
		<SimpleData name="parking">surface</SimpleData>
	</SchemaData></ExtendedData>
      <MultiGeometry><Polygon><outerBoundaryIs><LinearRing><coordinates>77.7267347,12.9924592 77.7267294,12.9943348 77.7267721,12.9943312 77.7267827,12.9924668 77.7267347,12.9924592</coordinates></LinearRing></outerBoundaryIs></Polygon></MultiGeometry>
  </Placemark>
  <Placemark>
	<Style><LineStyle><color>ff0000ff</color></LineStyle><PolyStyle><fill>0</fill></PolyStyle></Style>
	<ExtendedData><SchemaData schemaUrl="#amenity_parking_bengaluru_urban">
		<SimpleData name="full_id">w470459993</SimpleData>
		<SimpleData name="osm_id">470459993</SimpleData>
		<SimpleData name="osm_type">way</SimpleData>
		<SimpleData name="amenity">parking</SimpleData>
		<SimpleData name="capacity">10</SimpleData>
		<SimpleData name="operator">IISc</SimpleData>
		<SimpleData name="parking">surface</SimpleData>
		<SimpleData name="access">permissive</SimpleData>
	</SchemaData></ExtendedData>
      <MultiGeometry><Polygon><outerBoundaryIs><LinearRing><coordinates>77.5668329,13.0162431 77.5668139,13.015914 77.5677585,13.0158621 77.5677776,13.0161911 77.5668329,13.0162431</coordinates></LinearRing></outerBoundaryIs></Polygon></MultiGeometry>
  </Placemark>
  <Placemark>
	<name>Bhagini Parking Lot</name>
	<Style><LineStyle><color>ff0000ff</color></LineStyle><PolyStyle><fill>0</fill></PolyStyle></Style>
	<ExtendedData><SchemaData schemaUrl="#amenity_parking_bengaluru_urban">
		<SimpleData name="full_id">w475682007</SimpleData>
		<SimpleData name="osm_id">475682007</SimpleData>
		<SimpleData name="osm_type">way</SimpleData>
		<SimpleData name="amenity">parking</SimpleData>
		<SimpleData name="parking">surface</SimpleData>
	</SchemaData></ExtendedData>
      <MultiGeometry><Polygon><outerBoundaryIs><LinearRing><coordinates>77.6548097,12.9590955 77.6548461,12.9592279 77.6547911,12.9592404 77.6547718,12.9591032 77.6548097,12.9590955</coordinates></LinearRing></outerBoundaryIs></Polygon></MultiGeometry>
  </Placemark>
  <Placemark>
	<Style><LineStyle><color>ff0000ff</color></LineStyle><PolyStyle><fill>0</fill></PolyStyle></Style>
	<ExtendedData><SchemaData schemaUrl="#amenity_parking_bengaluru_urban">
		<SimpleData name="full_id">w489810878</SimpleData>
		<SimpleData name="osm_id">489810878</SimpleData>
		<SimpleData name="osm_type">way</SimpleData>
		<SimpleData name="amenity">parking</SimpleData>
		<SimpleData name="scooter">yes</SimpleData>
		<SimpleData name="motorcycle">yes</SimpleData>
		<SimpleData name="motor_vehicle">no</SimpleData>
		<SimpleData name="parking">surface</SimpleData>
		<SimpleData name="access">customers</SimpleData>
	</SchemaData></ExtendedData>
      <MultiGeometry><Polygon><outerBoundaryIs><LinearRing><coordinates>77.6218456,12.9732116 77.6218624,12.9731417 77.6216458,12.9730516 77.6216465,12.9731313 77.6218456,12.9732116</coordinates></LinearRing></outerBoundaryIs></Polygon></MultiGeometry>
  </Placemark>
  <Placemark>
	<Style><LineStyle><color>ff0000ff</color></LineStyle><PolyStyle><fill>0</fill></PolyStyle></Style>
	<ExtendedData><SchemaData schemaUrl="#amenity_parking_bengaluru_urban">
		<SimpleData name="full_id">w490291660</SimpleData>
		<SimpleData name="osm_id">490291660</SimpleData>
		<SimpleData name="osm_type">way</SimpleData>
		<SimpleData name="amenity">parking</SimpleData>
		<SimpleData name="access">private</SimpleData>
	</SchemaData></ExtendedData>
      <MultiGeometry><Polygon><outerBoundaryIs><LinearRing><coordinates>77.6893818,12.9532195 77.6903473,12.9531123 77.6903178,12.9525948 77.6896017,12.9525478 77.6893818,12.9532195</coordinates></LinearRing></outerBoundaryIs></Polygon></MultiGeometry>
  </Placemark>
  <Placemark>
	<name>MLCP</name>
	<Style><LineStyle><color>ff0000ff</color></LineStyle><PolyStyle><fill>0</fill></PolyStyle></Style>
	<ExtendedData><SchemaData schemaUrl="#amenity_parking_bengaluru_urban">
		<SimpleData name="full_id">w491335684</SimpleData>
		<SimpleData name="osm_id">491335684</SimpleData>
		<SimpleData name="osm_type">way</SimpleData>
		<SimpleData name="amenity">parking</SimpleData>
		<SimpleData name="parking">multi-storey</SimpleData>
		<SimpleData name="building">yes</SimpleData>
	</SchemaData></ExtendedData>
      <MultiGeometry><Polygon><outerBoundaryIs><LinearRing><coordinates>77.623598,13.0480676 77.6235163,13.0474987 77.6233598,13.0475234 77.6231435,13.0475588 77.6232185,13.0481184 77.6235774,13.0480708 77.623598,13.0480676</coordinates></LinearRing></outerBoundaryIs></Polygon></MultiGeometry>
  </Placemark>
  <Placemark>
	<Style><LineStyle><color>ff0000ff</color></LineStyle><PolyStyle><fill>0</fill></PolyStyle></Style>
	<ExtendedData><SchemaData schemaUrl="#amenity_parking_bengaluru_urban">
		<SimpleData name="full_id">w491335685</SimpleData>
		<SimpleData name="osm_id">491335685</SimpleData>
		<SimpleData name="osm_type">way</SimpleData>
		<SimpleData name="amenity">parking</SimpleData>
		<SimpleData name="parking">multi-storey</SimpleData>
		<SimpleData name="building">yes</SimpleData>
	</SchemaData></ExtendedData>
      <MultiGeometry><Polygon><outerBoundaryIs><LinearRing><coordinates>77.6202646,13.0463472 77.6199495,13.0464037 77.6198076,13.0456523 77.6201227,13.0455959 77.6202646,13.0463472</coordinates></LinearRing></outerBoundaryIs></Polygon></MultiGeometry>
  </Placemark>
  <Placemark>
	<name>MLCP</name>
	<Style><LineStyle><color>ff0000ff</color></LineStyle><PolyStyle><fill>0</fill></PolyStyle></Style>
	<ExtendedData><SchemaData schemaUrl="#amenity_parking_bengaluru_urban">
		<SimpleData name="full_id">w491335690</SimpleData>
		<SimpleData name="osm_id">491335690</SimpleData>
		<SimpleData name="osm_type">way</SimpleData>
		<SimpleData name="amenity">parking</SimpleData>
		<SimpleData name="building:levels:underground">8</SimpleData>
		<SimpleData name="parking">multi-storey</SimpleData>
		<SimpleData name="building">yes</SimpleData>
	</SchemaData></ExtendedData>
      <MultiGeometry><Polygon><outerBoundaryIs><LinearRing><coordinates>77.6184532,13.0468291 77.6183307,13.0462006 77.6182968,13.0462074 77.618199,13.0457459 77.6185705,13.0456712 77.6186683,13.0461327 77.6186391,13.0461386 77.6187615,13.0467671 77.6184532,13.0468291</coordinates></LinearRing></outerBoundaryIs></Polygon></MultiGeometry>
  </Placemark>
  <Placemark>
	<Style><LineStyle><color>ff0000ff</color></LineStyle><PolyStyle><fill>0</fill></PolyStyle></Style>
	<ExtendedData><SchemaData schemaUrl="#amenity_parking_bengaluru_urban">
		<SimpleData name="full_id">w493372405</SimpleData>
		<SimpleData name="osm_id">493372405</SimpleData>
		<SimpleData name="osm_type">way</SimpleData>
		<SimpleData name="amenity">parking</SimpleData>
		<SimpleData name="parking">multi-storey</SimpleData>
		<SimpleData name="building">parking</SimpleData>
		<SimpleData name="access">private</SimpleData>
	</SchemaData></ExtendedData>
      <MultiGeometry><Polygon><outerBoundaryIs><LinearRing><coordinates>77.6883525,12.9403377 77.6882836,12.9406778 77.688847,12.9408005 77.689103,12.9405274 77.688808,12.9404466 77.6883525,12.9403377</coordinates></LinearRing></outerBoundaryIs></Polygon></MultiGeometry>
  </Placemark>
  <Placemark>
	<name>Vydehi Staff Parking</name>
	<Style><LineStyle><color>ff0000ff</color></LineStyle><PolyStyle><fill>0</fill></PolyStyle></Style>
	<ExtendedData><SchemaData schemaUrl="#amenity_parking_bengaluru_urban">
		<SimpleData name="full_id">w493435700</SimpleData>
		<SimpleData name="osm_id">493435700</SimpleData>
		<SimpleData name="osm_type">way</SimpleData>
		<SimpleData name="amenity">parking</SimpleData>
	</SchemaData></ExtendedData>
      <MultiGeometry><Polygon><outerBoundaryIs><LinearRing><coordinates>77.7282961,12.9757684 77.7282478,12.9750888 77.7271741,12.9751236 77.7272054,12.9754585 77.7274217,12.9756534 77.7274324,12.9758311 77.7277436,12.975805 77.7282961,12.9757684</coordinates></LinearRing></outerBoundaryIs></Polygon></MultiGeometry>
  </Placemark>
  <Placemark>
	<name>Visitor's Parking</name>
	<Style><LineStyle><color>ff0000ff</color></LineStyle><PolyStyle><fill>0</fill></PolyStyle></Style>
	<ExtendedData><SchemaData schemaUrl="#amenity_parking_bengaluru_urban">
		<SimpleData name="full_id">w507886813</SimpleData>
		<SimpleData name="osm_id">507886813</SimpleData>
		<SimpleData name="osm_type">way</SimpleData>
		<SimpleData name="amenity">parking</SimpleData>
		<SimpleData name="lit">yes</SimpleData>
		<SimpleData name="capacity">20</SimpleData>
		<SimpleData name="name:kn">ವಿಮಾನ ನಿಲ್ದಾಣ</SimpleData>
		<SimpleData name="parking">surface</SimpleData>
		<SimpleData name="fee">no</SimpleData>
		<SimpleData name="access">permissive</SimpleData>
	</SchemaData></ExtendedData>
      <MultiGeometry><Polygon><outerBoundaryIs><LinearRing><coordinates>77.6414038,13.0605689 77.6415088,13.0606934 77.6416398,13.0605887 77.6415348,13.0604641 77.6414038,13.0605689</coordinates></LinearRing></outerBoundaryIs></Polygon></MultiGeometry>
  </Placemark>
  <Placemark>
	<Style><LineStyle><color>ff0000ff</color></LineStyle><PolyStyle><fill>0</fill></PolyStyle></Style>
	<ExtendedData><SchemaData schemaUrl="#amenity_parking_bengaluru_urban">
		<SimpleData name="full_id">w520321678</SimpleData>
		<SimpleData name="osm_id">520321678</SimpleData>
		<SimpleData name="osm_type">way</SimpleData>
		<SimpleData name="amenity">parking</SimpleData>
	</SchemaData></ExtendedData>
      <MultiGeometry><Polygon><outerBoundaryIs><LinearRing><coordinates>77.6653144,12.8621938 77.6655987,12.8621677 77.6654137,12.8609779 77.6651374,12.861025 77.6653144,12.8621938</coordinates></LinearRing></outerBoundaryIs></Polygon></MultiGeometry>
  </Placemark>
  <Placemark>
	<Style><LineStyle><color>ff0000ff</color></LineStyle><PolyStyle><fill>0</fill></PolyStyle></Style>
	<ExtendedData><SchemaData schemaUrl="#amenity_parking_bengaluru_urban">
		<SimpleData name="full_id">w520321693</SimpleData>
		<SimpleData name="osm_id">520321693</SimpleData>
		<SimpleData name="osm_type">way</SimpleData>
		<SimpleData name="amenity">parking</SimpleData>
	</SchemaData></ExtendedData>
      <MultiGeometry><Polygon><outerBoundaryIs><LinearRing><coordinates>77.6626939,12.8588297 77.6628763,12.8585787 77.6635012,12.8590285 77.663748,12.8590782 77.6641852,12.8593397 77.664314,12.8594443 77.6643274,12.8596874 77.664271,12.8597241 77.6640591,12.8597711 77.6639894,12.8597947 77.6626939,12.8588297</coordinates></LinearRing></outerBoundaryIs></Polygon></MultiGeometry>
  </Placemark>
  <Placemark>
	<Style><LineStyle><color>ff0000ff</color></LineStyle><PolyStyle><fill>0</fill></PolyStyle></Style>
	<ExtendedData><SchemaData schemaUrl="#amenity_parking_bengaluru_urban">
		<SimpleData name="full_id">w521700725</SimpleData>
		<SimpleData name="osm_id">521700725</SimpleData>
		<SimpleData name="osm_type">way</SimpleData>
		<SimpleData name="amenity">parking</SimpleData>
	</SchemaData></ExtendedData>
      <MultiGeometry><Polygon><outerBoundaryIs><LinearRing><coordinates>77.7308163,12.9767452 77.730867,12.976742 77.7313234,12.9767134 77.7312895,12.9762001 77.7307824,12.9762318 77.7308163,12.9767452</coordinates></LinearRing></outerBoundaryIs></Polygon></MultiGeometry>
  </Placemark>
  <Placemark>
	<Style><LineStyle><color>ff0000ff</color></LineStyle><PolyStyle><fill>0</fill></PolyStyle></Style>
	<ExtendedData><SchemaData schemaUrl="#amenity_parking_bengaluru_urban">
		<SimpleData name="full_id">w527188348</SimpleData>
		<SimpleData name="osm_id">527188348</SimpleData>
		<SimpleData name="osm_type">way</SimpleData>
		<SimpleData name="amenity">parking</SimpleData>
	</SchemaData></ExtendedData>
      <MultiGeometry><Polygon><outerBoundaryIs><LinearRing><coordinates>77.7457121,12.958662 77.7456665,12.958534 77.7459106,12.9584399 77.7459562,12.958534 77.7457121,12.958662</coordinates></LinearRing></outerBoundaryIs></Polygon></MultiGeometry>
  </Placemark>
  <Placemark>
	<Style><LineStyle><color>ff0000ff</color></LineStyle><PolyStyle><fill>0</fill></PolyStyle></Style>
	<ExtendedData><SchemaData schemaUrl="#amenity_parking_bengaluru_urban">
		<SimpleData name="full_id">w530606746</SimpleData>
		<SimpleData name="osm_id">530606746</SimpleData>
		<SimpleData name="osm_type">way</SimpleData>
		<SimpleData name="amenity">parking</SimpleData>
		<SimpleData name="maxstay">1 day</SimpleData>
		<SimpleData name="capacity">30</SimpleData>
		<SimpleData name="surface">asphalt</SimpleData>
		<SimpleData name="operator">Kristu Jayanti College</SimpleData>
		<SimpleData name="parking">surface</SimpleData>
		<SimpleData name="fee">no</SimpleData>
		<SimpleData name="access">private</SimpleData>
	</SchemaData></ExtendedData>
      <MultiGeometry><Polygon><outerBoundaryIs><LinearRing><coordinates>77.6417806,13.0574683 77.6419485,13.0574994 77.6419195,13.0576481 77.641895,13.057775 77.6420289,13.0579888 77.6421247,13.0575781 77.6422194,13.0575834 77.6422474,13.057434 77.641822,13.0573348 77.6417806,13.0574683</coordinates></LinearRing></outerBoundaryIs></Polygon></MultiGeometry>
  </Placemark>
  <Placemark>
	<Style><LineStyle><color>ff0000ff</color></LineStyle><PolyStyle><fill>0</fill></PolyStyle></Style>
	<ExtendedData><SchemaData schemaUrl="#amenity_parking_bengaluru_urban">
		<SimpleData name="full_id">w532166930</SimpleData>
		<SimpleData name="osm_id">532166930</SimpleData>
		<SimpleData name="osm_type">way</SimpleData>
		<SimpleData name="amenity">parking</SimpleData>
	</SchemaData></ExtendedData>
      <MultiGeometry><Polygon><outerBoundaryIs><LinearRing><coordinates>77.5997347,12.9613777 77.5997749,12.9614928 77.600795,12.9608746 77.6007298,12.960787 77.5997347,12.9613777</coordinates></LinearRing></outerBoundaryIs></Polygon></MultiGeometry>
  </Placemark>
  <Placemark>
	<Style><LineStyle><color>ff0000ff</color></LineStyle><PolyStyle><fill>0</fill></PolyStyle></Style>
	<ExtendedData><SchemaData schemaUrl="#amenity_parking_bengaluru_urban">
		<SimpleData name="full_id">w532559727</SimpleData>
		<SimpleData name="osm_id">532559727</SimpleData>
		<SimpleData name="osm_type">way</SimpleData>
		<SimpleData name="amenity">parking</SimpleData>
		<SimpleData name="parking">surface</SimpleData>
	</SchemaData></ExtendedData>
      <MultiGeometry><Polygon><outerBoundaryIs><LinearRing><coordinates>77.4984326,12.9230575 77.499,12.9236128 77.4990333,12.9235805 77.4984659,12.9230252 77.4984326,12.9230575</coordinates></LinearRing></outerBoundaryIs></Polygon></MultiGeometry>
  </Placemark>
  <Placemark>
	<Style><LineStyle><color>ff0000ff</color></LineStyle><PolyStyle><fill>0</fill></PolyStyle></Style>
	<ExtendedData><SchemaData schemaUrl="#amenity_parking_bengaluru_urban">
		<SimpleData name="full_id">w532559730</SimpleData>
		<SimpleData name="osm_id">532559730</SimpleData>
		<SimpleData name="osm_type">way</SimpleData>
		<SimpleData name="amenity">parking</SimpleData>
	</SchemaData></ExtendedData>
      <MultiGeometry><Polygon><outerBoundaryIs><LinearRing><coordinates>77.4999966,12.9235468 77.5003063,12.9238388 77.5003365,12.9238084 77.5000268,12.9235164 77.4999966,12.9235468</coordinates></LinearRing></outerBoundaryIs></Polygon></MultiGeometry>
  </Placemark>
  <Placemark>
	<Style><LineStyle><color>ff0000ff</color></LineStyle><PolyStyle><fill>0</fill></PolyStyle></Style>
	<ExtendedData><SchemaData schemaUrl="#amenity_parking_bengaluru_urban">
		<SimpleData name="full_id">w541936329</SimpleData>
		<SimpleData name="osm_id">541936329</SimpleData>
		<SimpleData name="osm_type">way</SimpleData>
		<SimpleData name="amenity">parking</SimpleData>
		<SimpleData name="operator">Hoots Car Parking</SimpleData>
	</SchemaData></ExtendedData>
      <MultiGeometry><Polygon><outerBoundaryIs><LinearRing><coordinates>77.6784999,12.91454 77.6788808,12.9144485 77.6788513,12.9142891 77.678465,12.9143963 77.6784999,12.91454</coordinates></LinearRing></outerBoundaryIs></Polygon></MultiGeometry>
  </Placemark>
  <Placemark>
	<name>Mysore Road Metro Parking</name>
	<Style><LineStyle><color>ff0000ff</color></LineStyle><PolyStyle><fill>0</fill></PolyStyle></Style>
	<ExtendedData><SchemaData schemaUrl="#amenity_parking_bengaluru_urban">
		<SimpleData name="full_id">w545052921</SimpleData>
		<SimpleData name="osm_id">545052921</SimpleData>
		<SimpleData name="osm_type">way</SimpleData>
		<SimpleData name="amenity">parking</SimpleData>
		<SimpleData name="level">0</SimpleData>
		<SimpleData name="operator">BMRCL</SimpleData>
		<SimpleData name="parking">surface</SimpleData>
		<SimpleData name="fee">yes</SimpleData>
	</SchemaData></ExtendedData>
      <MultiGeometry><Polygon><outerBoundaryIs><LinearRing><coordinates>77.5285412,12.9459713 77.5286092,12.9466371 77.5287869,12.9470175 77.5289525,12.947218 77.5291306,12.9468644 77.529225,12.9466924 77.5292937,12.9465678 77.5293185,12.946543 77.5292099,12.9464745 77.5291626,12.9463603 77.5290568,12.9462831 77.5285412,12.9459713</coordinates></LinearRing></outerBoundaryIs></Polygon></MultiGeometry>
  </Placemark>
  <Placemark>
	<name>Rajajinagar Metro Parking</name>
	<Style><LineStyle><color>ff0000ff</color></LineStyle><PolyStyle><fill>0</fill></PolyStyle></Style>
	<ExtendedData><SchemaData schemaUrl="#amenity_parking_bengaluru_urban">
		<SimpleData name="full_id">w545806415</SimpleData>
		<SimpleData name="osm_id">545806415</SimpleData>
		<SimpleData name="osm_type">way</SimpleData>
		<SimpleData name="amenity">parking</SimpleData>
		<SimpleData name="parking">surface</SimpleData>
		<SimpleData name="fee">yes</SimpleData>
		<SimpleData name="access">yes</SimpleData>
	</SchemaData></ExtendedData>
      <MultiGeometry><Polygon><outerBoundaryIs><LinearRing><coordinates>77.5503864,12.9980855 77.5505753,12.998123 77.5506111,12.9979393 77.5509483,12.9979969 77.5509739,12.9978548 77.5505958,12.9977901 77.5505789,12.997884 77.5504383,12.99786 77.5503864,12.9980855</coordinates></LinearRing></outerBoundaryIs></Polygon></MultiGeometry>
  </Placemark>
  <Placemark>
	<name>VBHC Vaibhava Visitor Parking</name>
	<Style><LineStyle><color>ff0000ff</color></LineStyle><PolyStyle><fill>0</fill></PolyStyle></Style>
	<ExtendedData><SchemaData schemaUrl="#amenity_parking_bengaluru_urban">
		<SimpleData name="full_id">w548142335</SimpleData>
		<SimpleData name="osm_id">548142335</SimpleData>
		<SimpleData name="osm_type">way</SimpleData>
		<SimpleData name="amenity">parking</SimpleData>
		<SimpleData name="park_ride">yes</SimpleData>
		<SimpleData name="capacity">50</SimpleData>
		<SimpleData name="surface">ground</SimpleData>
		<SimpleData name="parking">surface</SimpleData>
		<SimpleData name="fee">no</SimpleData>
		<SimpleData name="access">private</SimpleData>
	</SchemaData></ExtendedData>
      <MultiGeometry><Polygon><outerBoundaryIs><LinearRing><coordinates>77.7038337,12.7577978 77.7038439,12.7574549 77.7042667,12.7575124 77.7042057,12.7578197 77.7038337,12.7577978</coordinates></LinearRing></outerBoundaryIs></Polygon></MultiGeometry>
  </Placemark>
  <Placemark>
	<Style><LineStyle><color>ff0000ff</color></LineStyle><PolyStyle><fill>0</fill></PolyStyle></Style>
	<ExtendedData><SchemaData schemaUrl="#amenity_parking_bengaluru_urban">
		<SimpleData name="full_id">w553065508</SimpleData>
		<SimpleData name="osm_id">553065508</SimpleData>
		<SimpleData name="osm_type">way</SimpleData>
		<SimpleData name="amenity">parking</SimpleData>
	</SchemaData></ExtendedData>
      <MultiGeometry><Polygon><outerBoundaryIs><LinearRing><coordinates>77.6629456,12.9630259 77.6628975,12.962449 77.6630688,12.9624343 77.6631108,12.9630113 77.6629456,12.9630259</coordinates></LinearRing></outerBoundaryIs></Polygon></MultiGeometry>
  </Placemark>
  <Placemark>
	<Style><LineStyle><color>ff0000ff</color></LineStyle><PolyStyle><fill>0</fill></PolyStyle></Style>
	<ExtendedData><SchemaData schemaUrl="#amenity_parking_bengaluru_urban">
		<SimpleData name="full_id">w558277512</SimpleData>
		<SimpleData name="osm_id">558277512</SimpleData>
		<SimpleData name="osm_type">way</SimpleData>
		<SimpleData name="amenity">parking</SimpleData>
		<SimpleData name="access">customers</SimpleData>
	</SchemaData></ExtendedData>
      <MultiGeometry><Polygon><outerBoundaryIs><LinearRing><coordinates>77.6297566,13.0567866 77.6296145,13.0568402 77.6296446,13.0569094 77.6297754,13.0568597 77.6297566,13.0567866</coordinates></LinearRing></outerBoundaryIs></Polygon></MultiGeometry>
  </Placemark>
  <Placemark>
	<Style><LineStyle><color>ff0000ff</color></LineStyle><PolyStyle><fill>0</fill></PolyStyle></Style>
	<ExtendedData><SchemaData schemaUrl="#amenity_parking_bengaluru_urban">
		<SimpleData name="full_id">w558306948</SimpleData>
		<SimpleData name="osm_id">558306948</SimpleData>
		<SimpleData name="osm_type">way</SimpleData>
		<SimpleData name="amenity">parking</SimpleData>
		<SimpleData name="parking">multi-storey</SimpleData>
		<SimpleData name="building">yes</SimpleData>
	</SchemaData></ExtendedData>
      <MultiGeometry><Polygon><outerBoundaryIs><LinearRing><coordinates>77.6234394,13.049731 77.6237927,13.0496532 77.6236492,13.049035 77.6232959,13.0491128 77.6233378,13.049293 77.6234394,13.049731</coordinates></LinearRing></outerBoundaryIs></Polygon></MultiGeometry>
  </Placemark>
  <Placemark>
	<Style><LineStyle><color>ff0000ff</color></LineStyle><PolyStyle><fill>0</fill></PolyStyle></Style>
	<ExtendedData><SchemaData schemaUrl="#amenity_parking_bengaluru_urban">
		<SimpleData name="full_id">w577482809</SimpleData>
		<SimpleData name="osm_id">577482809</SimpleData>
		<SimpleData name="osm_type">way</SimpleData>
		<SimpleData name="amenity">parking</SimpleData>
	</SchemaData></ExtendedData>
      <MultiGeometry><Polygon><outerBoundaryIs><LinearRing><coordinates>77.7144481,12.9702274 77.7146127,12.9700524 77.7145697,12.9700414 77.714435,12.9701854 77.7144481,12.9702274</coordinates></LinearRing></outerBoundaryIs></Polygon></MultiGeometry>
  </Placemark>
  <Placemark>
	<Style><LineStyle><color>ff0000ff</color></LineStyle><PolyStyle><fill>0</fill></PolyStyle></Style>
	<ExtendedData><SchemaData schemaUrl="#amenity_parking_bengaluru_urban">
		<SimpleData name="full_id">w577482811</SimpleData>
		<SimpleData name="osm_id">577482811</SimpleData>
		<SimpleData name="osm_type">way</SimpleData>
		<SimpleData name="amenity">parking</SimpleData>
	</SchemaData></ExtendedData>
      <MultiGeometry><Polygon><outerBoundaryIs><LinearRing><coordinates>77.7148016,12.9700761 77.7151009,12.9700469 77.7150934,12.9699868 77.7147904,12.9700141 77.7148016,12.9700761</coordinates></LinearRing></outerBoundaryIs></Polygon></MultiGeometry>
  </Placemark>
  <Placemark>
	<Style><LineStyle><color>ff0000ff</color></LineStyle><PolyStyle><fill>0</fill></PolyStyle></Style>
	<ExtendedData><SchemaData schemaUrl="#amenity_parking_bengaluru_urban">
		<SimpleData name="full_id">w577482813</SimpleData>
		<SimpleData name="osm_id">577482813</SimpleData>
		<SimpleData name="osm_type">way</SimpleData>
		<SimpleData name="amenity">parking</SimpleData>
	</SchemaData></ExtendedData>
      <MultiGeometry><Polygon><outerBoundaryIs><LinearRing><coordinates>77.7153665,12.9701453 77.7154769,12.9702529 77.7154778,12.9703385 77.7155348,12.9703167 77.7155311,12.9702365 77.7154245,12.9701362 77.7153665,12.9701453</coordinates></LinearRing></outerBoundaryIs></Polygon></MultiGeometry>
  </Placemark>
  <Placemark>
	<Style><LineStyle><color>ff0000ff</color></LineStyle><PolyStyle><fill>0</fill></PolyStyle></Style>
	<ExtendedData><SchemaData schemaUrl="#amenity_parking_bengaluru_urban">
		<SimpleData name="full_id">w577482814</SimpleData>
		<SimpleData name="osm_id">577482814</SimpleData>
		<SimpleData name="osm_type">way</SimpleData>
		<SimpleData name="amenity">parking</SimpleData>
	</SchemaData></ExtendedData>
      <MultiGeometry><Polygon><outerBoundaryIs><LinearRing><coordinates>77.7143339,12.9699913 77.7151125,12.969929 77.7151079,12.9698751 77.7143294,12.9699373 77.7143339,12.9699913</coordinates></LinearRing></outerBoundaryIs></Polygon></MultiGeometry>
  </Placemark>
  <Placemark>
	<name>DTP Shuttle Parking</name>
	<Style><LineStyle><color>ff0000ff</color></LineStyle><PolyStyle><fill>0</fill></PolyStyle></Style>
	<ExtendedData><SchemaData schemaUrl="#amenity_parking_bengaluru_urban">
		<SimpleData name="full_id">w578149231</SimpleData>
		<SimpleData name="osm_id">578149231</SimpleData>
		<SimpleData name="osm_type">way</SimpleData>
		<SimpleData name="amenity">parking</SimpleData>
		<SimpleData name="access">private</SimpleData>
	</SchemaData></ExtendedData>
      <MultiGeometry><Polygon><outerBoundaryIs><LinearRing><coordinates>77.7230075,12.9695492 77.7233478,12.9694983 77.7237226,12.9694422 77.723792,12.9693608 77.7234883,12.9690009 77.7229791,12.9690741 77.723001,12.9694136 77.7230075,12.9695492</coordinates></LinearRing></outerBoundaryIs></Polygon></MultiGeometry>
  </Placemark>
  <Placemark>
	<Style><LineStyle><color>ff0000ff</color></LineStyle><PolyStyle><fill>0</fill></PolyStyle></Style>
	<ExtendedData><SchemaData schemaUrl="#amenity_parking_bengaluru_urban">
		<SimpleData name="full_id">w578161659</SimpleData>
		<SimpleData name="osm_id">578161659</SimpleData>
		<SimpleData name="osm_type">way</SimpleData>
		<SimpleData name="amenity">parking</SimpleData>
	</SchemaData></ExtendedData>
      <MultiGeometry><Polygon><outerBoundaryIs><LinearRing><coordinates>77.7233981,12.9648033 77.7238965,12.9648118 77.7238848,12.9646613 77.7240918,12.9646442 77.7240831,12.9644624 77.7244552,12.9644616 77.7245786,12.9644113 77.7245844,12.9642835 77.7244882,12.9642238 77.7240544,12.9642648 77.7234068,12.9642295 77.7233981,12.9648033</coordinates></LinearRing></outerBoundaryIs></Polygon></MultiGeometry>
  </Placemark>
  <Placemark>
	<Style><LineStyle><color>ff0000ff</color></LineStyle><PolyStyle><fill>0</fill></PolyStyle></Style>
	<ExtendedData><SchemaData schemaUrl="#amenity_parking_bengaluru_urban">
		<SimpleData name="full_id">w578162321</SimpleData>
		<SimpleData name="osm_id">578162321</SimpleData>
		<SimpleData name="osm_type">way</SimpleData>
		<SimpleData name="amenity">parking</SimpleData>
	</SchemaData></ExtendedData>
      <MultiGeometry><Polygon><outerBoundaryIs><LinearRing><coordinates>77.7247836,12.97121 77.7247363,12.9708892 77.7253462,12.970756 77.7253065,12.9711315 77.7247836,12.97121</coordinates></LinearRing></outerBoundaryIs></Polygon></MultiGeometry>
  </Placemark>
  <Placemark>
	<Style><LineStyle><color>ff0000ff</color></LineStyle><PolyStyle><fill>0</fill></PolyStyle></Style>
	<ExtendedData><SchemaData schemaUrl="#amenity_parking_bengaluru_urban">
		<SimpleData name="full_id">w586856378</SimpleData>
		<SimpleData name="osm_id">586856378</SimpleData>
		<SimpleData name="osm_type">way</SimpleData>
		<SimpleData name="amenity">parking</SimpleData>
	</SchemaData></ExtendedData>
      <MultiGeometry><Polygon><outerBoundaryIs><LinearRing><coordinates>77.6031826,12.8949622 77.6035702,12.894855 77.6035366,12.8947395 77.603149,12.8948467 77.6031826,12.8949622</coordinates></LinearRing></outerBoundaryIs></Polygon></MultiGeometry>
  </Placemark>
  <Placemark>
	<Style><LineStyle><color>ff0000ff</color></LineStyle><PolyStyle><fill>0</fill></PolyStyle></Style>
	<ExtendedData><SchemaData schemaUrl="#amenity_parking_bengaluru_urban">
		<SimpleData name="full_id">w598030837</SimpleData>
		<SimpleData name="osm_id">598030837</SimpleData>
		<SimpleData name="osm_type">way</SimpleData>
		<SimpleData name="amenity">parking</SimpleData>
	</SchemaData></ExtendedData>
      <MultiGeometry><Polygon><outerBoundaryIs><LinearRing><coordinates>77.728258,12.9885678 77.7281786,12.9881558 77.7283095,12.9881998 77.7283438,12.9883608 77.7285348,12.9883295 77.728614,12.9883692 77.7286313,12.9884967 77.728258,12.9885678</coordinates></LinearRing></outerBoundaryIs></Polygon></MultiGeometry>
  </Placemark>
  <Placemark>
	<Style><LineStyle><color>ff0000ff</color></LineStyle><PolyStyle><fill>0</fill></PolyStyle></Style>
	<ExtendedData><SchemaData schemaUrl="#amenity_parking_bengaluru_urban">
		<SimpleData name="full_id">w608640671</SimpleData>
		<SimpleData name="osm_id">608640671</SimpleData>
		<SimpleData name="osm_type">way</SimpleData>
		<SimpleData name="amenity">parking</SimpleData>
	</SchemaData></ExtendedData>
      <MultiGeometry><Polygon><outerBoundaryIs><LinearRing><coordinates>77.6946285,12.8075957 77.6954517,12.807395 77.6954868,12.8073864 77.6957121,12.807784 77.6953205,12.8080978 77.6950443,12.8082077 77.69476,12.8082783 77.6946285,12.8075957</coordinates></LinearRing></outerBoundaryIs></Polygon></MultiGeometry>
  </Placemark>
  <Placemark>
	<Style><LineStyle><color>ff0000ff</color></LineStyle><PolyStyle><fill>0</fill></PolyStyle></Style>
	<ExtendedData><SchemaData schemaUrl="#amenity_parking_bengaluru_urban">
		<SimpleData name="full_id">w608640673</SimpleData>
		<SimpleData name="osm_id">608640673</SimpleData>
		<SimpleData name="osm_type">way</SimpleData>
		<SimpleData name="amenity">parking</SimpleData>
	</SchemaData></ExtendedData>
      <MultiGeometry><Polygon><outerBoundaryIs><LinearRing><coordinates>77.6936492,12.8058396 77.6939658,12.8057915 77.6938808,12.8052595 77.6939761,12.805245 77.6939615,12.8051532 77.6942252,12.8051132 77.6941946,12.8049215 77.6944947,12.8048759 77.6944149,12.8043766 77.6938819,12.8044576 77.6939848,12.8051017 77.6938012,12.8051296 77.6936826,12.8043877 77.6934878,12.8044173 77.6936187,12.8052363 77.6934723,12.8052585 77.6935535,12.8057669 77.6936356,12.8057545 77.6936492,12.8058396</coordinates></LinearRing></outerBoundaryIs></Polygon></MultiGeometry>
  </Placemark>
  <Placemark>
	<Style><LineStyle><color>ff0000ff</color></LineStyle><PolyStyle><fill>0</fill></PolyStyle></Style>
	<ExtendedData><SchemaData schemaUrl="#amenity_parking_bengaluru_urban">
		<SimpleData name="full_id">w609388076</SimpleData>
		<SimpleData name="osm_id">609388076</SimpleData>
		<SimpleData name="osm_type">way</SimpleData>
		<SimpleData name="amenity">parking</SimpleData>
		<SimpleData name="capacity">20</SimpleData>
		<SimpleData name="surface">unpaved</SimpleData>
		<SimpleData name="supervised">no</SimpleData>
		<SimpleData name="parking">surface</SimpleData>
		<SimpleData name="fee">no</SimpleData>
	</SchemaData></ExtendedData>
      <MultiGeometry><Polygon><outerBoundaryIs><LinearRing><coordinates>77.6716196,12.9180321 77.6716596,12.9181145 77.6718357,12.9180334 77.6718238,12.9180088 77.6717958,12.917951 77.6716196,12.9180321</coordinates></LinearRing></outerBoundaryIs></Polygon></MultiGeometry>
  </Placemark>
  <Placemark>
	<Style><LineStyle><color>ff0000ff</color></LineStyle><PolyStyle><fill>0</fill></PolyStyle></Style>
	<ExtendedData><SchemaData schemaUrl="#amenity_parking_bengaluru_urban">
		<SimpleData name="full_id">w609445530</SimpleData>
		<SimpleData name="osm_id">609445530</SimpleData>
		<SimpleData name="osm_type">way</SimpleData>
		<SimpleData name="amenity">parking</SimpleData>
		<SimpleData name="surface">asphalt</SimpleData>
		<SimpleData name="supervised">no</SimpleData>
		<SimpleData name="operator">Decathlon</SimpleData>
		<SimpleData name="parking">surface</SimpleData>
		<SimpleData name="fee">no</SimpleData>
		<SimpleData name="access">permissive</SimpleData>
	</SchemaData></ExtendedData>
      <MultiGeometry><Polygon><outerBoundaryIs><LinearRing><coordinates>77.7068958,12.9016036 77.7069289,12.9010816 77.7069865,12.9010849 77.7069879,12.9013973 77.7075364,12.9013855 77.707493,12.9014933 77.7069619,12.9017403 77.70696,12.9016044 77.7068958,12.9016036</coordinates></LinearRing></outerBoundaryIs></Polygon></MultiGeometry>
  </Placemark>
  <Placemark>
	<Style><LineStyle><color>ff0000ff</color></LineStyle><PolyStyle><fill>0</fill></PolyStyle></Style>
	<ExtendedData><SchemaData schemaUrl="#amenity_parking_bengaluru_urban">
		<SimpleData name="full_id">w609903166</SimpleData>
		<SimpleData name="osm_id">609903166</SimpleData>
		<SimpleData name="osm_type">way</SimpleData>
		<SimpleData name="amenity">parking</SimpleData>
		<SimpleData name="parking">lane</SimpleData>
	</SchemaData></ExtendedData>
      <MultiGeometry><Polygon><outerBoundaryIs><LinearRing><coordinates>77.6820636,12.9120571 77.6821333,12.9120205 77.6821012,12.9119591 77.6820287,12.911997 77.6820636,12.9120571</coordinates></LinearRing></outerBoundaryIs></Polygon></MultiGeometry>
  </Placemark>
  <Placemark>
	<Style><LineStyle><color>ff0000ff</color></LineStyle><PolyStyle><fill>0</fill></PolyStyle></Style>
	<ExtendedData><SchemaData schemaUrl="#amenity_parking_bengaluru_urban">
		<SimpleData name="full_id">w609913522</SimpleData>
		<SimpleData name="osm_id">609913522</SimpleData>
		<SimpleData name="osm_type">way</SimpleData>
		<SimpleData name="amenity">parking</SimpleData>
		<SimpleData name="parking">street_side</SimpleData>
	</SchemaData></ExtendedData>
      <MultiGeometry><Polygon><outerBoundaryIs><LinearRing><coordinates>77.6771939,12.9142594 77.6774973,12.9141772 77.6774806,12.9141186 77.6771772,12.9142008 77.6771939,12.9142594</coordinates></LinearRing></outerBoundaryIs></Polygon></MultiGeometry>
  </Placemark>
  <Placemark>
	<Style><LineStyle><color>ff0000ff</color></LineStyle><PolyStyle><fill>0</fill></PolyStyle></Style>
	<ExtendedData><SchemaData schemaUrl="#amenity_parking_bengaluru_urban">
		<SimpleData name="full_id">w609926250</SimpleData>
		<SimpleData name="osm_id">609926250</SimpleData>
		<SimpleData name="osm_type">way</SimpleData>
		<SimpleData name="amenity">parking</SimpleData>
		<SimpleData name="supervised">yes</SimpleData>
		<SimpleData name="operator">Total Mall</SimpleData>
		<SimpleData name="parking">multi-storey</SimpleData>
		<SimpleData name="fee">yes</SimpleData>
	</SchemaData></ExtendedData>
      <MultiGeometry><Polygon><outerBoundaryIs><LinearRing><coordinates>77.6717526,12.9175053 77.6719832,12.9173981 77.6718947,12.9172046 77.6719457,12.9171497 77.6718652,12.9169772 77.6718243,12.916999 77.6715219,12.9171602 77.6715192,12.9172203 77.6716909,12.9175079 77.6717526,12.9175053</coordinates></LinearRing></outerBoundaryIs></Polygon></MultiGeometry>
  </Placemark>
  <Placemark>
	<Style><LineStyle><color>ff0000ff</color></LineStyle><PolyStyle><fill>0</fill></PolyStyle></Style>
	<ExtendedData><SchemaData schemaUrl="#amenity_parking_bengaluru_urban">
		<SimpleData name="full_id">w609926251</SimpleData>
		<SimpleData name="osm_id">609926251</SimpleData>
		<SimpleData name="osm_type">way</SimpleData>
		<SimpleData name="amenity">parking</SimpleData>
		<SimpleData name="supervised">yes</SimpleData>
		<SimpleData name="operator">Total Mall</SimpleData>
		<SimpleData name="parking">multi-storey</SimpleData>
		<SimpleData name="fee">yes</SimpleData>
	</SchemaData></ExtendedData>
      <MultiGeometry><Polygon><outerBoundaryIs><LinearRing><coordinates>77.6715192,12.9172203 77.6713502,12.9172883 77.6707575,12.9163916 77.6708165,12.9163314 77.6713449,12.9160151 77.6718652,12.9169772 77.6718243,12.916999 77.6714119,12.9162216 77.6713851,12.9162452 77.6713341,12.9161981 77.671192,12.9161955 77.6711222,12.9162373 77.670913,12.9164125 77.6708755,12.9164778 77.6713636,12.9171759 77.6714468,12.9171314 77.6715192,12.9172203</coordinates></LinearRing></outerBoundaryIs></Polygon></MultiGeometry>
  </Placemark>
  <Placemark>
	<Style><LineStyle><color>ff0000ff</color></LineStyle><PolyStyle><fill>0</fill></PolyStyle></Style>
	<ExtendedData><SchemaData schemaUrl="#amenity_parking_bengaluru_urban">
		<SimpleData name="full_id">w609928676</SimpleData>
		<SimpleData name="osm_id">609928676</SimpleData>
		<SimpleData name="osm_type">way</SimpleData>
		<SimpleData name="amenity">parking</SimpleData>
		<SimpleData name="parking">street_side</SimpleData>
	</SchemaData></ExtendedData>
      <MultiGeometry><Polygon><outerBoundaryIs><LinearRing><coordinates>77.6825553,12.9118695 77.6826264,12.9118525 77.6826244,12.9118178 77.6826438,12.9118094 77.6826244,12.9117146 77.6825251,12.9117643 77.6825553,12.9118695</coordinates></LinearRing></outerBoundaryIs></Polygon></MultiGeometry>
  </Placemark>
  <Placemark>
	<Style><LineStyle><color>ff0000ff</color></LineStyle><PolyStyle><fill>0</fill></PolyStyle></Style>
	<ExtendedData><SchemaData schemaUrl="#amenity_parking_bengaluru_urban">
		<SimpleData name="full_id">w609974385</SimpleData>
		<SimpleData name="osm_id">609974385</SimpleData>
		<SimpleData name="osm_type">way</SimpleData>
		<SimpleData name="amenity">parking</SimpleData>
		<SimpleData name="surface">asphalt</SimpleData>
		<SimpleData name="parking">surface</SimpleData>
	</SchemaData></ExtendedData>
      <MultiGeometry><Polygon><outerBoundaryIs><LinearRing><coordinates>77.6861704,12.9024039 77.6863448,12.9024248 77.6863555,12.9021032 77.6862965,12.9021006 77.6862992,12.9020405 77.6862053,12.9020405 77.6861704,12.9024039</coordinates></LinearRing></outerBoundaryIs></Polygon></MultiGeometry>
  </Placemark>
  <Placemark>
	<Style><LineStyle><color>ff0000ff</color></LineStyle><PolyStyle><fill>0</fill></PolyStyle></Style>
	<ExtendedData><SchemaData schemaUrl="#amenity_parking_bengaluru_urban">
		<SimpleData name="full_id">w610126419</SimpleData>
		<SimpleData name="osm_id">610126419</SimpleData>
		<SimpleData name="osm_type">way</SimpleData>
		<SimpleData name="amenity">parking</SimpleData>
		<SimpleData name="surface">asphalt</SimpleData>
		<SimpleData name="parking">surface</SimpleData>
	</SchemaData></ExtendedData>
      <MultiGeometry><Polygon><outerBoundaryIs><LinearRing><coordinates>77.6670111,12.9200694 77.6670968,12.9200496 77.667069,12.919973 77.6669595,12.9200001 77.6669654,12.9200231 77.666997,12.9200153 77.6670111,12.9200694</coordinates></LinearRing></outerBoundaryIs></Polygon></MultiGeometry>
  </Placemark>
  <Placemark>
	<Style><LineStyle><color>ff0000ff</color></LineStyle><PolyStyle><fill>0</fill></PolyStyle></Style>
	<ExtendedData><SchemaData schemaUrl="#amenity_parking_bengaluru_urban">
		<SimpleData name="full_id">w610133415</SimpleData>
		<SimpleData name="osm_id">610133415</SimpleData>
		<SimpleData name="osm_type">way</SimpleData>
		<SimpleData name="amenity">parking</SimpleData>
		<SimpleData name="surface">asphalt</SimpleData>
		<SimpleData name="parking">surface</SimpleData>
		<SimpleData name="access">customers</SimpleData>
	</SchemaData></ExtendedData>
      <MultiGeometry><Polygon><outerBoundaryIs><LinearRing><coordinates>77.6681762,12.9195329 77.6684102,12.9194656 77.668376,12.919397 77.668152,12.9194565 77.6681762,12.9195329</coordinates></LinearRing></outerBoundaryIs></Polygon></MultiGeometry>
  </Placemark>
  <Placemark>
	<Style><LineStyle><color>ff0000ff</color></LineStyle><PolyStyle><fill>0</fill></PolyStyle></Style>
	<ExtendedData><SchemaData schemaUrl="#amenity_parking_bengaluru_urban">
		<SimpleData name="full_id">w610166000</SimpleData>
		<SimpleData name="osm_id">610166000</SimpleData>
		<SimpleData name="osm_type">way</SimpleData>
		<SimpleData name="amenity">parking</SimpleData>
	</SchemaData></ExtendedData>
      <MultiGeometry><Polygon><outerBoundaryIs><LinearRing><coordinates>77.6400492,12.9244693 77.6401351,12.9244537 77.6401525,12.9244929 77.6402182,12.9244589 77.6401512,12.9242223 77.6399996,12.9242654 77.6399835,12.924285 77.6400492,12.9244693</coordinates></LinearRing></outerBoundaryIs></Polygon></MultiGeometry>
  </Placemark>
  <Placemark>
	<Style><LineStyle><color>ff0000ff</color></LineStyle><PolyStyle><fill>0</fill></PolyStyle></Style>
	<ExtendedData><SchemaData schemaUrl="#amenity_parking_bengaluru_urban">
		<SimpleData name="full_id">w610348506</SimpleData>
		<SimpleData name="osm_id">610348506</SimpleData>
		<SimpleData name="osm_type">way</SimpleData>
		<SimpleData name="amenity">parking</SimpleData>
		<SimpleData name="parking">surface</SimpleData>
		<SimpleData name="access">customers</SimpleData>
	</SchemaData></ExtendedData>
      <MultiGeometry><Polygon><outerBoundaryIs><LinearRing><coordinates>77.6760493,12.9146525 77.6760354,12.9146043 77.6761217,12.9145806 77.6761512,12.9146245 77.6760493,12.9146525</coordinates></LinearRing></outerBoundaryIs></Polygon></MultiGeometry>
  </Placemark>
  <Placemark>
	<Style><LineStyle><color>ff0000ff</color></LineStyle><PolyStyle><fill>0</fill></PolyStyle></Style>
	<ExtendedData><SchemaData schemaUrl="#amenity_parking_bengaluru_urban">
		<SimpleData name="full_id">w610388966</SimpleData>
		<SimpleData name="osm_id">610388966</SimpleData>
		<SimpleData name="osm_type">way</SimpleData>
		<SimpleData name="amenity">parking</SimpleData>
		<SimpleData name="surface">asphalt</SimpleData>
		<SimpleData name="parking">surface</SimpleData>
		<SimpleData name="access">customers</SimpleData>
	</SchemaData></ExtendedData>
      <MultiGeometry><Polygon><outerBoundaryIs><LinearRing><coordinates>77.6520414,12.9136791 77.6521876,12.9136809 77.6521898,12.9135057 77.6520436,12.913504 77.6520414,12.9136791</coordinates></LinearRing></outerBoundaryIs></Polygon></MultiGeometry>
  </Placemark>
  <Placemark>
	<Style><LineStyle><color>ff0000ff</color></LineStyle><PolyStyle><fill>0</fill></PolyStyle></Style>
	<ExtendedData><SchemaData schemaUrl="#amenity_parking_bengaluru_urban">
		<SimpleData name="full_id">w610389738</SimpleData>
		<SimpleData name="osm_id">610389738</SimpleData>
		<SimpleData name="osm_type">way</SimpleData>
		<SimpleData name="amenity">parking</SimpleData>
		<SimpleData name="parking">surface</SimpleData>
		<SimpleData name="access">customers</SimpleData>
	</SchemaData></ExtendedData>
      <MultiGeometry><Polygon><outerBoundaryIs><LinearRing><coordinates>77.6681436,12.9190287 77.6680337,12.9190784 77.6680136,12.9189529 77.6679814,12.9189385 77.6678982,12.9189712 77.6677909,12.9189843 77.6677668,12.9189255 77.6681122,12.9188178 77.6681348,12.9188481 77.6681758,12.9190209 77.6681436,12.9190287</coordinates></LinearRing></outerBoundaryIs></Polygon></MultiGeometry>
  </Placemark>
  <Placemark>
	<Style><LineStyle><color>ff0000ff</color></LineStyle><PolyStyle><fill>0</fill></PolyStyle></Style>
	<ExtendedData><SchemaData schemaUrl="#amenity_parking_bengaluru_urban">
		<SimpleData name="full_id">w610462176</SimpleData>
		<SimpleData name="osm_id">610462176</SimpleData>
		<SimpleData name="osm_type">way</SimpleData>
		<SimpleData name="amenity">parking</SimpleData>
		<SimpleData name="surface">asphalt</SimpleData>
		<SimpleData name="parking">surface</SimpleData>
		<SimpleData name="fee">no</SimpleData>
		<SimpleData name="access">customers</SimpleData>
	</SchemaData></ExtendedData>
      <MultiGeometry><Polygon><outerBoundaryIs><LinearRing><coordinates>77.6667251,12.9145156 77.6668277,12.9144869 77.6667251,12.9142496 77.6666587,12.9142634 77.6667251,12.9145156</coordinates></LinearRing></outerBoundaryIs></Polygon></MultiGeometry>
  </Placemark>
  <Placemark>
	<Style><LineStyle><color>ff0000ff</color></LineStyle><PolyStyle><fill>0</fill></PolyStyle></Style>
	<ExtendedData><SchemaData schemaUrl="#amenity_parking_bengaluru_urban">
		<SimpleData name="full_id">w610471333</SimpleData>
		<SimpleData name="osm_id">610471333</SimpleData>
		<SimpleData name="osm_type">way</SimpleData>
		<SimpleData name="amenity">parking</SimpleData>
		<SimpleData name="surface">compacted</SimpleData>
		<SimpleData name="parking">surface</SimpleData>
		<SimpleData name="fee">no</SimpleData>
		<SimpleData name="access">customers</SimpleData>
	</SchemaData></ExtendedData>
      <MultiGeometry><Polygon><outerBoundaryIs><LinearRing><coordinates>77.6713817,12.9181445 77.6715138,12.9181008 77.671487,12.9180406 77.6713569,12.9180831 77.6713817,12.9181445</coordinates></LinearRing></outerBoundaryIs></Polygon></MultiGeometry>
  </Placemark>
  <Placemark>
	<Style><LineStyle><color>ff0000ff</color></LineStyle><PolyStyle><fill>0</fill></PolyStyle></Style>
	<ExtendedData><SchemaData schemaUrl="#amenity_parking_bengaluru_urban">
		<SimpleData name="full_id">w610471336</SimpleData>
		<SimpleData name="osm_id">610471336</SimpleData>
		<SimpleData name="osm_type">way</SimpleData>
		<SimpleData name="amenity">parking</SimpleData>
	</SchemaData></ExtendedData>
      <MultiGeometry><Polygon><outerBoundaryIs><LinearRing><coordinates>77.672108,12.9178005 77.6722528,12.9177313 77.6722332,12.9176924 77.6720884,12.9177616 77.672108,12.9178005</coordinates></LinearRing></outerBoundaryIs></Polygon></MultiGeometry>
  </Placemark>
  <Placemark>
	<Style><LineStyle><color>ff0000ff</color></LineStyle><PolyStyle><fill>0</fill></PolyStyle></Style>
	<ExtendedData><SchemaData schemaUrl="#amenity_parking_bengaluru_urban">
		<SimpleData name="full_id">w611480762</SimpleData>
		<SimpleData name="osm_id">611480762</SimpleData>
		<SimpleData name="osm_type">way</SimpleData>
		<SimpleData name="amenity">parking</SimpleData>
		<SimpleData name="park_ride">no</SimpleData>
		<SimpleData name="surface">ground</SimpleData>
		<SimpleData name="supervised">yes</SimpleData>
		<SimpleData name="access">customers</SimpleData>
	</SchemaData></ExtendedData>
      <MultiGeometry><Polygon><outerBoundaryIs><LinearRing><coordinates>77.6770662,12.9133272 77.6770126,12.9132037 77.6770749,12.9131886 77.677081,12.9133259 77.6770662,12.9133272</coordinates></LinearRing></outerBoundaryIs></Polygon></MultiGeometry>
  </Placemark>
  <Placemark>
	<Style><LineStyle><color>ff0000ff</color></LineStyle><PolyStyle><fill>0</fill></PolyStyle></Style>
	<ExtendedData><SchemaData schemaUrl="#amenity_parking_bengaluru_urban">
		<SimpleData name="full_id">w611510350</SimpleData>
		<SimpleData name="osm_id">611510350</SimpleData>
		<SimpleData name="osm_type">way</SimpleData>
		<SimpleData name="amenity">parking</SimpleData>
		<SimpleData name="surface">asphalt</SimpleData>
		<SimpleData name="supervised">no</SimpleData>
		<SimpleData name="parking">surface</SimpleData>
		<SimpleData name="access">customers</SimpleData>
	</SchemaData></ExtendedData>
      <MultiGeometry><Polygon><outerBoundaryIs><LinearRing><coordinates>77.6806615,12.9127961 77.6809653,12.9126458 77.6809364,12.9125758 77.6806159,12.9127301 77.6806615,12.9127961</coordinates></LinearRing></outerBoundaryIs></Polygon></MultiGeometry>
  </Placemark>
  <Placemark>
	<Style><LineStyle><color>ff0000ff</color></LineStyle><PolyStyle><fill>0</fill></PolyStyle></Style>
	<ExtendedData><SchemaData schemaUrl="#amenity_parking_bengaluru_urban">
		<SimpleData name="full_id">w613384191</SimpleData>
		<SimpleData name="osm_id">613384191</SimpleData>
		<SimpleData name="osm_type">way</SimpleData>
		<SimpleData name="amenity">parking</SimpleData>
		<SimpleData name="surface">compacted</SimpleData>
		<SimpleData name="parking">surface</SimpleData>
		<SimpleData name="access">private</SimpleData>
	</SchemaData></ExtendedData>
      <MultiGeometry><Polygon><outerBoundaryIs><LinearRing><coordinates>77.6192239,12.9467034 77.6194036,12.9465832 77.6194304,12.9465048 77.6194224,12.9463924 77.6193902,12.9463636 77.6190951,12.9464473 77.6192239,12.9467034</coordinates></LinearRing></outerBoundaryIs></Polygon></MultiGeometry>
  </Placemark>
  <Placemark>
	<Style><LineStyle><color>ff0000ff</color></LineStyle><PolyStyle><fill>0</fill></PolyStyle></Style>
	<ExtendedData><SchemaData schemaUrl="#amenity_parking_bengaluru_urban">
		<SimpleData name="full_id">w613400105</SimpleData>
		<SimpleData name="osm_id">613400105</SimpleData>
		<SimpleData name="osm_type">way</SimpleData>
		<SimpleData name="amenity">parking</SimpleData>
		<SimpleData name="parking">street_side</SimpleData>
	</SchemaData></ExtendedData>
      <MultiGeometry><Polygon><outerBoundaryIs><LinearRing><coordinates>77.6816953,12.9119032 77.6819151,12.9117834 77.6818764,12.911716 77.6816566,12.9118358 77.6816953,12.9119032</coordinates></LinearRing></outerBoundaryIs></Polygon></MultiGeometry>
  </Placemark>
  <Placemark>
	<Style><LineStyle><color>ff0000ff</color></LineStyle><PolyStyle><fill>0</fill></PolyStyle></Style>
	<ExtendedData><SchemaData schemaUrl="#amenity_parking_bengaluru_urban">
		<SimpleData name="full_id">w613499748</SimpleData>
		<SimpleData name="osm_id">613499748</SimpleData>
		<SimpleData name="osm_type">way</SimpleData>
		<SimpleData name="amenity">parking</SimpleData>
		<SimpleData name="surface">compacted</SimpleData>
		<SimpleData name="parking">surface</SimpleData>
		<SimpleData name="access">customers</SimpleData>
	</SchemaData></ExtendedData>
      <MultiGeometry><Polygon><outerBoundaryIs><LinearRing><coordinates>77.6860154,12.9099868 77.6857313,12.9101362 77.6857217,12.9101189 77.6857069,12.9101098 77.6856801,12.9101046 77.6856305,12.910115 77.6856211,12.9101294 77.6856184,12.9101503 77.6856298,12.9101774 77.6855553,12.9102072 77.6855313,12.9101503 77.6855567,12.9101203 77.6855621,12.910102 77.6859626,12.9098915 77.6860154,12.9099868</coordinates></LinearRing></outerBoundaryIs></Polygon></MultiGeometry>
  </Placemark>
  <Placemark>
	<Style><LineStyle><color>ff0000ff</color></LineStyle><PolyStyle><fill>0</fill></PolyStyle></Style>
	<ExtendedData><SchemaData schemaUrl="#amenity_parking_bengaluru_urban">
		<SimpleData name="full_id">w617989514</SimpleData>
		<SimpleData name="osm_id">617989514</SimpleData>
		<SimpleData name="osm_type">way</SimpleData>
		<SimpleData name="amenity">parking</SimpleData>
		<SimpleData name="surface">paving_stones</SimpleData>
		<SimpleData name="supervised">no</SimpleData>
		<SimpleData name="parking">surface</SimpleData>
		<SimpleData name="access">customers</SimpleData>
	</SchemaData></ExtendedData>
      <MultiGeometry><Polygon><outerBoundaryIs><LinearRing><coordinates>77.6836859,12.9085231 77.683708,12.9085159 77.6836571,12.9083858 77.6836517,12.9083891 77.6836859,12.9085231</coordinates></LinearRing></outerBoundaryIs></Polygon></MultiGeometry>
  </Placemark>
  <Placemark>
	<Style><LineStyle><color>ff0000ff</color></LineStyle><PolyStyle><fill>0</fill></PolyStyle></Style>
	<ExtendedData><SchemaData schemaUrl="#amenity_parking_bengaluru_urban">
		<SimpleData name="full_id">w617989515</SimpleData>
		<SimpleData name="osm_id">617989515</SimpleData>
		<SimpleData name="osm_type">way</SimpleData>
		<SimpleData name="amenity">parking</SimpleData>
		<SimpleData name="level">-1</SimpleData>
		<SimpleData name="surface">cement</SimpleData>
		<SimpleData name="parking">underground</SimpleData>
		<SimpleData name="layer">-1</SimpleData>
		<SimpleData name="access">customers</SimpleData>
	</SchemaData></ExtendedData>
      <MultiGeometry><Polygon><outerBoundaryIs><LinearRing><coordinates>77.6835162,12.9085603 77.6836658,12.9085257 77.6836343,12.9083727 77.6834834,12.908408 77.6835162,12.9085603</coordinates></LinearRing></outerBoundaryIs></Polygon></MultiGeometry>
  </Placemark>
  <Placemark>
	<name>HSR Layout BDA Complex</name>
	<Style><LineStyle><color>ff0000ff</color></LineStyle><PolyStyle><fill>0</fill></PolyStyle></Style>
	<ExtendedData><SchemaData schemaUrl="#amenity_parking_bengaluru_urban">
		<SimpleData name="full_id">w617990792</SimpleData>
		<SimpleData name="osm_id">617990792</SimpleData>
		<SimpleData name="osm_type">way</SimpleData>
	</SchemaData></ExtendedData>
      <MultiGeometry><Polygon><outerBoundaryIs><LinearRing><coordinates>77.6372124,12.914374 77.6378078,12.9143557 77.6377729,12.9131191 77.6371587,12.9131191 77.6372124,12.914374</coordinates></LinearRing></outerBoundaryIs></Polygon></MultiGeometry>
  </Placemark>
  <Placemark>
	<Style><LineStyle><color>ff0000ff</color></LineStyle><PolyStyle><fill>0</fill></PolyStyle></Style>
	<ExtendedData><SchemaData schemaUrl="#amenity_parking_bengaluru_urban">
		<SimpleData name="full_id">w621061139</SimpleData>
		<SimpleData name="osm_id">621061139</SimpleData>
		<SimpleData name="osm_type">way</SimpleData>
		<SimpleData name="amenity">parking</SimpleData>
	</SchemaData></ExtendedData>
      <MultiGeometry><Polygon><outerBoundaryIs><LinearRing><coordinates>77.6262855,12.9383979 77.6266404,12.9385504 77.6267606,12.9382352 77.6264664,12.9381317 77.6262855,12.9383979</coordinates></LinearRing></outerBoundaryIs></Polygon></MultiGeometry>
  </Placemark>
  <Placemark>
	<Style><LineStyle><color>ff0000ff</color></LineStyle><PolyStyle><fill>0</fill></PolyStyle></Style>
	<ExtendedData><SchemaData schemaUrl="#amenity_parking_bengaluru_urban">
		<SimpleData name="full_id">w631605068</SimpleData>
		<SimpleData name="osm_id">631605068</SimpleData>
		<SimpleData name="osm_type">way</SimpleData>
		<SimpleData name="amenity">parking</SimpleData>
		<SimpleData name="access">permissive</SimpleData>
	</SchemaData></ExtendedData>
      <MultiGeometry><Polygon><outerBoundaryIs><LinearRing><coordinates>77.5616531,13.1282595 77.5616775,13.12833 77.56197,13.1282336 77.5619456,13.1281632 77.5616531,13.1282595</coordinates></LinearRing></outerBoundaryIs></Polygon></MultiGeometry>
  </Placemark>
  <Placemark>
	<Style><LineStyle><color>ff0000ff</color></LineStyle><PolyStyle><fill>0</fill></PolyStyle></Style>
	<ExtendedData><SchemaData schemaUrl="#amenity_parking_bengaluru_urban">
		<SimpleData name="full_id">w634110147</SimpleData>
		<SimpleData name="osm_id">634110147</SimpleData>
		<SimpleData name="osm_type">way</SimpleData>
		<SimpleData name="amenity">parking</SimpleData>
		<SimpleData name="surface">compacted</SimpleData>
		<SimpleData name="parking">surface</SimpleData>
	</SchemaData></ExtendedData>
      <MultiGeometry><Polygon><outerBoundaryIs><LinearRing><coordinates>77.6835793,12.9316512 77.6841144,12.9317258 77.6841389,12.9312493 77.6836549,12.9311879 77.6835793,12.9316512</coordinates></LinearRing></outerBoundaryIs></Polygon></MultiGeometry>
  </Placemark>
  <Placemark>
	<Style><LineStyle><color>ff0000ff</color></LineStyle><PolyStyle><fill>0</fill></PolyStyle></Style>
	<ExtendedData><SchemaData schemaUrl="#amenity_parking_bengaluru_urban">
		<SimpleData name="full_id">w638634903</SimpleData>
		<SimpleData name="osm_id">638634903</SimpleData>
		<SimpleData name="osm_type">way</SimpleData>
		<SimpleData name="amenity">parking</SimpleData>
		<SimpleData name="parking">surface</SimpleData>
		<SimpleData name="access">customers</SimpleData>
	</SchemaData></ExtendedData>
      <MultiGeometry><Polygon><outerBoundaryIs><LinearRing><coordinates>77.7131333,12.9564344 77.713128,12.9564122 77.7130971,12.9563861 77.71314,12.9562188 77.7133063,12.9562462 77.7132379,12.9564684 77.7131333,12.9564344</coordinates></LinearRing></outerBoundaryIs></Polygon></MultiGeometry>
  </Placemark>
  <Placemark>
	<Style><LineStyle><color>ff0000ff</color></LineStyle><PolyStyle><fill>0</fill></PolyStyle></Style>
	<ExtendedData><SchemaData schemaUrl="#amenity_parking_bengaluru_urban">
		<SimpleData name="full_id">w638675501</SimpleData>
		<SimpleData name="osm_id">638675501</SimpleData>
		<SimpleData name="osm_type">way</SimpleData>
		<SimpleData name="amenity">parking</SimpleData>
		<SimpleData name="surface">paving_stones</SimpleData>
		<SimpleData name="parking">surface</SimpleData>
		<SimpleData name="access">customers</SimpleData>
	</SchemaData></ExtendedData>
      <MultiGeometry><Polygon><outerBoundaryIs><LinearRing><coordinates>77.7134668,12.956409 77.7130832,12.9576284 77.7130242,12.9576219 77.7133887,12.9563924 77.7134668,12.956409</coordinates></LinearRing></outerBoundaryIs></Polygon></MultiGeometry>
  </Placemark>
  <Placemark>
	<Style><LineStyle><color>ff0000ff</color></LineStyle><PolyStyle><fill>0</fill></PolyStyle></Style>
	<ExtendedData><SchemaData schemaUrl="#amenity_parking_bengaluru_urban">
		<SimpleData name="full_id">w647669134</SimpleData>
		<SimpleData name="osm_id">647669134</SimpleData>
		<SimpleData name="osm_type">way</SimpleData>
		<SimpleData name="amenity">parking</SimpleData>
		<SimpleData name="informal">yes</SimpleData>
		<SimpleData name="fee">no</SimpleData>
	</SchemaData></ExtendedData>
      <MultiGeometry><Polygon><outerBoundaryIs><LinearRing><coordinates>77.7116831,12.9719287 77.711734,12.9719475 77.7117764,12.971838 77.7117255,12.9718193 77.7116831,12.9719287</coordinates></LinearRing></outerBoundaryIs></Polygon></MultiGeometry>
  </Placemark>
  <Placemark>
	<Style><LineStyle><color>ff0000ff</color></LineStyle><PolyStyle><fill>0</fill></PolyStyle></Style>
	<ExtendedData><SchemaData schemaUrl="#amenity_parking_bengaluru_urban">
		<SimpleData name="full_id">w648235761</SimpleData>
		<SimpleData name="osm_id">648235761</SimpleData>
		<SimpleData name="osm_type">way</SimpleData>
		<SimpleData name="amenity">parking</SimpleData>
		<SimpleData name="addr:street">Begur-Koppa Road</SimpleData>
		<SimpleData name="addr:city">Bangalore</SimpleData>
		<SimpleData name="capacity">10</SimpleData>
		<SimpleData name="supervised">no</SimpleData>
		<SimpleData name="parking">lane</SimpleData>
		<SimpleData name="access">yes</SimpleData>
	</SchemaData></ExtendedData>
      <MultiGeometry><Polygon><outerBoundaryIs><LinearRing><coordinates>77.6292819,12.8401798 77.6294857,12.8401275 77.6295608,12.840504 77.6294079,12.8405642 77.6292819,12.8401798</coordinates></LinearRing></outerBoundaryIs></Polygon></MultiGeometry>
  </Placemark>
  <Placemark>
	<Style><LineStyle><color>ff0000ff</color></LineStyle><PolyStyle><fill>0</fill></PolyStyle></Style>
	<ExtendedData><SchemaData schemaUrl="#amenity_parking_bengaluru_urban">
		<SimpleData name="full_id">w648375603</SimpleData>
		<SimpleData name="osm_id">648375603</SimpleData>
		<SimpleData name="osm_type">way</SimpleData>
		<SimpleData name="amenity">parking</SimpleData>
	</SchemaData></ExtendedData>
      <MultiGeometry><Polygon><outerBoundaryIs><LinearRing><coordinates>77.7167548,12.9560307 77.7168165,12.9560293 77.7168205,12.9559418 77.7167468,12.9559483 77.7167548,12.9560307</coordinates></LinearRing></outerBoundaryIs></Polygon></MultiGeometry>
  </Placemark>
  <Placemark>
	<Style><LineStyle><color>ff0000ff</color></LineStyle><PolyStyle><fill>0</fill></PolyStyle></Style>
	<ExtendedData><SchemaData schemaUrl="#amenity_parking_bengaluru_urban">
		<SimpleData name="full_id">w648375605</SimpleData>
		<SimpleData name="osm_id">648375605</SimpleData>
		<SimpleData name="osm_type">way</SimpleData>
		<SimpleData name="amenity">parking</SimpleData>
		<SimpleData name="parking">surface</SimpleData>
	</SchemaData></ExtendedData>
      <MultiGeometry><Polygon><outerBoundaryIs><LinearRing><coordinates>77.7168393,12.9560202 77.7168427,12.955885 77.7170834,12.9558875 77.717082,12.9559437 77.7171323,12.9559418 77.7171263,12.9559914 77.7170324,12.9559849 77.7169774,12.9559901 77.7169667,12.9560267 77.7169065,12.9560236 77.7168393,12.9560202</coordinates></LinearRing></outerBoundaryIs></Polygon></MultiGeometry>
  </Placemark>
  <Placemark>
	<Style><LineStyle><color>ff0000ff</color></LineStyle><PolyStyle><fill>0</fill></PolyStyle></Style>
	<ExtendedData><SchemaData schemaUrl="#amenity_parking_bengaluru_urban">
		<SimpleData name="full_id">w648492117</SimpleData>
		<SimpleData name="osm_id">648492117</SimpleData>
		<SimpleData name="osm_type">way</SimpleData>
		<SimpleData name="amenity">parking</SimpleData>
	</SchemaData></ExtendedData>
      <MultiGeometry><Polygon><outerBoundaryIs><LinearRing><coordinates>77.7142297,12.9674723 77.7144349,12.9674597 77.7144308,12.9673961 77.7142255,12.9674087 77.7142297,12.9674723</coordinates></LinearRing></outerBoundaryIs></Polygon></MultiGeometry>
  </Placemark>
  <Placemark>
	<Style><LineStyle><color>ff0000ff</color></LineStyle><PolyStyle><fill>0</fill></PolyStyle></Style>
	<ExtendedData><SchemaData schemaUrl="#amenity_parking_bengaluru_urban">
		<SimpleData name="full_id">w648496932</SimpleData>
		<SimpleData name="osm_id">648496932</SimpleData>
		<SimpleData name="osm_type">way</SimpleData>
		<SimpleData name="amenity">parking</SimpleData>
	</SchemaData></ExtendedData>
      <MultiGeometry><Polygon><outerBoundaryIs><LinearRing><coordinates>77.7164657,12.9618747 77.7164569,12.9617456 77.7165074,12.9617424 77.7165162,12.9618715 77.7164657,12.9618747</coordinates></LinearRing></outerBoundaryIs></Polygon></MultiGeometry>
  </Placemark>
  <Placemark>
	<Style><LineStyle><color>ff0000ff</color></LineStyle><PolyStyle><fill>0</fill></PolyStyle></Style>
	<ExtendedData><SchemaData schemaUrl="#amenity_parking_bengaluru_urban">
		<SimpleData name="full_id">w674028953</SimpleData>
		<SimpleData name="osm_id">674028953</SimpleData>
		<SimpleData name="osm_type">way</SimpleData>
		<SimpleData name="amenity">parking</SimpleData>
	</SchemaData></ExtendedData>
      <MultiGeometry><Polygon><outerBoundaryIs><LinearRing><coordinates>77.6171958,12.9801172 77.6172369,12.9802026 77.6170504,12.9802876 77.6170094,12.9802021 77.6171958,12.9801172</coordinates></LinearRing></outerBoundaryIs></Polygon></MultiGeometry>
  </Placemark>
  <Placemark>
	<Style><LineStyle><color>ff0000ff</color></LineStyle><PolyStyle><fill>0</fill></PolyStyle></Style>
	<ExtendedData><SchemaData schemaUrl="#amenity_parking_bengaluru_urban">
		<SimpleData name="full_id">w687910163</SimpleData>
		<SimpleData name="osm_id">687910163</SimpleData>
		<SimpleData name="osm_type">way</SimpleData>
		<SimpleData name="amenity">parking</SimpleData>
		<SimpleData name="operator">PES Student Parking Lot</SimpleData>
	</SchemaData></ExtendedData>
      <MultiGeometry><Polygon><outerBoundaryIs><LinearRing><coordinates>77.5326405,12.9350928 77.5325561,12.935101 77.5319656,12.9351578 77.531991,12.9354085 77.5320334,12.9358265 77.5327083,12.9357616 77.5326405,12.9350928</coordinates></LinearRing></outerBoundaryIs></Polygon></MultiGeometry>
  </Placemark>
  <Placemark>
	<Style><LineStyle><color>ff0000ff</color></LineStyle><PolyStyle><fill>0</fill></PolyStyle></Style>
	<ExtendedData><SchemaData schemaUrl="#amenity_parking_bengaluru_urban">
		<SimpleData name="full_id">w687919139</SimpleData>
		<SimpleData name="osm_id">687919139</SimpleData>
		<SimpleData name="osm_type">way</SimpleData>
		<SimpleData name="amenity">parking</SimpleData>
		<SimpleData name="operator">Reserved Parking</SimpleData>
	</SchemaData></ExtendedData>
      <MultiGeometry><Polygon><outerBoundaryIs><LinearRing><coordinates>77.5353097,12.935319 77.5353405,12.935321 77.535376,12.9353232 77.5354951,12.935541 77.5354373,12.9355514 77.5353097,12.935319</coordinates></LinearRing></outerBoundaryIs></Polygon></MultiGeometry>
  </Placemark>
  <Placemark>
	<Style><LineStyle><color>ff0000ff</color></LineStyle><PolyStyle><fill>0</fill></PolyStyle></Style>
	<ExtendedData><SchemaData schemaUrl="#amenity_parking_bengaluru_urban">
		<SimpleData name="full_id">w688432870</SimpleData>
		<SimpleData name="osm_id">688432870</SimpleData>
		<SimpleData name="osm_type">way</SimpleData>
		<SimpleData name="amenity">parking</SimpleData>
	</SchemaData></ExtendedData>
      <MultiGeometry><Polygon><outerBoundaryIs><LinearRing><coordinates>77.6300852,12.9806569 77.6301199,12.980746 77.6299577,12.9808061 77.6299229,12.980717 77.6300852,12.9806569</coordinates></LinearRing></outerBoundaryIs></Polygon></MultiGeometry>
  </Placemark>
  <Placemark>
	<Style><LineStyle><color>ff0000ff</color></LineStyle><PolyStyle><fill>0</fill></PolyStyle></Style>
	<ExtendedData><SchemaData schemaUrl="#amenity_parking_bengaluru_urban">
		<SimpleData name="full_id">w690210907</SimpleData>
		<SimpleData name="osm_id">690210907</SimpleData>
		<SimpleData name="osm_type">way</SimpleData>
		<SimpleData name="amenity">parking</SimpleData>
		<SimpleData name="operator">Visitor Parking</SimpleData>
	</SchemaData></ExtendedData>
      <MultiGeometry><Polygon><outerBoundaryIs><LinearRing><coordinates>77.5527841,13.0096341 77.5529393,13.0096307 77.5529382,13.0095777 77.5528997,13.0095774 77.5528877,13.0095778 77.552886,13.009511 77.5527803,13.00951 77.5527841,13.0096341</coordinates></LinearRing></outerBoundaryIs></Polygon></MultiGeometry>
  </Placemark>
  <Placemark>
	<name>Mysore Road Metro Parking</name>
	<Style><LineStyle><color>ff0000ff</color></LineStyle><PolyStyle><fill>0</fill></PolyStyle></Style>
	<ExtendedData><SchemaData schemaUrl="#amenity_parking_bengaluru_urban">
		<SimpleData name="full_id">w690847999</SimpleData>
		<SimpleData name="osm_id">690847999</SimpleData>
		<SimpleData name="osm_type">way</SimpleData>
		<SimpleData name="amenity">parking</SimpleData>
		<SimpleData name="motorcycle:parking">yes</SimpleData>
		<SimpleData name="bicycle_parking">yes</SimpleData>
		<SimpleData name="operator">BMRCL</SimpleData>
	</SchemaData></ExtendedData>
      <MultiGeometry><Polygon><outerBoundaryIs><LinearRing><coordinates>77.5299864,12.9460614 77.5303824,12.9462326 77.5303866,12.9461399 77.5304229,12.946071 77.5307157,12.9461969 77.5308415,12.9459321 77.5307082,12.9458963 77.5308758,12.9453203 77.5306034,12.9453437 77.530273,12.9456181 77.5301901,12.9456782 77.5301143,12.9456989 77.5300551,12.9456989 77.5299864,12.9460614</coordinates></LinearRing></outerBoundaryIs></Polygon></MultiGeometry>
  </Placemark>
  <Placemark>
	<Style><LineStyle><color>ff0000ff</color></LineStyle><PolyStyle><fill>0</fill></PolyStyle></Style>
	<ExtendedData><SchemaData schemaUrl="#amenity_parking_bengaluru_urban">
		<SimpleData name="full_id">w690850177</SimpleData>
		<SimpleData name="osm_id">690850177</SimpleData>
		<SimpleData name="osm_type">way</SimpleData>
		<SimpleData name="amenity">parking</SimpleData>
		<SimpleData name="operator">Nagarjuna Valet Parking</SimpleData>
	</SchemaData></ExtendedData>
      <MultiGeometry><Polygon><outerBoundaryIs><LinearRing><coordinates>77.6360204,12.9761403 77.6360565,12.976362 77.6362615,12.9763477 77.6362127,12.9761213 77.6360204,12.9761403</coordinates></LinearRing></outerBoundaryIs></Polygon></MultiGeometry>
  </Placemark>
  <Placemark>
	<Style><LineStyle><color>ff0000ff</color></LineStyle><PolyStyle><fill>0</fill></PolyStyle></Style>
	<ExtendedData><SchemaData schemaUrl="#amenity_parking_bengaluru_urban">
		<SimpleData name="full_id">w691215097</SimpleData>
		<SimpleData name="osm_id">691215097</SimpleData>
		<SimpleData name="osm_type">way</SimpleData>
		<SimpleData name="amenity">parking</SimpleData>
		<SimpleData name="operator">Visitor Parking</SimpleData>
		<SimpleData name="access">customers</SimpleData>
	</SchemaData></ExtendedData>
      <MultiGeometry><Polygon><outerBoundaryIs><LinearRing><coordinates>77.6618344,12.8714816 77.6619501,12.8715211 77.6619933,12.8714023 77.6618749,12.8713618 77.6618344,12.8714816</coordinates></LinearRing></outerBoundaryIs></Polygon></MultiGeometry>
  </Placemark>
  <Placemark>
	<Style><LineStyle><color>ff0000ff</color></LineStyle><PolyStyle><fill>0</fill></PolyStyle></Style>
	<ExtendedData><SchemaData schemaUrl="#amenity_parking_bengaluru_urban">
		<SimpleData name="full_id">w691215117</SimpleData>
		<SimpleData name="osm_id">691215117</SimpleData>
		<SimpleData name="osm_type">way</SimpleData>
		<SimpleData name="amenity">parking</SimpleData>
		<SimpleData name="bicycle_parking">yes</SimpleData>
		<SimpleData name="motorcycle">yes</SimpleData>
		<SimpleData name="access">no</SimpleData>
	</SchemaData></ExtendedData>
      <MultiGeometry><Polygon><outerBoundaryIs><LinearRing><coordinates>77.6609766,12.8708095 77.6607792,12.871004 77.6618135,12.8714035 77.6618113,12.8713031 77.6617298,12.8712927 77.6617062,12.8711944 77.6617984,12.8711588 77.6619486,12.8711274 77.6620066,12.8713073 77.6620752,12.8712948 77.6619014,12.8707509 77.6617341,12.8707844 77.661689,12.8706254 77.6609766,12.8708095</coordinates></LinearRing></outerBoundaryIs></Polygon></MultiGeometry>
  </Placemark>
  <Placemark>
	<Style><LineStyle><color>ff0000ff</color></LineStyle><PolyStyle><fill>0</fill></PolyStyle></Style>
	<ExtendedData><SchemaData schemaUrl="#amenity_parking_bengaluru_urban">
		<SimpleData name="full_id">w691887314</SimpleData>
		<SimpleData name="osm_id">691887314</SimpleData>
		<SimpleData name="osm_type">way</SimpleData>
		<SimpleData name="amenity">parking</SimpleData>
		<SimpleData name="capacity">5</SimpleData>
		<SimpleData name="surface">paving_stones</SimpleData>
		<SimpleData name="parking">surface</SimpleData>
		<SimpleData name="fee">no</SimpleData>
	</SchemaData></ExtendedData>
      <MultiGeometry><Polygon><outerBoundaryIs><LinearRing><coordinates>77.687667,12.909283 77.6878886,12.9092276 77.6879056,12.9092922 77.687684,12.9093477 77.687667,12.909283</coordinates></LinearRing></outerBoundaryIs></Polygon></MultiGeometry>
  </Placemark>
  <Placemark>
	<Style><LineStyle><color>ff0000ff</color></LineStyle><PolyStyle><fill>0</fill></PolyStyle></Style>
	<ExtendedData><SchemaData schemaUrl="#amenity_parking_bengaluru_urban">
		<SimpleData name="full_id">w695545677</SimpleData>
		<SimpleData name="osm_id">695545677</SimpleData>
		<SimpleData name="osm_type">way</SimpleData>
		<SimpleData name="amenity">parking</SimpleData>
	</SchemaData></ExtendedData>
      <MultiGeometry><Polygon><outerBoundaryIs><LinearRing><coordinates>77.492508,12.9246136 77.4937552,12.9243312 77.4938357,12.9237195 77.4933046,12.9237169 77.4917717,12.9239691 77.4918629,12.9240659 77.492508,12.9246136</coordinates></LinearRing></outerBoundaryIs></Polygon></MultiGeometry>
  </Placemark>
  <Placemark>
	<Style><LineStyle><color>ff0000ff</color></LineStyle><PolyStyle><fill>0</fill></PolyStyle></Style>
	<ExtendedData><SchemaData schemaUrl="#amenity_parking_bengaluru_urban">
		<SimpleData name="full_id">w695545684</SimpleData>
		<SimpleData name="osm_id">695545684</SimpleData>
		<SimpleData name="osm_type">way</SimpleData>
		<SimpleData name="amenity">parking</SimpleData>
		<SimpleData name="parking">surface</SimpleData>
		<SimpleData name="access">permissive</SimpleData>
	</SchemaData></ExtendedData>
      <MultiGeometry><Polygon><outerBoundaryIs><LinearRing><coordinates>77.5058466,12.9224516 77.5060639,12.9223444 77.5059164,12.9219156 77.5058761,12.9217588 77.5058708,12.9205562 77.5048998,12.9207915 77.5050393,12.9214137 77.5048864,12.9214424 77.5049588,12.9215758 77.5051439,12.9217562 77.5051546,12.9220464 77.5053316,12.9221614 77.5057045,12.922164 77.5058466,12.9224516</coordinates></LinearRing></outerBoundaryIs></Polygon></MultiGeometry>
  </Placemark>
  <Placemark>
	<Style><LineStyle><color>ff0000ff</color></LineStyle><PolyStyle><fill>0</fill></PolyStyle></Style>
	<ExtendedData><SchemaData schemaUrl="#amenity_parking_bengaluru_urban">
		<SimpleData name="full_id">w695548607</SimpleData>
		<SimpleData name="osm_id">695548607</SimpleData>
		<SimpleData name="osm_type">way</SimpleData>
		<SimpleData name="amenity">parking</SimpleData>
		<SimpleData name="access">private</SimpleData>
	</SchemaData></ExtendedData>
      <MultiGeometry><Polygon><outerBoundaryIs><LinearRing><coordinates>77.6509112,13.0426349 77.6514423,13.0426558 77.6514396,13.041817 77.6516032,13.0418432 77.6522979,13.0417569 77.6522094,13.0408607 77.6516139,13.0409182 77.65163,13.0412187 77.6520216,13.041216 77.6520216,13.0417073 77.6515791,13.0417778 77.6515388,13.0411063 77.6507905,13.0411272 77.6507959,13.0414042 77.6513323,13.0413963 77.6513323,13.0415845 77.6506913,13.0416132 77.6507315,13.0424128 77.6509246,13.0424154 77.6509112,13.0426349</coordinates></LinearRing></outerBoundaryIs></Polygon></MultiGeometry>
  </Placemark>
  <Placemark>
	<Style><LineStyle><color>ff0000ff</color></LineStyle><PolyStyle><fill>0</fill></PolyStyle></Style>
	<ExtendedData><SchemaData schemaUrl="#amenity_parking_bengaluru_urban">
		<SimpleData name="full_id">w695548659</SimpleData>
		<SimpleData name="osm_id">695548659</SimpleData>
		<SimpleData name="osm_type">way</SimpleData>
		<SimpleData name="amenity">parking</SimpleData>
	</SchemaData></ExtendedData>
      <MultiGeometry><Polygon><outerBoundaryIs><LinearRing><coordinates>77.6512379,13.0299058 77.6514823,13.0298705 77.6514535,13.029682 77.6512092,13.0297173 77.6512379,13.0299058</coordinates></LinearRing></outerBoundaryIs></Polygon></MultiGeometry>
  </Placemark>
  <Placemark>
	<Style><LineStyle><color>ff0000ff</color></LineStyle><PolyStyle><fill>0</fill></PolyStyle></Style>
	<ExtendedData><SchemaData schemaUrl="#amenity_parking_bengaluru_urban">
		<SimpleData name="full_id">w695548666</SimpleData>
		<SimpleData name="osm_id">695548666</SimpleData>
		<SimpleData name="osm_type">way</SimpleData>
		<SimpleData name="amenity">parking</SimpleData>
	</SchemaData></ExtendedData>
      <MultiGeometry><Polygon><outerBoundaryIs><LinearRing><coordinates>77.6524347,13.0354229 77.6535934,13.0353654 77.6535317,13.0342078 77.6532125,13.0342653 77.6531589,13.0337218 77.6530918,13.0337347 77.6529416,13.0337636 77.6523596,13.0346259 77.6524347,13.0354229</coordinates></LinearRing></outerBoundaryIs></Polygon></MultiGeometry>
  </Placemark>
  <Placemark>
	<Style><LineStyle><color>ff0000ff</color></LineStyle><PolyStyle><fill>0</fill></PolyStyle></Style>
	<ExtendedData><SchemaData schemaUrl="#amenity_parking_bengaluru_urban">
		<SimpleData name="full_id">w699270596</SimpleData>
		<SimpleData name="osm_id">699270596</SimpleData>
		<SimpleData name="osm_type">way</SimpleData>
		<SimpleData name="amenity">parking</SimpleData>
	</SchemaData></ExtendedData>
      <MultiGeometry><Polygon><outerBoundaryIs><LinearRing><coordinates>77.5856423,12.8906495 77.5856463,12.8903113 77.5863544,12.8903191 77.5863504,12.8906573 77.5856423,12.8906495</coordinates></LinearRing></outerBoundaryIs></Polygon></MultiGeometry>
  </Placemark>
  <Placemark>
	<Style><LineStyle><color>ff0000ff</color></LineStyle><PolyStyle><fill>0</fill></PolyStyle></Style>
	<ExtendedData><SchemaData schemaUrl="#amenity_parking_bengaluru_urban">
		<SimpleData name="full_id">w705755086</SimpleData>
		<SimpleData name="osm_id">705755086</SimpleData>
		<SimpleData name="osm_type">way</SimpleData>
		<SimpleData name="amenity">parking</SimpleData>
	</SchemaData></ExtendedData>
      <MultiGeometry><Polygon><outerBoundaryIs><LinearRing><coordinates>77.4530447,12.8888356 77.4536026,12.88848 77.4537742,12.8886316 77.4532753,12.8890604 77.4530447,12.8888356</coordinates></LinearRing></outerBoundaryIs></Polygon></MultiGeometry>
  </Placemark>
  <Placemark>
	<Style><LineStyle><color>ff0000ff</color></LineStyle><PolyStyle><fill>0</fill></PolyStyle></Style>
	<ExtendedData><SchemaData schemaUrl="#amenity_parking_bengaluru_urban">
		<SimpleData name="full_id">w720457242</SimpleData>
		<SimpleData name="osm_id">720457242</SimpleData>
		<SimpleData name="osm_type">way</SimpleData>
		<SimpleData name="amenity">parking</SimpleData>
		<SimpleData name="operator:type">private</SimpleData>
		<SimpleData name="capacity">60</SimpleData>
		<SimpleData name="operator">SIR MVIT</SimpleData>
		<SimpleData name="parking">surface</SimpleData>
		<SimpleData name="access">yes</SimpleData>
	</SchemaData></ExtendedData>
      <MultiGeometry><Polygon><outerBoundaryIs><LinearRing><coordinates>77.6090569,13.1503179 77.6089523,13.1502291 77.6091776,13.1500776 77.6095156,13.1501298 77.6097355,13.1503048 77.6094566,13.1506182 77.6095156,13.1506731 77.6098965,13.1502761 77.6095076,13.1500541 77.6091857,13.1500305 77.608896,13.1501846 77.6088504,13.1502082 77.6090113,13.1503544 77.6090569,13.1503179</coordinates></LinearRing></outerBoundaryIs></Polygon></MultiGeometry>
  </Placemark>
  <Placemark>
	<Style><LineStyle><color>ff0000ff</color></LineStyle><PolyStyle><fill>0</fill></PolyStyle></Style>
	<ExtendedData><SchemaData schemaUrl="#amenity_parking_bengaluru_urban">
		<SimpleData name="full_id">w732010491</SimpleData>
		<SimpleData name="osm_id">732010491</SimpleData>
		<SimpleData name="osm_type">way</SimpleData>
		<SimpleData name="amenity">parking</SimpleData>
		<SimpleData name="access">permissive</SimpleData>
	</SchemaData></ExtendedData>
      <MultiGeometry><Polygon><outerBoundaryIs><LinearRing><coordinates>77.6946419,12.9843056 77.6950952,12.9843944 77.6951194,12.9842664 77.6956678,12.9843592 77.6957175,12.9840429 77.6947734,12.9838612 77.6946956,12.9838795 77.6946618,12.9841479 77.6946419,12.9843056</coordinates></LinearRing></outerBoundaryIs></Polygon></MultiGeometry>
  </Placemark>
  <Placemark>
	<Style><LineStyle><color>ff0000ff</color></LineStyle><PolyStyle><fill>0</fill></PolyStyle></Style>
	<ExtendedData><SchemaData schemaUrl="#amenity_parking_bengaluru_urban">
		<SimpleData name="full_id">w732010494</SimpleData>
		<SimpleData name="osm_id">732010494</SimpleData>
		<SimpleData name="osm_type">way</SimpleData>
		<SimpleData name="amenity">parking</SimpleData>
		<SimpleData name="access">private</SimpleData>
	</SchemaData></ExtendedData>
      <MultiGeometry><Polygon><outerBoundaryIs><LinearRing><coordinates>77.6863405,12.9876967 77.686366,12.9878392 77.6865229,12.9882652 77.6865403,12.9882939 77.6865537,12.988503 77.6868059,12.9885095 77.6869346,12.9882364 77.6873329,12.9882181 77.6873329,12.98829 77.6874188,12.9882874 77.6874121,12.9878091 77.6863405,12.9876967</coordinates></LinearRing></outerBoundaryIs></Polygon></MultiGeometry>
  </Placemark>
  <Placemark>
	<Style><LineStyle><color>ff0000ff</color></LineStyle><PolyStyle><fill>0</fill></PolyStyle></Style>
	<ExtendedData><SchemaData schemaUrl="#amenity_parking_bengaluru_urban">
		<SimpleData name="full_id">w732232651</SimpleData>
		<SimpleData name="osm_id">732232651</SimpleData>
		<SimpleData name="osm_type">way</SimpleData>
		<SimpleData name="amenity">parking</SimpleData>
		<SimpleData name="access">customers</SimpleData>
	</SchemaData></ExtendedData>
      <MultiGeometry><Polygon><outerBoundaryIs><LinearRing><coordinates>77.5928122,13.0575848 77.592193,13.0576844 77.5922758,13.0581721 77.592895,13.0580724 77.5928122,13.0575848</coordinates></LinearRing></outerBoundaryIs></Polygon></MultiGeometry>
  </Placemark>
  <Placemark>
	<Style><LineStyle><color>ff0000ff</color></LineStyle><PolyStyle><fill>0</fill></PolyStyle></Style>
	<ExtendedData><SchemaData schemaUrl="#amenity_parking_bengaluru_urban">
		<SimpleData name="full_id">w732232653</SimpleData>
		<SimpleData name="osm_id">732232653</SimpleData>
		<SimpleData name="osm_type">way</SimpleData>
		<SimpleData name="amenity">parking</SimpleData>
		<SimpleData name="access">permissive</SimpleData>
	</SchemaData></ExtendedData>
      <MultiGeometry><Polygon><outerBoundaryIs><LinearRing><coordinates>77.5931512,13.0552646 77.5926483,13.0552372 77.5925666,13.055838 77.5921038,13.0558107 77.5920705,13.0550947 77.5931766,13.0548557 77.5931512,13.0552646</coordinates></LinearRing></outerBoundaryIs></Polygon></MultiGeometry>
  </Placemark>
  <Placemark>
	<Style><LineStyle><color>ff0000ff</color></LineStyle><PolyStyle><fill>0</fill></PolyStyle></Style>
	<ExtendedData><SchemaData schemaUrl="#amenity_parking_bengaluru_urban">
		<SimpleData name="full_id">w732232654</SimpleData>
		<SimpleData name="osm_id">732232654</SimpleData>
		<SimpleData name="osm_type">way</SimpleData>
		<SimpleData name="amenity">parking</SimpleData>
		<SimpleData name="access">permissive</SimpleData>
	</SchemaData></ExtendedData>
      <MultiGeometry><Polygon><outerBoundaryIs><LinearRing><coordinates>77.5910794,13.0541365 77.5910876,13.0541951 77.5913147,13.0541649 77.5920354,13.0540689 77.5920917,13.0544704 77.5922207,13.0544532 77.5922544,13.0546937 77.5926115,13.0546461 77.5925133,13.0539456 77.5920541,13.0540067 77.5910794,13.0541365</coordinates></LinearRing></outerBoundaryIs></Polygon></MultiGeometry>
  </Placemark>
  <Placemark>
	<Style><LineStyle><color>ff0000ff</color></LineStyle><PolyStyle><fill>0</fill></PolyStyle></Style>
	<ExtendedData><SchemaData schemaUrl="#amenity_parking_bengaluru_urban">
		<SimpleData name="full_id">w732232684</SimpleData>
		<SimpleData name="osm_id">732232684</SimpleData>
		<SimpleData name="osm_type">way</SimpleData>
		<SimpleData name="amenity">parking</SimpleData>
		<SimpleData name="access">permissive</SimpleData>
	</SchemaData></ExtendedData>
      <MultiGeometry><Polygon><outerBoundaryIs><LinearRing><coordinates>77.5958679,13.0508798 77.5955105,13.0509353 77.5955273,13.0510379 77.5958847,13.0509824 77.5958679,13.0508798</coordinates></LinearRing></outerBoundaryIs></Polygon></MultiGeometry>
  </Placemark>
  <Placemark>
	<Style><LineStyle><color>ff0000ff</color></LineStyle><PolyStyle><fill>0</fill></PolyStyle></Style>
	<ExtendedData><SchemaData schemaUrl="#amenity_parking_bengaluru_urban">
		<SimpleData name="full_id">w742634569</SimpleData>
		<SimpleData name="osm_id">742634569</SimpleData>
		<SimpleData name="osm_type">way</SimpleData>
		<SimpleData name="amenity">parking</SimpleData>
		<SimpleData name="access">private</SimpleData>
	</SchemaData></ExtendedData>
      <MultiGeometry><Polygon><outerBoundaryIs><LinearRing><coordinates>77.5160725,12.9381668 77.5157346,12.9382518 77.5155978,12.9383838 77.5159116,12.938589 77.5161517,12.9384988 77.5160632,12.9383171 77.5161222,12.9383027 77.5160927,12.9382583 77.5160725,12.9381668</coordinates></LinearRing></outerBoundaryIs></Polygon></MultiGeometry>
  </Placemark>
  <Placemark>
	<Style><LineStyle><color>ff0000ff</color></LineStyle><PolyStyle><fill>0</fill></PolyStyle></Style>
	<ExtendedData><SchemaData schemaUrl="#amenity_parking_bengaluru_urban">
		<SimpleData name="full_id">w743353828</SimpleData>
		<SimpleData name="osm_id">743353828</SimpleData>
		<SimpleData name="osm_type">way</SimpleData>
		<SimpleData name="amenity">parking</SimpleData>
		<SimpleData name="access">customers</SimpleData>
	</SchemaData></ExtendedData>
      <MultiGeometry><Polygon><outerBoundaryIs><LinearRing><coordinates>77.6363977,13.0167354 77.6363037,13.0163752 77.6364627,13.0163317 77.6365662,13.0166973 77.6363977,13.0167354</coordinates></LinearRing></outerBoundaryIs></Polygon></MultiGeometry>
  </Placemark>
  <Placemark>
	<Style><LineStyle><color>ff0000ff</color></LineStyle><PolyStyle><fill>0</fill></PolyStyle></Style>
	<ExtendedData><SchemaData schemaUrl="#amenity_parking_bengaluru_urban">
		<SimpleData name="full_id">w745344761</SimpleData>
		<SimpleData name="osm_id">745344761</SimpleData>
		<SimpleData name="osm_type">way</SimpleData>
		<SimpleData name="amenity">parking</SimpleData>
	</SchemaData></ExtendedData>
      <MultiGeometry><Polygon><outerBoundaryIs><LinearRing><coordinates>77.7700303,12.8492789 77.7702459,12.8495868 77.7714347,12.8487956 77.771219,12.8484875 77.7700303,12.8492789</coordinates></LinearRing></outerBoundaryIs></Polygon></MultiGeometry>
  </Placemark>
  <Placemark>
	<Style><LineStyle><color>ff0000ff</color></LineStyle><PolyStyle><fill>0</fill></PolyStyle></Style>
	<ExtendedData><SchemaData schemaUrl="#amenity_parking_bengaluru_urban">
		<SimpleData name="full_id">w751014788</SimpleData>
		<SimpleData name="osm_id">751014788</SimpleData>
		<SimpleData name="osm_type">way</SimpleData>
		<SimpleData name="amenity">parking</SimpleData>
	</SchemaData></ExtendedData>
      <MultiGeometry><Polygon><outerBoundaryIs><LinearRing><coordinates>77.7705003,12.8622743 77.7703119,12.8616547 77.7714296,12.8613485 77.7718862,12.8619772 77.7705003,12.8622743</coordinates></LinearRing></outerBoundaryIs></Polygon></MultiGeometry>
  </Placemark>
  <Placemark>
	<Style><LineStyle><color>ff0000ff</color></LineStyle><PolyStyle><fill>0</fill></PolyStyle></Style>
	<ExtendedData><SchemaData schemaUrl="#amenity_parking_bengaluru_urban">
		<SimpleData name="full_id">w758407006</SimpleData>
		<SimpleData name="osm_id">758407006</SimpleData>
		<SimpleData name="osm_type">way</SimpleData>
		<SimpleData name="amenity">parking</SimpleData>
		<SimpleData name="operator:type">community</SimpleData>
		<SimpleData name="surface">concrete</SimpleData>
		<SimpleData name="operator">Mana Tropicale</SimpleData>
		<SimpleData name="parking">underground</SimpleData>
		<SimpleData name="layer">-2</SimpleData>
		<SimpleData name="fee">no</SimpleData>
		<SimpleData name="access">private</SimpleData>
	</SchemaData></ExtendedData>
      <MultiGeometry><Polygon><outerBoundaryIs><LinearRing><coordinates>77.6922763,12.8800952 77.692345,12.879926 77.6923602,12.8798684 77.6925662,12.8797866 77.6930563,12.8796193 77.693575,12.8794669 77.6942157,12.8793107 77.6948927,12.879162 77.6947478,12.8796509 77.6945018,12.8803034 77.6944179,12.8805339 77.6943626,12.8806529 77.694025,12.8806009 77.6938572,12.8805823 77.6936932,12.8805544 77.6934148,12.8805191 77.6931745,12.8804782 77.6930277,12.8804633 77.6928999,12.8804484 77.6926253,12.8804001 77.6926615,12.8802997 77.6922706,12.8801342 77.6922763,12.8800952</coordinates></LinearRing></outerBoundaryIs></Polygon></MultiGeometry>
  </Placemark>
  <Placemark>
	<Style><LineStyle><color>ff0000ff</color></LineStyle><PolyStyle><fill>0</fill></PolyStyle></Style>
	<ExtendedData><SchemaData schemaUrl="#amenity_parking_bengaluru_urban">
		<SimpleData name="full_id">w758864876</SimpleData>
		<SimpleData name="osm_id">758864876</SimpleData>
		<SimpleData name="osm_type">way</SimpleData>
		<SimpleData name="amenity">parking</SimpleData>
		<SimpleData name="parking">surface</SimpleData>
		<SimpleData name="fee">yes</SimpleData>
		<SimpleData name="access">customers</SimpleData>
	</SchemaData></ExtendedData>
      <MultiGeometry><Polygon><outerBoundaryIs><LinearRing><coordinates>77.5490758,13.0103385 77.549116,13.0104875 77.5498402,13.0110703 77.5503226,13.0114158 77.5503364,13.0114257 77.5502771,13.0114301 77.5495908,13.0114806 77.5495237,13.0111827 77.5494406,13.0111957 77.549395,13.0110598 77.5493494,13.0110703 77.5493225,13.0109631 77.549234,13.0109814 77.5491589,13.0107881 77.5490141,13.0108299 77.5489846,13.0107358 77.5490463,13.0107227 77.5490221,13.0106313 77.5487217,13.0107253 77.5486869,13.0105764 77.5489765,13.0104901 77.5489309,13.0103412 77.5490758,13.0103385</coordinates></LinearRing></outerBoundaryIs></Polygon></MultiGeometry>
  </Placemark>
  <Placemark>
	<Style><LineStyle><color>ff0000ff</color></LineStyle><PolyStyle><fill>0</fill></PolyStyle></Style>
	<ExtendedData><SchemaData schemaUrl="#amenity_parking_bengaluru_urban">
		<SimpleData name="full_id">w759837010</SimpleData>
		<SimpleData name="osm_id">759837010</SimpleData>
		<SimpleData name="osm_type">way</SimpleData>
		<SimpleData name="amenity">parking</SimpleData>
		<SimpleData name="operator:type">private</SimpleData>
		<SimpleData name="surface">dirt</SimpleData>
		<SimpleData name="operator">Elaan Convention Centre</SimpleData>
		<SimpleData name="parking">surface</SimpleData>
		<SimpleData name="fee">no</SimpleData>
		<SimpleData name="access">customers</SimpleData>
	</SchemaData></ExtendedData>
      <MultiGeometry><Polygon><outerBoundaryIs><LinearRing><coordinates>77.5812782,12.8933972 77.5816832,12.8934103 77.5816135,12.8941214 77.5812031,12.8941031 77.5812782,12.8933972</coordinates></LinearRing></outerBoundaryIs></Polygon></MultiGeometry>
  </Placemark>
  <Placemark>
	<Style><LineStyle><color>ff0000ff</color></LineStyle><PolyStyle><fill>0</fill></PolyStyle></Style>
	<ExtendedData><SchemaData schemaUrl="#amenity_parking_bengaluru_urban">
		<SimpleData name="full_id">w765250691</SimpleData>
		<SimpleData name="osm_id">765250691</SimpleData>
		<SimpleData name="osm_type">way</SimpleData>
		<SimpleData name="amenity">parking</SimpleData>
		<SimpleData name="capacity:disabled">0</SimpleData>
		<SimpleData name="operator:type">business</SimpleData>
		<SimpleData name="surface">unpaved</SimpleData>
		<SimpleData name="operator">Lake View Sports Arena</SimpleData>
		<SimpleData name="parking">surface</SimpleData>
		<SimpleData name="fee">no</SimpleData>
		<SimpleData name="access">customers</SimpleData>
	</SchemaData></ExtendedData>
      <MultiGeometry><Polygon><outerBoundaryIs><LinearRing><coordinates>77.6919246,12.9746238 77.692002,12.9745983 77.6919564,12.9744311 77.6920261,12.9744023 77.6919564,12.9740913 77.6918276,12.9741409 77.6919246,12.9746238</coordinates></LinearRing></outerBoundaryIs></Polygon></MultiGeometry>
  </Placemark>
  <Placemark>
	<name>Visitor's Parking</name>
	<Style><LineStyle><color>ff0000ff</color></LineStyle><PolyStyle><fill>0</fill></PolyStyle></Style>
	<ExtendedData><SchemaData schemaUrl="#amenity_parking_bengaluru_urban">
		<SimpleData name="full_id">w766601985</SimpleData>
		<SimpleData name="osm_id">766601985</SimpleData>
		<SimpleData name="osm_type">way</SimpleData>
		<SimpleData name="amenity">parking</SimpleData>
		<SimpleData name="parking">surface</SimpleData>
		<SimpleData name="access">permissive</SimpleData>
	</SchemaData></ExtendedData>
      <MultiGeometry><Polygon><outerBoundaryIs><LinearRing><coordinates>77.5661175,12.9732983 77.5662457,12.9733114 77.5663127,12.9726861 77.5661845,12.9726731 77.5661175,12.9732983</coordinates></LinearRing></outerBoundaryIs></Polygon></MultiGeometry>
  </Placemark>
  <Placemark>
	<Style><LineStyle><color>ff0000ff</color></LineStyle><PolyStyle><fill>0</fill></PolyStyle></Style>
	<ExtendedData><SchemaData schemaUrl="#amenity_parking_bengaluru_urban">
		<SimpleData name="full_id">w767320227</SimpleData>
		<SimpleData name="osm_id">767320227</SimpleData>
		<SimpleData name="osm_type">way</SimpleData>
		<SimpleData name="amenity">parking</SimpleData>
	</SchemaData></ExtendedData>
      <MultiGeometry><Polygon><outerBoundaryIs><LinearRing><coordinates>77.5448003,13.043313 77.5450069,13.043232 77.5448245,13.0427238 77.5446475,13.0429106 77.5448003,13.043313</coordinates></LinearRing></outerBoundaryIs></Polygon></MultiGeometry>
  </Placemark>
  <Placemark>
	<Style><LineStyle><color>ff0000ff</color></LineStyle><PolyStyle><fill>0</fill></PolyStyle></Style>
	<ExtendedData><SchemaData schemaUrl="#amenity_parking_bengaluru_urban">
		<SimpleData name="full_id">w770851394</SimpleData>
		<SimpleData name="osm_id">770851394</SimpleData>
		<SimpleData name="osm_type">way</SimpleData>
		<SimpleData name="amenity">parking</SimpleData>
	</SchemaData></ExtendedData>
      <MultiGeometry><Polygon><outerBoundaryIs><LinearRing><coordinates>77.5026526,12.9271599 77.5029317,12.9274905 77.5027581,12.9276206 77.502803,12.9276649 77.5036003,12.9270304 77.5033486,12.9267099 77.5033148,12.9267365 77.5026526,12.9271599</coordinates></LinearRing></outerBoundaryIs></Polygon></MultiGeometry>
  </Placemark>
  <Placemark>
	<Style><LineStyle><color>ff0000ff</color></LineStyle><PolyStyle><fill>0</fill></PolyStyle></Style>
	<ExtendedData><SchemaData schemaUrl="#amenity_parking_bengaluru_urban">
		<SimpleData name="full_id">w771923571</SimpleData>
		<SimpleData name="osm_id">771923571</SimpleData>
		<SimpleData name="osm_type">way</SimpleData>
		<SimpleData name="amenity">parking</SimpleData>
	</SchemaData></ExtendedData>
      <MultiGeometry><Polygon><outerBoundaryIs><LinearRing><coordinates>77.6424542,13.0309257 77.6429719,13.030991 77.6429665,13.0307506 77.6424569,13.0306539 77.6424542,13.0309257</coordinates></LinearRing></outerBoundaryIs></Polygon></MultiGeometry>
  </Placemark>
  <Placemark>
	<Style><LineStyle><color>ff0000ff</color></LineStyle><PolyStyle><fill>0</fill></PolyStyle></Style>
	<ExtendedData><SchemaData schemaUrl="#amenity_parking_bengaluru_urban">
		<SimpleData name="full_id">w772934838</SimpleData>
		<SimpleData name="osm_id">772934838</SimpleData>
		<SimpleData name="osm_type">way</SimpleData>
		<SimpleData name="amenity">parking</SimpleData>
		<SimpleData name="parking">surface</SimpleData>
	</SchemaData></ExtendedData>
      <MultiGeometry><Polygon><outerBoundaryIs><LinearRing><coordinates>77.616481,13.0424465 77.6171234,13.0422575 77.6169136,13.0415808 77.6162712,13.0417698 77.616481,13.0424465</coordinates></LinearRing></outerBoundaryIs></Polygon></MultiGeometry>
  </Placemark>
  <Placemark>
	<Style><LineStyle><color>ff0000ff</color></LineStyle><PolyStyle><fill>0</fill></PolyStyle></Style>
	<ExtendedData><SchemaData schemaUrl="#amenity_parking_bengaluru_urban">
		<SimpleData name="full_id">w775442578</SimpleData>
		<SimpleData name="osm_id">775442578</SimpleData>
		<SimpleData name="osm_type">way</SimpleData>
		<SimpleData name="amenity">parking</SimpleData>
		<SimpleData name="parking">surface</SimpleData>
	</SchemaData></ExtendedData>
      <MultiGeometry><Polygon><outerBoundaryIs><LinearRing><coordinates>77.609782,13.0421887 77.609647,13.042218 77.6095571,13.041825 77.6096921,13.0417956 77.609782,13.0421887</coordinates></LinearRing></outerBoundaryIs></Polygon></MultiGeometry>
  </Placemark>
  <Placemark>
	<name>Metro Cash &amp; Carry Parking</name>
	<Style><LineStyle><color>ff0000ff</color></LineStyle><PolyStyle><fill>0</fill></PolyStyle></Style>
	<ExtendedData><SchemaData schemaUrl="#amenity_parking_bengaluru_urban">
		<SimpleData name="full_id">w780585968</SimpleData>
		<SimpleData name="osm_id">780585968</SimpleData>
		<SimpleData name="osm_type">way</SimpleData>
		<SimpleData name="amenity">parking</SimpleData>
		<SimpleData name="parking">surface</SimpleData>
		<SimpleData name="access">permissive</SimpleData>
	</SchemaData></ExtendedData>
      <MultiGeometry><Polygon><outerBoundaryIs><LinearRing><coordinates>77.5025614,12.9268686 77.5022833,12.9266082 77.5019011,12.9268853 77.5017178,12.9266601 77.5021385,12.9263416 77.5022656,12.9262565 77.5023329,12.9262096 77.5027203,12.9267459 77.5025614,12.9268686</coordinates></LinearRing></outerBoundaryIs></Polygon></MultiGeometry>
  </Placemark>
  <Placemark>
	<name>Poornima Palace Convention Center Parking</name>
	<Style><LineStyle><color>ff0000ff</color></LineStyle><PolyStyle><fill>0</fill></PolyStyle></Style>
	<ExtendedData><SchemaData schemaUrl="#amenity_parking_bengaluru_urban">
		<SimpleData name="full_id">w780585969</SimpleData>
		<SimpleData name="osm_id">780585969</SimpleData>
		<SimpleData name="osm_type">way</SimpleData>
		<SimpleData name="amenity">parking</SimpleData>
		<SimpleData name="parking">surface</SimpleData>
		<SimpleData name="access">permissive</SimpleData>
	</SchemaData></ExtendedData>
      <MultiGeometry><Polygon><outerBoundaryIs><LinearRing><coordinates>77.5014285,12.9261814 77.5019011,12.9258553 77.5022656,12.9262565 77.5021385,12.9263416 77.5019158,12.9261703 77.5016166,12.9263965 77.5014285,12.9261814</coordinates></LinearRing></outerBoundaryIs></Polygon></MultiGeometry>
  </Placemark>
  <Placemark>
	<name>Nagasandra Metro Station Parking</name>
	<Style><LineStyle><color>ff0000ff</color></LineStyle><PolyStyle><fill>0</fill></PolyStyle></Style>
	<ExtendedData><SchemaData schemaUrl="#amenity_parking_bengaluru_urban">
		<SimpleData name="full_id">w781538791</SimpleData>
		<SimpleData name="osm_id">781538791</SimpleData>
		<SimpleData name="osm_type">way</SimpleData>
		<SimpleData name="amenity">parking</SimpleData>
		<SimpleData name="parking">surface</SimpleData>
		<SimpleData name="fee">yes</SimpleData>
		<SimpleData name="access">yes</SimpleData>
	</SchemaData></ExtendedData>
      <MultiGeometry><Polygon><outerBoundaryIs><LinearRing><coordinates>77.5009929,13.0483046 77.4996153,13.0488002 77.4994576,13.0486578 77.4993664,13.048326 77.5008161,13.0477812 77.5009929,13.0483046</coordinates></LinearRing></outerBoundaryIs></Polygon></MultiGeometry>
  </Placemark>
  <Placemark>
	<Style><LineStyle><color>ff0000ff</color></LineStyle><PolyStyle><fill>0</fill></PolyStyle></Style>
	<ExtendedData><SchemaData schemaUrl="#amenity_parking_bengaluru_urban">
		<SimpleData name="full_id">w781696175</SimpleData>
		<SimpleData name="osm_id">781696175</SimpleData>
		<SimpleData name="osm_type">way</SimpleData>
		<SimpleData name="amenity">parking</SimpleData>
		<SimpleData name="parking">surface</SimpleData>
	</SchemaData></ExtendedData>
      <MultiGeometry><Polygon><outerBoundaryIs><LinearRing><coordinates>77.668308,12.8998789 77.6676562,12.900122 77.6673987,12.9001926 77.6667523,12.9003076 77.6665404,12.8994762 77.6676589,12.8992671 77.6676911,12.899356 77.6681095,12.8992252 77.668308,12.8998789</coordinates></LinearRing></outerBoundaryIs></Polygon></MultiGeometry>
  </Placemark>
  <Placemark>
	<Style><LineStyle><color>ff0000ff</color></LineStyle><PolyStyle><fill>0</fill></PolyStyle></Style>
	<ExtendedData><SchemaData schemaUrl="#amenity_parking_bengaluru_urban">
		<SimpleData name="full_id">w781700160</SimpleData>
		<SimpleData name="osm_id">781700160</SimpleData>
		<SimpleData name="osm_type">way</SimpleData>
		<SimpleData name="amenity">parking</SimpleData>
		<SimpleData name="parking">surface</SimpleData>
		<SimpleData name="access">permissive</SimpleData>
	</SchemaData></ExtendedData>
      <MultiGeometry><Polygon><outerBoundaryIs><LinearRing><coordinates>77.663822,12.9092778 77.6637362,12.9087602 77.6636705,12.908406 77.6635243,12.9084844 77.6636168,12.9087733 77.6635498,12.909172 77.663822,12.9092778</coordinates></LinearRing></outerBoundaryIs></Polygon></MultiGeometry>
  </Placemark>
  <Placemark>
	<Style><LineStyle><color>ff0000ff</color></LineStyle><PolyStyle><fill>0</fill></PolyStyle></Style>
	<ExtendedData><SchemaData schemaUrl="#amenity_parking_bengaluru_urban">
		<SimpleData name="full_id">w785341396</SimpleData>
		<SimpleData name="osm_id">785341396</SimpleData>
		<SimpleData name="osm_type">way</SimpleData>
		<SimpleData name="amenity">parking</SimpleData>
		<SimpleData name="parking">surface</SimpleData>
		<SimpleData name="access">permissive</SimpleData>
	</SchemaData></ExtendedData>
      <MultiGeometry><Polygon><outerBoundaryIs><LinearRing><coordinates>77.5944936,12.9958262 77.5951937,12.9956145 77.5955316,12.9956746 77.5952929,12.996443 77.5946787,12.996605 77.5944936,12.9958262</coordinates></LinearRing></outerBoundaryIs></Polygon></MultiGeometry>
  </Placemark>
  <Placemark>
	<Style><LineStyle><color>ff0000ff</color></LineStyle><PolyStyle><fill>0</fill></PolyStyle></Style>
	<ExtendedData><SchemaData schemaUrl="#amenity_parking_bengaluru_urban">
		<SimpleData name="full_id">w785509124</SimpleData>
		<SimpleData name="osm_id">785509124</SimpleData>
		<SimpleData name="osm_type">way</SimpleData>
		<SimpleData name="amenity">parking</SimpleData>
		<SimpleData name="parking">surface</SimpleData>
		<SimpleData name="access">permissive</SimpleData>
	</SchemaData></ExtendedData>
      <MultiGeometry><Polygon><outerBoundaryIs><LinearRing><coordinates>77.5442129,12.8799515 77.5444503,12.8798051 77.544398,12.8796234 77.5442626,12.8796652 77.5442733,12.879694 77.5441486,12.8797437 77.5442129,12.8799515</coordinates></LinearRing></outerBoundaryIs></Polygon></MultiGeometry>
  </Placemark>
  <Placemark>
	<Style><LineStyle><color>ff0000ff</color></LineStyle><PolyStyle><fill>0</fill></PolyStyle></Style>
	<ExtendedData><SchemaData schemaUrl="#amenity_parking_bengaluru_urban">
		<SimpleData name="full_id">w790392175</SimpleData>
		<SimpleData name="osm_id">790392175</SimpleData>
		<SimpleData name="osm_type">way</SimpleData>
		<SimpleData name="amenity">parking</SimpleData>
		<SimpleData name="parking">surface</SimpleData>
		<SimpleData name="access">yes</SimpleData>
	</SchemaData></ExtendedData>
      <MultiGeometry><Polygon><outerBoundaryIs><LinearRing><coordinates>77.6664707,12.9596709 77.6669079,12.9596604 77.666873,12.9585887 77.6666343,12.9586279 77.6664627,12.9588083 77.6664707,12.9596709</coordinates></LinearRing></outerBoundaryIs></Polygon></MultiGeometry>
  </Placemark>
  <Placemark>
	<description>Underground parking space in SJR Park Vista. This belongs to the Flat owners, renters. </description>
	<Style><LineStyle><color>ff0000ff</color></LineStyle><PolyStyle><fill>0</fill></PolyStyle></Style>
	<ExtendedData><SchemaData schemaUrl="#amenity_parking_bengaluru_urban">
		<SimpleData name="full_id">w796939209</SimpleData>
		<SimpleData name="osm_id">796939209</SimpleData>
		<SimpleData name="osm_type">way</SimpleData>
		<SimpleData name="amenity">parking</SimpleData>
		<SimpleData name="surface">concrete</SimpleData>
		<SimpleData name="parking">underground</SimpleData>
		<SimpleData name="layer">-1</SimpleData>
		<SimpleData name="access">private</SimpleData>
	</SchemaData></ExtendedData>
      <MultiGeometry><Polygon><outerBoundaryIs><LinearRing><coordinates>77.6633953,12.9151546 77.6631132,12.9144317 77.6641982,12.9139836 77.6645119,12.9147681 77.6635666,12.9150953 77.6633953,12.9151546</coordinates></LinearRing></outerBoundaryIs></Polygon></MultiGeometry>
  </Placemark>
  <Placemark>
	<name>Faculty Parking</name>
	<Style><LineStyle><color>ff0000ff</color></LineStyle><PolyStyle><fill>0</fill></PolyStyle></Style>
	<ExtendedData><SchemaData schemaUrl="#amenity_parking_bengaluru_urban">
		<SimpleData name="full_id">w802961953</SimpleData>
		<SimpleData name="osm_id">802961953</SimpleData>
		<SimpleData name="osm_type">way</SimpleData>
		<SimpleData name="amenity">parking</SimpleData>
	</SchemaData></ExtendedData>
      <MultiGeometry><Polygon><outerBoundaryIs><LinearRing><coordinates>77.7121018,12.9667335 77.7121688,12.9665479 77.7121997,12.9665296 77.7122909,12.9665623 77.7122976,12.9665989 77.71226,12.9666838 77.7122667,12.9666969 77.7122305,12.9668028 77.7121313,12.9667936 77.7121018,12.9667335</coordinates></LinearRing></outerBoundaryIs></Polygon></MultiGeometry>
  </Placemark>
  <Placemark>
	<name>Car Parking</name>
	<Style><LineStyle><color>ff0000ff</color></LineStyle><PolyStyle><fill>0</fill></PolyStyle></Style>
	<ExtendedData><SchemaData schemaUrl="#amenity_parking_bengaluru_urban">
		<SimpleData name="full_id">w802976296</SimpleData>
		<SimpleData name="osm_id">802976296</SimpleData>
		<SimpleData name="osm_type">way</SimpleData>
		<SimpleData name="amenity">parking</SimpleData>
	</SchemaData></ExtendedData>
      <MultiGeometry><Polygon><outerBoundaryIs><LinearRing><coordinates>77.7122574,12.9669387 77.7122694,12.9668969 77.7127039,12.9670432 77.7131653,12.9672027 77.7136052,12.9673517 77.7135958,12.9673785 77.7126332,12.9670619 77.7122574,12.9669387</coordinates></LinearRing></outerBoundaryIs></Polygon></MultiGeometry>
  </Placemark>
  <Placemark>
	<name>Car Parking</name>
	<Style><LineStyle><color>ff0000ff</color></LineStyle><PolyStyle><fill>0</fill></PolyStyle></Style>
	<ExtendedData><SchemaData schemaUrl="#amenity_parking_bengaluru_urban">
		<SimpleData name="full_id">w802983280</SimpleData>
		<SimpleData name="osm_id">802983280</SimpleData>
		<SimpleData name="osm_type">way</SimpleData>
		<SimpleData name="amenity">parking</SimpleData>
	</SchemaData></ExtendedData>
      <MultiGeometry><Polygon><outerBoundaryIs><LinearRing><coordinates>77.7119744,12.9671478 77.7119851,12.9671086 77.7126101,12.967236 77.7127985,12.9672746 77.7129205,12.9672955 77.7129105,12.967336 77.7127552,12.9673023 77.7125189,12.9672582 77.7122574,12.9672017 77.7121266,12.9671739 77.7119744,12.9671478</coordinates></LinearRing></outerBoundaryIs></Polygon></MultiGeometry>
  </Placemark>
  <Placemark>
	<Style><LineStyle><color>ff0000ff</color></LineStyle><PolyStyle><fill>0</fill></PolyStyle></Style>
	<ExtendedData><SchemaData schemaUrl="#amenity_parking_bengaluru_urban">
		<SimpleData name="full_id">w803034514</SimpleData>
		<SimpleData name="osm_id">803034514</SimpleData>
		<SimpleData name="osm_type">way</SimpleData>
		<SimpleData name="amenity">parking</SimpleData>
	</SchemaData></ExtendedData>
      <MultiGeometry><Polygon><outerBoundaryIs><LinearRing><coordinates>77.4362032,12.8626053 77.4363095,12.8625503 77.4364722,12.8625017 77.4365718,12.8624888 77.4368174,12.8624046 77.4369834,12.8623561 77.4372158,12.8622881 77.437249,12.862259 77.4372125,12.8622072 77.4371561,12.8622234 77.4369104,12.8622622 77.4368174,12.8622881 77.4366548,12.862369 77.4364058,12.8624435 77.4363095,12.8624435 77.4361966,12.8624888 77.4361866,12.8625309 77.4362032,12.8626053</coordinates></LinearRing></outerBoundaryIs></Polygon></MultiGeometry>
  </Placemark>
  <Placemark>
	<Style><LineStyle><color>ff0000ff</color></LineStyle><PolyStyle><fill>0</fill></PolyStyle></Style>
	<ExtendedData><SchemaData schemaUrl="#amenity_parking_bengaluru_urban">
		<SimpleData name="full_id">w803034515</SimpleData>
		<SimpleData name="osm_id">803034515</SimpleData>
		<SimpleData name="osm_type">way</SimpleData>
		<SimpleData name="amenity">parking</SimpleData>
	</SchemaData></ExtendedData>
      <MultiGeometry><Polygon><outerBoundaryIs><LinearRing><coordinates>77.4373619,12.8636702 77.4375379,12.8636054 77.4375113,12.8634501 77.4373818,12.8634695 77.4372856,12.8635148 77.4373154,12.8636022 77.4373619,12.8636702</coordinates></LinearRing></outerBoundaryIs></Polygon></MultiGeometry>
  </Placemark>
  <Placemark>
	<name>SRR5</name>
	<Style><LineStyle><color>ff0000ff</color></LineStyle><PolyStyle><fill>0</fill></PolyStyle></Style>
	<ExtendedData><SchemaData schemaUrl="#amenity_parking_bengaluru_urban">
		<SimpleData name="full_id">w816934677</SimpleData>
		<SimpleData name="osm_id">816934677</SimpleData>
		<SimpleData name="osm_type">way</SimpleData>
		<SimpleData name="amenity">parking</SimpleData>
		<SimpleData name="parking">multi-storey</SimpleData>
		<SimpleData name="fee">no</SimpleData>
		<SimpleData name="building">parking</SimpleData>
		<SimpleData name="access">private</SimpleData>
	</SchemaData></ExtendedData>
      <MultiGeometry><Polygon><outerBoundaryIs><LinearRing><coordinates>77.6846237,12.9272576 77.6846149,12.9260459 77.6851887,12.9260307 77.685445,12.9262782 77.6854958,12.9262775 77.6854986,12.9267003 77.6854856,12.9267014 77.6854867,12.926737 77.6849623,12.9272543 77.6846237,12.9272576</coordinates></LinearRing></outerBoundaryIs></Polygon></MultiGeometry>
  </Placemark>
  <Placemark>
	<Style><LineStyle><color>ff0000ff</color></LineStyle><PolyStyle><fill>0</fill></PolyStyle></Style>
	<ExtendedData><SchemaData schemaUrl="#amenity_parking_bengaluru_urban">
		<SimpleData name="full_id">w816937537</SimpleData>
		<SimpleData name="osm_id">816937537</SimpleData>
		<SimpleData name="osm_type">way</SimpleData>
		<SimpleData name="amenity">parking</SimpleData>
		<SimpleData name="parking">surface</SimpleData>
		<SimpleData name="fee">no</SimpleData>
		<SimpleData name="access">customers</SimpleData>
	</SchemaData></ExtendedData>
      <MultiGeometry><Polygon><outerBoundaryIs><LinearRing><coordinates>77.6847356,12.9243254 77.684732,12.9235633 77.6843358,12.9235633 77.6843358,12.9231599 77.6847002,12.9231633 77.6849337,12.9233909 77.6849461,12.9240582 77.6847356,12.9243254</coordinates></LinearRing></outerBoundaryIs></Polygon></MultiGeometry>
  </Placemark>
  <Placemark>
	<Style><LineStyle><color>ff0000ff</color></LineStyle><PolyStyle><fill>0</fill></PolyStyle></Style>
	<ExtendedData><SchemaData schemaUrl="#amenity_parking_bengaluru_urban">
		<SimpleData name="full_id">w839927611</SimpleData>
		<SimpleData name="osm_id">839927611</SimpleData>
		<SimpleData name="osm_type">way</SimpleData>
		<SimpleData name="amenity">parking</SimpleData>
		<SimpleData name="parking">surface</SimpleData>
	</SchemaData></ExtendedData>
      <MultiGeometry><Polygon><outerBoundaryIs><LinearRing><coordinates>77.6958967,13.1944226 77.6985231,13.1943938 77.698507,13.1933806 77.6990113,13.193378 77.6990113,13.1931482 77.6976514,13.1931508 77.6974288,13.1930594 77.6958802,13.1929524 77.6958967,13.1944226</coordinates></LinearRing></outerBoundaryIs></Polygon></MultiGeometry>
  </Placemark>
  <Placemark>
	<Style><LineStyle><color>ff0000ff</color></LineStyle><PolyStyle><fill>0</fill></PolyStyle></Style>
	<ExtendedData><SchemaData schemaUrl="#amenity_parking_bengaluru_urban">
		<SimpleData name="full_id">w839927625</SimpleData>
		<SimpleData name="osm_id">839927625</SimpleData>
		<SimpleData name="osm_type">way</SimpleData>
		<SimpleData name="amenity">parking</SimpleData>
		<SimpleData name="operator">Minerva Premium Car Parking</SimpleData>
		<SimpleData name="parking">surface</SimpleData>
		<SimpleData name="fee">yes</SimpleData>
	</SchemaData></ExtendedData>
      <MultiGeometry><Polygon><outerBoundaryIs><LinearRing><coordinates>77.680881,13.1852505 77.6806551,13.1840876 77.6799425,13.1842188 77.6801682,13.1853817 77.680881,13.1852505</coordinates></LinearRing></outerBoundaryIs></Polygon></MultiGeometry>
  </Placemark>
  <Placemark>
	<Style><LineStyle><color>ff0000ff</color></LineStyle><PolyStyle><fill>0</fill></PolyStyle></Style>
	<ExtendedData><SchemaData schemaUrl="#amenity_parking_bengaluru_urban">
		<SimpleData name="full_id">w849093151</SimpleData>
		<SimpleData name="osm_id">849093151</SimpleData>
		<SimpleData name="osm_type">way</SimpleData>
		<SimpleData name="amenity">parking</SimpleData>
		<SimpleData name="surface">concrete</SimpleData>
		<SimpleData name="access">private</SimpleData>
	</SchemaData></ExtendedData>
      <MultiGeometry><Polygon><outerBoundaryIs><LinearRing><coordinates>77.6006795,12.8930462 77.6007761,12.8930207 77.6007479,12.8929436 77.600654,12.8929704 77.6006795,12.8930462</coordinates></LinearRing></outerBoundaryIs></Polygon></MultiGeometry>
  </Placemark>
  <Placemark>
	<Style><LineStyle><color>ff0000ff</color></LineStyle><PolyStyle><fill>0</fill></PolyStyle></Style>
	<ExtendedData><SchemaData schemaUrl="#amenity_parking_bengaluru_urban">
		<SimpleData name="full_id">w892243891</SimpleData>
		<SimpleData name="osm_id">892243891</SimpleData>
		<SimpleData name="osm_type">way</SimpleData>
		<SimpleData name="amenity">parking</SimpleData>
		<SimpleData name="access">permissive</SimpleData>
	</SchemaData></ExtendedData>
      <MultiGeometry><Polygon><outerBoundaryIs><LinearRing><coordinates>77.6643139,12.904298 77.6645297,12.9042095 77.6645553,12.9042687 77.664492,12.9042946 77.6643856,12.9044592 77.6643395,12.9043572 77.6643139,12.904298</coordinates></LinearRing></outerBoundaryIs></Polygon></MultiGeometry>
  </Placemark>
  <Placemark>
	<Style><LineStyle><color>ff0000ff</color></LineStyle><PolyStyle><fill>0</fill></PolyStyle></Style>
	<ExtendedData><SchemaData schemaUrl="#amenity_parking_bengaluru_urban">
		<SimpleData name="full_id">w892243900</SimpleData>
		<SimpleData name="osm_id">892243900</SimpleData>
		<SimpleData name="osm_type">way</SimpleData>
		<SimpleData name="amenity">parking</SimpleData>
		<SimpleData name="access">permissive</SimpleData>
	</SchemaData></ExtendedData>
      <MultiGeometry><Polygon><outerBoundaryIs><LinearRing><coordinates>77.6632401,12.9039228 77.6632959,12.9038993 77.6635036,12.9043672 77.6634478,12.9043907 77.6632401,12.9039228</coordinates></LinearRing></outerBoundaryIs></Polygon></MultiGeometry>
  </Placemark>
  <Placemark>
	<Style><LineStyle><color>ff0000ff</color></LineStyle><PolyStyle><fill>0</fill></PolyStyle></Style>
	<ExtendedData><SchemaData schemaUrl="#amenity_parking_bengaluru_urban">
		<SimpleData name="full_id">w896095539</SimpleData>
		<SimpleData name="osm_id">896095539</SimpleData>
		<SimpleData name="osm_type">way</SimpleData>
		<SimpleData name="amenity">parking</SimpleData>
		<SimpleData name="access">private</SimpleData>
	</SchemaData></ExtendedData>
      <MultiGeometry><Polygon><outerBoundaryIs><LinearRing><coordinates>77.5010802,13.0463393 77.5007174,13.0463931 77.5007043,13.046336 77.5010762,13.046291 77.5010802,13.0463393</coordinates></LinearRing></outerBoundaryIs></Polygon></MultiGeometry>
  </Placemark>
  <Placemark>
	<Style><LineStyle><color>ff0000ff</color></LineStyle><PolyStyle><fill>0</fill></PolyStyle></Style>
	<ExtendedData><SchemaData schemaUrl="#amenity_parking_bengaluru_urban">
		<SimpleData name="full_id">w896095540</SimpleData>
		<SimpleData name="osm_id">896095540</SimpleData>
		<SimpleData name="osm_type">way</SimpleData>
		<SimpleData name="amenity">parking</SimpleData>
		<SimpleData name="access">private</SimpleData>
	</SchemaData></ExtendedData>
      <MultiGeometry><Polygon><outerBoundaryIs><LinearRing><coordinates>77.5003122,13.0464452 77.5005268,13.0464141 77.5005268,13.0463695 77.5003024,13.046396 77.5003122,13.0464452</coordinates></LinearRing></outerBoundaryIs></Polygon></MultiGeometry>
  </Placemark>
  <Placemark>
	<Style><LineStyle><color>ff0000ff</color></LineStyle><PolyStyle><fill>0</fill></PolyStyle></Style>
	<ExtendedData><SchemaData schemaUrl="#amenity_parking_bengaluru_urban">
		<SimpleData name="full_id">w896095541</SimpleData>
		<SimpleData name="osm_id">896095541</SimpleData>
		<SimpleData name="osm_type">way</SimpleData>
		<SimpleData name="amenity">parking</SimpleData>
		<SimpleData name="access">private</SimpleData>
	</SchemaData></ExtendedData>
      <MultiGeometry><Polygon><outerBoundaryIs><LinearRing><coordinates>77.500313,13.0460006 77.5006847,13.0459493 77.5006823,13.0459133 77.5003063,13.0459652 77.500313,13.0460006</coordinates></LinearRing></outerBoundaryIs></Polygon></MultiGeometry>
  </Placemark>
  <Placemark>
	<Style><LineStyle><color>ff0000ff</color></LineStyle><PolyStyle><fill>0</fill></PolyStyle></Style>
	<ExtendedData><SchemaData schemaUrl="#amenity_parking_bengaluru_urban">
		<SimpleData name="full_id">w896095542</SimpleData>
		<SimpleData name="osm_id">896095542</SimpleData>
		<SimpleData name="osm_type">way</SimpleData>
		<SimpleData name="amenity">parking</SimpleData>
		<SimpleData name="access">private</SimpleData>
	</SchemaData></ExtendedData>
      <MultiGeometry><Polygon><outerBoundaryIs><LinearRing><coordinates>77.500712,13.0459435 77.5007105,13.0459056 77.5011218,13.0458471 77.5011274,13.0458801 77.500712,13.0459435</coordinates></LinearRing></outerBoundaryIs></Polygon></MultiGeometry>
  </Placemark>
  <Placemark>
	<Style><LineStyle><color>ff0000ff</color></LineStyle><PolyStyle><fill>0</fill></PolyStyle></Style>
	<ExtendedData><SchemaData schemaUrl="#amenity_parking_bengaluru_urban">
		<SimpleData name="full_id">w917838861</SimpleData>
		<SimpleData name="osm_id">917838861</SimpleData>
		<SimpleData name="osm_type">way</SimpleData>
		<SimpleData name="amenity">parking</SimpleData>
		<SimpleData name="surface">paved</SimpleData>
		<SimpleData name="parking">surface</SimpleData>
		<SimpleData name="access">customers</SimpleData>
	</SchemaData></ExtendedData>
      <MultiGeometry><Polygon><outerBoundaryIs><LinearRing><coordinates>77.6944064,12.9074127 77.6947162,12.9073395 77.6946907,12.9071709 77.6943782,12.9072441 77.6944064,12.9074127</coordinates></LinearRing></outerBoundaryIs></Polygon></MultiGeometry>
  </Placemark>
  <Placemark>
	<Style><LineStyle><color>ff0000ff</color></LineStyle><PolyStyle><fill>0</fill></PolyStyle></Style>
	<ExtendedData><SchemaData schemaUrl="#amenity_parking_bengaluru_urban">
		<SimpleData name="full_id">w917838862</SimpleData>
		<SimpleData name="osm_id">917838862</SimpleData>
		<SimpleData name="osm_type">way</SimpleData>
		<SimpleData name="amenity">parking</SimpleData>
		<SimpleData name="parking">surface</SimpleData>
		<SimpleData name="access">customers</SimpleData>
	</SchemaData></ExtendedData>
      <MultiGeometry><Polygon><outerBoundaryIs><LinearRing><coordinates>77.6925946,12.9081951 77.69262,12.9080957 77.6928789,12.9080278 77.6928413,12.9081336 77.6925946,12.9081951</coordinates></LinearRing></outerBoundaryIs></Polygon></MultiGeometry>
  </Placemark>
  <Placemark>
	<Style><LineStyle><color>ff0000ff</color></LineStyle><PolyStyle><fill>0</fill></PolyStyle></Style>
	<ExtendedData><SchemaData schemaUrl="#amenity_parking_bengaluru_urban">
		<SimpleData name="full_id">w918523255</SimpleData>
		<SimpleData name="osm_id">918523255</SimpleData>
		<SimpleData name="osm_type">way</SimpleData>
		<SimpleData name="amenity">parking</SimpleData>
		<SimpleData name="surface">paving_stones</SimpleData>
		<SimpleData name="parking">surface</SimpleData>
		<SimpleData name="fee">no</SimpleData>
		<SimpleData name="access">customers</SimpleData>
	</SchemaData></ExtendedData>
      <MultiGeometry><Polygon><outerBoundaryIs><LinearRing><coordinates>77.687139,12.9094711 77.6873697,12.909394 77.6873951,12.9094724 77.6871685,12.9095496 77.687139,12.9094711</coordinates></LinearRing></outerBoundaryIs></Polygon></MultiGeometry>
  </Placemark>
  <Placemark>
	<Style><LineStyle><color>ff0000ff</color></LineStyle><PolyStyle><fill>0</fill></PolyStyle></Style>
	<ExtendedData><SchemaData schemaUrl="#amenity_parking_bengaluru_urban">
		<SimpleData name="full_id">w986979031</SimpleData>
		<SimpleData name="osm_id">986979031</SimpleData>
		<SimpleData name="osm_type">way</SimpleData>
		<SimpleData name="amenity">parking</SimpleData>
	</SchemaData></ExtendedData>
      <MultiGeometry><Polygon><outerBoundaryIs><LinearRing><coordinates>77.584946,12.9941533 77.5846204,12.9941653 77.5846211,12.9938873 77.5848792,12.993866 77.5849369,12.9939013 77.5849731,12.993968 77.584946,12.9941533</coordinates></LinearRing></outerBoundaryIs></Polygon></MultiGeometry>
  </Placemark>
  <Placemark>
	<name>MLCP</name>
	<Style><LineStyle><color>ff0000ff</color></LineStyle><PolyStyle><fill>0</fill></PolyStyle></Style>
	<ExtendedData><SchemaData schemaUrl="#amenity_parking_bengaluru_urban">
		<SimpleData name="full_id">w992731942</SimpleData>
		<SimpleData name="osm_id">992731942</SimpleData>
		<SimpleData name="osm_type">way</SimpleData>
		<SimpleData name="amenity">parking</SimpleData>
		<SimpleData name="building:levels">6</SimpleData>
		<SimpleData name="operator">Prestige Technostar</SimpleData>
		<SimpleData name="parking">multi-storey</SimpleData>
		<SimpleData name="building">parking</SimpleData>
		<SimpleData name="access">permissive</SimpleData>
	</SchemaData></ExtendedData>
      <MultiGeometry><Polygon><outerBoundaryIs><LinearRing><coordinates>77.7101089,12.973945 77.710226,12.9736132 77.7097766,12.9734626 77.7096595,12.9737944 77.7101089,12.973945</coordinates></LinearRing></outerBoundaryIs></Polygon></MultiGeometry>
  </Placemark>
  <Placemark>
	<Style><LineStyle><color>ff0000ff</color></LineStyle><PolyStyle><fill>0</fill></PolyStyle></Style>
	<ExtendedData><SchemaData schemaUrl="#amenity_parking_bengaluru_urban">
		<SimpleData name="full_id">w993827246</SimpleData>
		<SimpleData name="osm_id">993827246</SimpleData>
		<SimpleData name="osm_type">way</SimpleData>
		<SimpleData name="amenity">parking</SimpleData>
	</SchemaData></ExtendedData>
      <MultiGeometry><Polygon><outerBoundaryIs><LinearRing><coordinates>77.5285824,13.0482532 77.5287034,13.0482604 77.5287233,13.0479437 77.5286023,13.0479365 77.5285824,13.0482532</coordinates></LinearRing></outerBoundaryIs></Polygon></MultiGeometry>
  </Placemark>
  <Placemark>
	<Style><LineStyle><color>ff0000ff</color></LineStyle><PolyStyle><fill>0</fill></PolyStyle></Style>
	<ExtendedData><SchemaData schemaUrl="#amenity_parking_bengaluru_urban">
		<SimpleData name="full_id">w995603507</SimpleData>
		<SimpleData name="osm_id">995603507</SimpleData>
		<SimpleData name="osm_type">way</SimpleData>
		<SimpleData name="amenity">parking</SimpleData>
	</SchemaData></ExtendedData>
      <MultiGeometry><Polygon><outerBoundaryIs><LinearRing><coordinates>77.5293089,13.0504987 77.52952,13.0505588 77.5295436,13.0504803 77.5293325,13.0504201 77.5293089,13.0504987</coordinates></LinearRing></outerBoundaryIs></Polygon></MultiGeometry>
  </Placemark>
  <Placemark>
	<Style><LineStyle><color>ff0000ff</color></LineStyle><PolyStyle><fill>0</fill></PolyStyle></Style>
	<ExtendedData><SchemaData schemaUrl="#amenity_parking_bengaluru_urban">
		<SimpleData name="full_id">w997966839</SimpleData>
		<SimpleData name="osm_id">997966839</SimpleData>
		<SimpleData name="osm_type">way</SimpleData>
		<SimpleData name="amenity">parking</SimpleData>
		<SimpleData name="access">customers</SimpleData>
	</SchemaData></ExtendedData>
      <MultiGeometry><Polygon><outerBoundaryIs><LinearRing><coordinates>77.6126188,12.9731315 77.6127451,12.9731056 77.612703,12.9729108 77.6125767,12.9729367 77.6126188,12.9731315</coordinates></LinearRing></outerBoundaryIs></Polygon></MultiGeometry>
  </Placemark>
  <Placemark>
	<Style><LineStyle><color>ff0000ff</color></LineStyle><PolyStyle><fill>0</fill></PolyStyle></Style>
	<ExtendedData><SchemaData schemaUrl="#amenity_parking_bengaluru_urban">
		<SimpleData name="full_id">w1007640514</SimpleData>
		<SimpleData name="osm_id">1007640514</SimpleData>
		<SimpleData name="osm_type">way</SimpleData>
		<SimpleData name="amenity">parking</SimpleData>
		<SimpleData name="capacity">8</SimpleData>
		<SimpleData name="access">customers</SimpleData>
	</SchemaData></ExtendedData>
      <MultiGeometry><Polygon><outerBoundaryIs><LinearRing><coordinates>77.5929537,12.9584788 77.5930122,12.9584589 77.5929944,12.9584093 77.5929359,12.9584292 77.5929404,12.9584416 77.5929537,12.9584788</coordinates></LinearRing></outerBoundaryIs></Polygon></MultiGeometry>
  </Placemark>
  <Placemark>
	<Style><LineStyle><color>ff0000ff</color></LineStyle><PolyStyle><fill>0</fill></PolyStyle></Style>
	<ExtendedData><SchemaData schemaUrl="#amenity_parking_bengaluru_urban">
		<SimpleData name="full_id">w1007646159</SimpleData>
		<SimpleData name="osm_id">1007646159</SimpleData>
		<SimpleData name="osm_type">way</SimpleData>
		<SimpleData name="amenity">parking</SimpleData>
		<SimpleData name="capacity">10</SimpleData>
	</SchemaData></ExtendedData>
      <MultiGeometry><Polygon><outerBoundaryIs><LinearRing><coordinates>77.5840986,12.9743029 77.5840789,12.9743326 77.5843181,12.9744832 77.5843378,12.9744535 77.5840986,12.9743029</coordinates></LinearRing></outerBoundaryIs></Polygon></MultiGeometry>
  </Placemark>
  <Placemark>
	<Style><LineStyle><color>ff0000ff</color></LineStyle><PolyStyle><fill>0</fill></PolyStyle></Style>
	<ExtendedData><SchemaData schemaUrl="#amenity_parking_bengaluru_urban">
		<SimpleData name="full_id">w1009943143</SimpleData>
		<SimpleData name="osm_id">1009943143</SimpleData>
		<SimpleData name="osm_type">way</SimpleData>
		<SimpleData name="amenity">parking</SimpleData>
		<SimpleData name="covered">no</SimpleData>
		<SimpleData name="capacity">10</SimpleData>
		<SimpleData name="surface">concrete</SimpleData>
		<SimpleData name="parking">surface</SimpleData>
		<SimpleData name="fee">no</SimpleData>
		<SimpleData name="access">customers</SimpleData>
	</SchemaData></ExtendedData>
      <MultiGeometry><Polygon><outerBoundaryIs><LinearRing><coordinates>77.699732,12.9432585 77.6999982,12.9431203 77.6999432,12.9430197 77.6996308,12.9431129 77.699732,12.9432585</coordinates></LinearRing></outerBoundaryIs></Polygon></MultiGeometry>
  </Placemark>
  <Placemark>
	<Style><LineStyle><color>ff0000ff</color></LineStyle><PolyStyle><fill>0</fill></PolyStyle></Style>
	<ExtendedData><SchemaData schemaUrl="#amenity_parking_bengaluru_urban">
		<SimpleData name="full_id">w1030050640</SimpleData>
		<SimpleData name="osm_id">1030050640</SimpleData>
		<SimpleData name="osm_type">way</SimpleData>
		<SimpleData name="amenity">parking</SimpleData>
	</SchemaData></ExtendedData>
      <MultiGeometry><Polygon><outerBoundaryIs><LinearRing><coordinates>77.5727335,12.9733739 77.5727492,12.9734871 77.5725189,12.9735174 77.5725031,12.9734043 77.5727335,12.9733739</coordinates></LinearRing></outerBoundaryIs></Polygon></MultiGeometry>
  </Placemark>
  <Placemark>
	<Style><LineStyle><color>ff0000ff</color></LineStyle><PolyStyle><fill>0</fill></PolyStyle></Style>
	<ExtendedData><SchemaData schemaUrl="#amenity_parking_bengaluru_urban">
		<SimpleData name="full_id">w1034261984</SimpleData>
		<SimpleData name="osm_id">1034261984</SimpleData>
		<SimpleData name="osm_type">way</SimpleData>
		<SimpleData name="amenity">parking</SimpleData>
		<SimpleData name="parking">surface</SimpleData>
		<SimpleData name="access">private</SimpleData>
	</SchemaData></ExtendedData>
      <MultiGeometry><Polygon><outerBoundaryIs><LinearRing><coordinates>77.5988093,13.0422639 77.5981656,13.0423527 77.5979562,13.0414335 77.5987556,13.0414251 77.5988093,13.0422639</coordinates></LinearRing></outerBoundaryIs></Polygon></MultiGeometry>
  </Placemark>
  <Placemark>
	<Style><LineStyle><color>ff0000ff</color></LineStyle><PolyStyle><fill>0</fill></PolyStyle></Style>
	<ExtendedData><SchemaData schemaUrl="#amenity_parking_bengaluru_urban">
		<SimpleData name="full_id">w1035562479</SimpleData>
		<SimpleData name="osm_id">1035562479</SimpleData>
		<SimpleData name="osm_type">way</SimpleData>
		<SimpleData name="amenity">parking</SimpleData>
	</SchemaData></ExtendedData>
      <MultiGeometry><Polygon><outerBoundaryIs><LinearRing><coordinates>77.6056743,12.9744674 77.6056975,12.9745325 77.6058577,12.9744783 77.6059072,12.9744616 77.6058443,12.9742849 77.6056949,12.9743354 77.6057346,12.9744471 77.6056743,12.9744674</coordinates></LinearRing></outerBoundaryIs></Polygon></MultiGeometry>
  </Placemark>
  <Placemark>
	<name>Alliance Francaise Parking</name>
	<Style><LineStyle><color>ff0000ff</color></LineStyle><PolyStyle><fill>0</fill></PolyStyle></Style>
	<ExtendedData><SchemaData schemaUrl="#amenity_parking_bengaluru_urban">
		<SimpleData name="full_id">w1039668746</SimpleData>
		<SimpleData name="osm_id">1039668746</SimpleData>
		<SimpleData name="osm_type">way</SimpleData>
		<SimpleData name="amenity">parking</SimpleData>
		<SimpleData name="capacity">25</SimpleData>
		<SimpleData name="parking">surface</SimpleData>
		<SimpleData name="access">permissive</SimpleData>
	</SchemaData></ExtendedData>
      <MultiGeometry><Polygon><outerBoundaryIs><LinearRing><coordinates>77.5970422,12.9917805 77.5969159,12.9916798 77.5971206,12.9914358 77.5972533,12.9915418 77.5970422,12.9917805</coordinates></LinearRing></outerBoundaryIs></Polygon></MultiGeometry>
  </Placemark>
  <Placemark>
	<Style><LineStyle><color>ff0000ff</color></LineStyle><PolyStyle><fill>0</fill></PolyStyle></Style>
	<ExtendedData><SchemaData schemaUrl="#amenity_parking_bengaluru_urban">
		<SimpleData name="full_id">w1047676478</SimpleData>
		<SimpleData name="osm_id">1047676478</SimpleData>
		<SimpleData name="osm_type">way</SimpleData>
		<SimpleData name="amenity">parking</SimpleData>
		<SimpleData name="parking">surface</SimpleData>
		<SimpleData name="access">customers</SimpleData>
	</SchemaData></ExtendedData>
      <MultiGeometry><Polygon><outerBoundaryIs><LinearRing><coordinates>77.5977294,12.9843599 77.5979331,12.9842631 77.5978631,12.9841234 77.5976595,12.9842202 77.5977294,12.9843599</coordinates></LinearRing></outerBoundaryIs></Polygon></MultiGeometry>
  </Placemark>
  <Placemark>
	<Style><LineStyle><color>ff0000ff</color></LineStyle><PolyStyle><fill>0</fill></PolyStyle></Style>
	<ExtendedData><SchemaData schemaUrl="#amenity_parking_bengaluru_urban">
		<SimpleData name="full_id">w1051886136</SimpleData>
		<SimpleData name="osm_id">1051886136</SimpleData>
		<SimpleData name="osm_type">way</SimpleData>
		<SimpleData name="amenity">parking</SimpleData>
		<SimpleData name="parking">surface</SimpleData>
		<SimpleData name="fee">no</SimpleData>
		<SimpleData name="access">permissive</SimpleData>
	</SchemaData></ExtendedData>
      <MultiGeometry><Polygon><outerBoundaryIs><LinearRing><coordinates>77.6111661,12.9931191 77.6112421,12.9930663 77.6116308,12.9927959 77.6116461,12.9927853 77.6116687,12.9927696 77.6119232,12.993116 77.6114091,12.9934664 77.6111661,12.9931191</coordinates></LinearRing></outerBoundaryIs></Polygon></MultiGeometry>
  </Placemark>
  <Placemark>
	<Style><LineStyle><color>ff0000ff</color></LineStyle><PolyStyle><fill>0</fill></PolyStyle></Style>
	<ExtendedData><SchemaData schemaUrl="#amenity_parking_bengaluru_urban">
		<SimpleData name="full_id">w1053381291</SimpleData>
		<SimpleData name="osm_id">1053381291</SimpleData>
		<SimpleData name="osm_type">way</SimpleData>
		<SimpleData name="amenity">parking</SimpleData>
		<SimpleData name="parking">surface</SimpleData>
		<SimpleData name="access">private</SimpleData>
	</SchemaData></ExtendedData>
      <MultiGeometry><Polygon><outerBoundaryIs><LinearRing><coordinates>77.615909,12.9745596 77.6158155,12.9745718 77.6157926,12.9744041 77.6158691,12.9743941 77.6158563,12.9743003 77.6159644,12.9742863 77.6160001,12.9745478 77.615909,12.9745596</coordinates></LinearRing></outerBoundaryIs></Polygon></MultiGeometry>
  </Placemark>
  <Placemark>
	<Style><LineStyle><color>ff0000ff</color></LineStyle><PolyStyle><fill>0</fill></PolyStyle></Style>
	<ExtendedData><SchemaData schemaUrl="#amenity_parking_bengaluru_urban">
		<SimpleData name="full_id">w1054489018</SimpleData>
		<SimpleData name="osm_id">1054489018</SimpleData>
		<SimpleData name="osm_type">way</SimpleData>
		<SimpleData name="amenity">parking</SimpleData>
		<SimpleData name="operator">NLSIU</SimpleData>
		<SimpleData name="parking">surface</SimpleData>
		<SimpleData name="fee">no</SimpleData>
		<SimpleData name="access">permissive</SimpleData>
	</SchemaData></ExtendedData>
      <MultiGeometry><Polygon><outerBoundaryIs><LinearRing><coordinates>77.517345,12.9544302 77.5172111,12.9545306 77.5171749,12.954447 77.5169228,12.9542143 77.5170492,12.9541085 77.517345,12.9544302</coordinates></LinearRing></outerBoundaryIs></Polygon></MultiGeometry>
  </Placemark>
  <Placemark>
	<Style><LineStyle><color>ff0000ff</color></LineStyle><PolyStyle><fill>0</fill></PolyStyle></Style>
	<ExtendedData><SchemaData schemaUrl="#amenity_parking_bengaluru_urban">
		<SimpleData name="full_id">w1056658519</SimpleData>
		<SimpleData name="osm_id">1056658519</SimpleData>
		<SimpleData name="osm_type">way</SimpleData>
		<SimpleData name="amenity">parking</SimpleData>
		<SimpleData name="capacity">25</SimpleData>
		<SimpleData name="operator">IISc</SimpleData>
		<SimpleData name="parking">surface</SimpleData>
		<SimpleData name="access">permissive</SimpleData>
	</SchemaData></ExtendedData>
      <MultiGeometry><Polygon><outerBoundaryIs><LinearRing><coordinates>77.5701989,13.0273537 77.5702772,13.0275909 77.5699148,13.0277044 77.5698365,13.0274672 77.569989,13.0274195 77.5701989,13.0273537</coordinates></LinearRing></outerBoundaryIs></Polygon></MultiGeometry>
  </Placemark>
  <Placemark>
	<Style><LineStyle><color>ff0000ff</color></LineStyle><PolyStyle><fill>0</fill></PolyStyle></Style>
	<ExtendedData><SchemaData schemaUrl="#amenity_parking_bengaluru_urban">
		<SimpleData name="full_id">w1056658521</SimpleData>
		<SimpleData name="osm_id">1056658521</SimpleData>
		<SimpleData name="osm_type">way</SimpleData>
		<SimpleData name="amenity">parking</SimpleData>
		<SimpleData name="parking">surface</SimpleData>
		<SimpleData name="access">permissive</SimpleData>
	</SchemaData></ExtendedData>
      <MultiGeometry><Polygon><outerBoundaryIs><LinearRing><coordinates>77.5704731,13.028958 77.5706059,13.0289463 77.5709935,13.0285922 77.5709841,13.0284746 77.5704141,13.0285791 77.5704731,13.028958</coordinates></LinearRing></outerBoundaryIs></Polygon></MultiGeometry>
  </Placemark>
  <Placemark>
	<Style><LineStyle><color>ff0000ff</color></LineStyle><PolyStyle><fill>0</fill></PolyStyle></Style>
	<ExtendedData><SchemaData schemaUrl="#amenity_parking_bengaluru_urban">
		<SimpleData name="full_id">w1060008787</SimpleData>
		<SimpleData name="osm_id">1060008787</SimpleData>
		<SimpleData name="osm_type">way</SimpleData>
		<SimpleData name="amenity">parking</SimpleData>
		<SimpleData name="parking">surface</SimpleData>
		<SimpleData name="access">private</SimpleData>
	</SchemaData></ExtendedData>
      <MultiGeometry><Polygon><outerBoundaryIs><LinearRing><coordinates>77.6048563,12.9729752 77.6046377,12.9731242 77.6045814,12.9730118 77.6044755,12.9729804 77.6042059,12.9730092 77.6041858,12.9728498 77.6043642,12.972821 77.6046981,12.9729765 77.6047759,12.9728485 77.6048242,12.9728498 77.6048563,12.9729752</coordinates></LinearRing></outerBoundaryIs></Polygon></MultiGeometry>
  </Placemark>
  <Placemark>
	<name>Byappanahalli Station Parking</name>
	<Style><LineStyle><color>ff0000ff</color></LineStyle><PolyStyle><fill>0</fill></PolyStyle></Style>
	<ExtendedData><SchemaData schemaUrl="#amenity_parking_bengaluru_urban">
		<SimpleData name="full_id">w1060190458</SimpleData>
		<SimpleData name="osm_id">1060190458</SimpleData>
		<SimpleData name="osm_type">way</SimpleData>
		<SimpleData name="amenity">parking</SimpleData>
		<SimpleData name="operator">BMRCL</SimpleData>
		<SimpleData name="parking">surface</SimpleData>
		<SimpleData name="fee">yes</SimpleData>
		<SimpleData name="access">customers</SimpleData>
	</SchemaData></ExtendedData>
      <MultiGeometry><Polygon><outerBoundaryIs><LinearRing><coordinates>77.652711,12.9930558 77.6519492,12.9930767 77.651875,12.9923234 77.6518688,12.992243 77.6521504,12.99223 77.6522174,12.9919255 77.6525326,12.9920013 77.6525916,12.9917478 77.6529108,12.9918079 77.6531498,12.9918838 77.6530387,12.9924941 77.652711,12.9930558</coordinates></LinearRing></outerBoundaryIs></Polygon></MultiGeometry>
  </Placemark>
  <Placemark>
	<Style><LineStyle><color>ff0000ff</color></LineStyle><PolyStyle><fill>0</fill></PolyStyle></Style>
	<ExtendedData><SchemaData schemaUrl="#amenity_parking_bengaluru_urban">
		<SimpleData name="full_id">w1061041084</SimpleData>
		<SimpleData name="osm_id">1061041084</SimpleData>
		<SimpleData name="osm_type">way</SimpleData>
		<SimpleData name="amenity">parking</SimpleData>
		<SimpleData name="parking">multi-storey</SimpleData>
		<SimpleData name="fee">no</SimpleData>
		<SimpleData name="building">yes</SimpleData>
		<SimpleData name="access">customers</SimpleData>
	</SchemaData></ExtendedData>
      <MultiGeometry><Polygon><outerBoundaryIs><LinearRing><coordinates>77.6935726,12.9319897 77.6944508,12.9320398 77.6944706,12.9317084 77.6935925,12.9316586 77.6935726,12.9319897</coordinates></LinearRing></outerBoundaryIs></Polygon></MultiGeometry>
  </Placemark>
  <Placemark>
	<Style><LineStyle><color>ff0000ff</color></LineStyle><PolyStyle><fill>0</fill></PolyStyle></Style>
	<ExtendedData><SchemaData schemaUrl="#amenity_parking_bengaluru_urban">
		<SimpleData name="full_id">w1061067882</SimpleData>
		<SimpleData name="osm_id">1061067882</SimpleData>
		<SimpleData name="osm_type">way</SimpleData>
		<SimpleData name="amenity">parking</SimpleData>
		<SimpleData name="parking">surface</SimpleData>
		<SimpleData name="access">private</SimpleData>
	</SchemaData></ExtendedData>
      <MultiGeometry><Polygon><outerBoundaryIs><LinearRing><coordinates>77.7493353,12.9690331 77.7493104,12.9688792 77.7494542,12.9688571 77.7494791,12.9690111 77.7493353,12.9690331</coordinates></LinearRing></outerBoundaryIs></Polygon></MultiGeometry>
  </Placemark>
  <Placemark>
	<Style><LineStyle><color>ff0000ff</color></LineStyle><PolyStyle><fill>0</fill></PolyStyle></Style>
	<ExtendedData><SchemaData schemaUrl="#amenity_parking_bengaluru_urban">
		<SimpleData name="full_id">w1064408586</SimpleData>
		<SimpleData name="osm_id">1064408586</SimpleData>
		<SimpleData name="osm_type">way</SimpleData>
		<SimpleData name="amenity">parking</SimpleData>
		<SimpleData name="parking">surface</SimpleData>
		<SimpleData name="access">private</SimpleData>
	</SchemaData></ExtendedData>
      <MultiGeometry><Polygon><outerBoundaryIs><LinearRing><coordinates>77.5196867,12.9832408 77.521099,12.9828903 77.5208415,12.9818095 77.5206698,12.9812724 77.5192155,12.9816308 77.5191911,12.9815355 77.5207195,12.9811875 77.5212264,12.9829177 77.5196971,12.9832833 77.5196867,12.9832408</coordinates></LinearRing></outerBoundaryIs></Polygon></MultiGeometry>
  </Placemark>
  <Placemark>
	<Style><LineStyle><color>ff0000ff</color></LineStyle><PolyStyle><fill>0</fill></PolyStyle></Style>
	<ExtendedData><SchemaData schemaUrl="#amenity_parking_bengaluru_urban">
		<SimpleData name="full_id">w1064618417</SimpleData>
		<SimpleData name="osm_id">1064618417</SimpleData>
		<SimpleData name="osm_type">way</SimpleData>
		<SimpleData name="amenity">parking</SimpleData>
		<SimpleData name="parking">surface</SimpleData>
		<SimpleData name="fee">yes</SimpleData>
		<SimpleData name="access">customers</SimpleData>
	</SchemaData></ExtendedData>
      <MultiGeometry><Polygon><outerBoundaryIs><LinearRing><coordinates>77.6105053,12.9701015 77.6105379,12.9701763 77.6112683,12.9699 77.6112514,12.9698427 77.6105053,12.9701015</coordinates></LinearRing></outerBoundaryIs></Polygon></MultiGeometry>
  </Placemark>
  <Placemark>
	<name>St Philomena's Parking Lot</name>
	<Style><LineStyle><color>ff0000ff</color></LineStyle><PolyStyle><fill>0</fill></PolyStyle></Style>
	<ExtendedData><SchemaData schemaUrl="#amenity_parking_bengaluru_urban">
		<SimpleData name="full_id">w1064840025</SimpleData>
		<SimpleData name="osm_id">1064840025</SimpleData>
		<SimpleData name="osm_type">way</SimpleData>
		<SimpleData name="amenity">parking</SimpleData>
		<SimpleData name="survey:date">2023-09-26</SimpleData>
		<SimpleData name="parking">surface</SimpleData>
		<SimpleData name="access">customers</SimpleData>
	</SchemaData></ExtendedData>
      <MultiGeometry><Polygon><outerBoundaryIs><LinearRing><coordinates>77.6105949,12.9657076 77.6110308,12.9654109 77.6109222,12.9652594 77.6104863,12.9655561 77.6105949,12.9657076</coordinates></LinearRing></outerBoundaryIs></Polygon></MultiGeometry>
  </Placemark>
  <Placemark>
	<Style><LineStyle><color>ff0000ff</color></LineStyle><PolyStyle><fill>0</fill></PolyStyle></Style>
	<ExtendedData><SchemaData schemaUrl="#amenity_parking_bengaluru_urban">
		<SimpleData name="full_id">w1064840030</SimpleData>
		<SimpleData name="osm_id">1064840030</SimpleData>
		<SimpleData name="osm_type">way</SimpleData>
		<SimpleData name="amenity">parking</SimpleData>
		<SimpleData name="parking">surface</SimpleData>
		<SimpleData name="fee">no</SimpleData>
		<SimpleData name="access">customers</SimpleData>
	</SchemaData></ExtendedData>
      <MultiGeometry><Polygon><outerBoundaryIs><LinearRing><coordinates>77.6120194,12.9668617 77.611466,12.966995 77.611476,12.9670341 77.6120279,12.9669035 77.6120194,12.9668617</coordinates></LinearRing></outerBoundaryIs></Polygon></MultiGeometry>
  </Placemark>
  <Placemark>
	<Style><LineStyle><color>ff0000ff</color></LineStyle><PolyStyle><fill>0</fill></PolyStyle></Style>
	<ExtendedData><SchemaData schemaUrl="#amenity_parking_bengaluru_urban">
		<SimpleData name="full_id">w1064890967</SimpleData>
		<SimpleData name="osm_id">1064890967</SimpleData>
		<SimpleData name="osm_type">way</SimpleData>
		<SimpleData name="amenity">parking</SimpleData>
		<SimpleData name="parking">surface</SimpleData>
		<SimpleData name="fee">no</SimpleData>
		<SimpleData name="access">permissive</SimpleData>
	</SchemaData></ExtendedData>
      <MultiGeometry><Polygon><outerBoundaryIs><LinearRing><coordinates>77.5881301,12.9937765 77.588403,12.993702 77.5883567,12.9935315 77.5880828,12.9936021 77.5881301,12.9937765</coordinates></LinearRing></outerBoundaryIs></Polygon></MultiGeometry>
  </Placemark>
  <Placemark>
	<Style><LineStyle><color>ff0000ff</color></LineStyle><PolyStyle><fill>0</fill></PolyStyle></Style>
	<ExtendedData><SchemaData schemaUrl="#amenity_parking_bengaluru_urban">
		<SimpleData name="full_id">w1065104458</SimpleData>
		<SimpleData name="osm_id">1065104458</SimpleData>
		<SimpleData name="osm_type">way</SimpleData>
		<SimpleData name="amenity">parking</SimpleData>
		<SimpleData name="operator">Bagmane Group</SimpleData>
		<SimpleData name="parking">surface</SimpleData>
		<SimpleData name="access">permissive</SimpleData>
	</SchemaData></ExtendedData>
      <MultiGeometry><Polygon><outerBoundaryIs><LinearRing><coordinates>77.6936143,12.9842994 77.6924798,12.9836359 77.6929186,12.9829233 77.6929885,12.9829642 77.6925875,12.9836153 77.6933024,12.9840308 77.6936522,12.9842379 77.6936143,12.9842994</coordinates></LinearRing></outerBoundaryIs></Polygon></MultiGeometry>
  </Placemark>
  <Placemark>
	<Style><LineStyle><color>ff0000ff</color></LineStyle><PolyStyle><fill>0</fill></PolyStyle></Style>
	<ExtendedData><SchemaData schemaUrl="#amenity_parking_bengaluru_urban">
		<SimpleData name="full_id">w1065159781</SimpleData>
		<SimpleData name="osm_id">1065159781</SimpleData>
		<SimpleData name="osm_type">way</SimpleData>
		<SimpleData name="amenity">parking</SimpleData>
		<SimpleData name="parking">surface</SimpleData>
		<SimpleData name="access">permissive</SimpleData>
	</SchemaData></ExtendedData>
      <MultiGeometry><Polygon><outerBoundaryIs><LinearRing><coordinates>77.642568,13.0824608 77.6424358,13.0821115 77.642356,13.0821401 77.6422587,13.0818831 77.6420488,13.0819584 77.6422781,13.0825648 77.642568,13.0824608</coordinates></LinearRing></outerBoundaryIs></Polygon></MultiGeometry>
  </Placemark>
  <Placemark>
	<Style><LineStyle><color>ff0000ff</color></LineStyle><PolyStyle><fill>0</fill></PolyStyle></Style>
	<ExtendedData><SchemaData schemaUrl="#amenity_parking_bengaluru_urban">
		<SimpleData name="full_id">w1065296604</SimpleData>
		<SimpleData name="osm_id">1065296604</SimpleData>
		<SimpleData name="osm_type">way</SimpleData>
		<SimpleData name="amenity">parking</SimpleData>
		<SimpleData name="parking">surface</SimpleData>
		<SimpleData name="access">permissive</SimpleData>
	</SchemaData></ExtendedData>
      <MultiGeometry><Polygon><outerBoundaryIs><LinearRing><coordinates>77.6590894,12.9777819 77.6591375,12.9780942 77.6594145,12.9780329 77.6594996,12.978451 77.6601541,12.9783425 77.6601005,12.9779596 77.6603258,12.9779125 77.6602635,12.9775983 77.6590894,12.9777819</coordinates></LinearRing></outerBoundaryIs></Polygon></MultiGeometry>
  </Placemark>
  <Placemark>
	<Style><LineStyle><color>ff0000ff</color></LineStyle><PolyStyle><fill>0</fill></PolyStyle></Style>
	<ExtendedData><SchemaData schemaUrl="#amenity_parking_bengaluru_urban">
		<SimpleData name="full_id">w1065296605</SimpleData>
		<SimpleData name="osm_id">1065296605</SimpleData>
		<SimpleData name="osm_type">way</SimpleData>
		<SimpleData name="amenity">parking</SimpleData>
		<SimpleData name="parking">surface</SimpleData>
		<SimpleData name="access">permissive</SimpleData>
	</SchemaData></ExtendedData>
      <MultiGeometry><Polygon><outerBoundaryIs><LinearRing><coordinates>77.6643102,12.9791998 77.6653777,12.9791553 77.6653857,12.9791096 77.6643021,12.9789659 77.6643102,12.9791998</coordinates></LinearRing></outerBoundaryIs></Polygon></MultiGeometry>
  </Placemark>
  <Placemark>
	<Style><LineStyle><color>ff0000ff</color></LineStyle><PolyStyle><fill>0</fill></PolyStyle></Style>
	<ExtendedData><SchemaData schemaUrl="#amenity_parking_bengaluru_urban">
		<SimpleData name="full_id">w1065296606</SimpleData>
		<SimpleData name="osm_id">1065296606</SimpleData>
		<SimpleData name="osm_type">way</SimpleData>
		<SimpleData name="amenity">parking</SimpleData>
		<SimpleData name="parking">surface</SimpleData>
		<SimpleData name="access">permissive</SimpleData>
	</SchemaData></ExtendedData>
      <MultiGeometry><Polygon><outerBoundaryIs><LinearRing><coordinates>77.6640755,12.9786993 77.6636705,12.9779334 77.6639923,12.977791 77.6639695,12.9780916 77.6641318,12.9781073 77.6640755,12.9786993</coordinates></LinearRing></outerBoundaryIs></Polygon></MultiGeometry>
  </Placemark>
  <Placemark>
	<Style><LineStyle><color>ff0000ff</color></LineStyle><PolyStyle><fill>0</fill></PolyStyle></Style>
	<ExtendedData><SchemaData schemaUrl="#amenity_parking_bengaluru_urban">
		<SimpleData name="full_id">w1065300633</SimpleData>
		<SimpleData name="osm_id">1065300633</SimpleData>
		<SimpleData name="osm_type">way</SimpleData>
		<SimpleData name="amenity">parking</SimpleData>
		<SimpleData name="parking">surface</SimpleData>
		<SimpleData name="access">permissive</SimpleData>
	</SchemaData></ExtendedData>
      <MultiGeometry><Polygon><outerBoundaryIs><LinearRing><coordinates>77.661054,12.9789069 77.6613591,12.9788794 77.6613518,12.9784606 77.6610079,12.9785056 77.661054,12.9789069</coordinates></LinearRing></outerBoundaryIs></Polygon></MultiGeometry>
  </Placemark>
  <Placemark>
	<Style><LineStyle><color>ff0000ff</color></LineStyle><PolyStyle><fill>0</fill></PolyStyle></Style>
	<ExtendedData><SchemaData schemaUrl="#amenity_parking_bengaluru_urban">
		<SimpleData name="full_id">w1065306088</SimpleData>
		<SimpleData name="osm_id">1065306088</SimpleData>
		<SimpleData name="osm_type">way</SimpleData>
		<SimpleData name="amenity">parking</SimpleData>
		<SimpleData name="parking">surface</SimpleData>
		<SimpleData name="access">customers</SimpleData>
	</SchemaData></ExtendedData>
      <MultiGeometry><Polygon><outerBoundaryIs><LinearRing><coordinates>77.6409942,12.9988593 77.6411963,12.9989736 77.6415978,12.9983145 77.6413949,12.9981872 77.6409942,12.9988593</coordinates></LinearRing></outerBoundaryIs></Polygon></MultiGeometry>
  </Placemark>
  <Placemark>
	<Style><LineStyle><color>ff0000ff</color></LineStyle><PolyStyle><fill>0</fill></PolyStyle></Style>
	<ExtendedData><SchemaData schemaUrl="#amenity_parking_bengaluru_urban">
		<SimpleData name="full_id">w1065306093</SimpleData>
		<SimpleData name="osm_id">1065306093</SimpleData>
		<SimpleData name="osm_type">way</SimpleData>
		<SimpleData name="amenity">parking</SimpleData>
		<SimpleData name="parking">surface</SimpleData>
		<SimpleData name="fee">yes</SimpleData>
		<SimpleData name="access">customers</SimpleData>
	</SchemaData></ExtendedData>
      <MultiGeometry><Polygon><outerBoundaryIs><LinearRing><coordinates>77.6392922,13.0016358 77.6395653,13.0017818 77.6403736,13.0004808 77.6401328,13.0003339 77.6392922,13.0016358</coordinates></LinearRing></outerBoundaryIs></Polygon></MultiGeometry>
  </Placemark>
  <Placemark>
	<Style><LineStyle><color>ff0000ff</color></LineStyle><PolyStyle><fill>0</fill></PolyStyle></Style>
	<ExtendedData><SchemaData schemaUrl="#amenity_parking_bengaluru_urban">
		<SimpleData name="full_id">w1065507084</SimpleData>
		<SimpleData name="osm_id">1065507084</SimpleData>
		<SimpleData name="osm_type">way</SimpleData>
		<SimpleData name="amenity">parking</SimpleData>
		<SimpleData name="parking">surface</SimpleData>
	</SchemaData></ExtendedData>
      <MultiGeometry><Polygon><outerBoundaryIs><LinearRing><coordinates>77.7023962,13.1655937 77.7027342,13.1655936 77.7027341,13.1652384 77.7028763,13.1652384 77.7028763,13.1650895 77.7031329,13.1650893 77.7031152,13.1638298 77.70429,13.1638141 77.7043194,13.1658992 77.7044373,13.1658976 77.704407,13.1637443 77.7023825,13.1637678 77.7023962,13.1655937</coordinates></LinearRing></outerBoundaryIs></Polygon></MultiGeometry>
  </Placemark>
  <Placemark>
	<Style><LineStyle><color>ff0000ff</color></LineStyle><PolyStyle><fill>0</fill></PolyStyle></Style>
	<ExtendedData><SchemaData schemaUrl="#amenity_parking_bengaluru_urban">
		<SimpleData name="full_id">w1065507085</SimpleData>
		<SimpleData name="osm_id">1065507085</SimpleData>
		<SimpleData name="osm_type">way</SimpleData>
		<SimpleData name="amenity">parking</SimpleData>
		<SimpleData name="parking">surface</SimpleData>
	</SchemaData></ExtendedData>
      <MultiGeometry><Polygon><outerBoundaryIs><LinearRing><coordinates>77.7009344,13.1659566 77.7004051,13.1659646 77.7003926,13.1638464 77.7007953,13.1637091 77.700918,13.1637783 77.7009344,13.1659566</coordinates></LinearRing></outerBoundaryIs></Polygon></MultiGeometry>
  </Placemark>
  <Placemark>
	<Style><LineStyle><color>ff0000ff</color></LineStyle><PolyStyle><fill>0</fill></PolyStyle></Style>
	<ExtendedData><SchemaData schemaUrl="#amenity_parking_bengaluru_urban">
		<SimpleData name="full_id">w1066397001</SimpleData>
		<SimpleData name="osm_id">1066397001</SimpleData>
		<SimpleData name="osm_type">way</SimpleData>
		<SimpleData name="amenity">parking</SimpleData>
		<SimpleData name="parking">surface</SimpleData>
		<SimpleData name="access">private</SimpleData>
	</SchemaData></ExtendedData>
      <MultiGeometry><Polygon><outerBoundaryIs><LinearRing><coordinates>77.6860077,12.9330896 77.6859682,12.9325189 77.6862359,12.9325012 77.6862754,12.9330719 77.6860077,12.9330896</coordinates></LinearRing></outerBoundaryIs></Polygon></MultiGeometry>
  </Placemark>
  <Placemark>
	<Style><LineStyle><color>ff0000ff</color></LineStyle><PolyStyle><fill>0</fill></PolyStyle></Style>
	<ExtendedData><SchemaData schemaUrl="#amenity_parking_bengaluru_urban">
		<SimpleData name="full_id">w1068844239</SimpleData>
		<SimpleData name="osm_id">1068844239</SimpleData>
		<SimpleData name="osm_type">way</SimpleData>
		<SimpleData name="amenity">parking</SimpleData>
		<SimpleData name="parking">surface</SimpleData>
		<SimpleData name="access">yes</SimpleData>
	</SchemaData></ExtendedData>
      <MultiGeometry><Polygon><outerBoundaryIs><LinearRing><coordinates>77.6199624,12.9746588 77.6199622,12.9747055 77.6194831,12.9747637 77.6191311,12.9748094 77.6178248,12.9752505 77.6178141,12.9752014 77.6191245,12.9747633 77.6194748,12.9747135 77.6199624,12.9746588</coordinates></LinearRing></outerBoundaryIs></Polygon></MultiGeometry>
  </Placemark>
  <Placemark>
	<Style><LineStyle><color>ff0000ff</color></LineStyle><PolyStyle><fill>0</fill></PolyStyle></Style>
	<ExtendedData><SchemaData schemaUrl="#amenity_parking_bengaluru_urban">
		<SimpleData name="full_id">w1068844248</SimpleData>
		<SimpleData name="osm_id">1068844248</SimpleData>
		<SimpleData name="osm_type">way</SimpleData>
		<SimpleData name="amenity">parking</SimpleData>
		<SimpleData name="parking">surface</SimpleData>
		<SimpleData name="access">customers</SimpleData>
	</SchemaData></ExtendedData>
      <MultiGeometry><Polygon><outerBoundaryIs><LinearRing><coordinates>77.6190124,12.9739212 77.6190037,12.9738456 77.6198727,12.9737567 77.6198804,12.9738329 77.6190124,12.9739212</coordinates></LinearRing></outerBoundaryIs></Polygon></MultiGeometry>
  </Placemark>
  <Placemark>
	<Style><LineStyle><color>ff0000ff</color></LineStyle><PolyStyle><fill>0</fill></PolyStyle></Style>
	<ExtendedData><SchemaData schemaUrl="#amenity_parking_bengaluru_urban">
		<SimpleData name="full_id">w1068844251</SimpleData>
		<SimpleData name="osm_id">1068844251</SimpleData>
		<SimpleData name="osm_type">way</SimpleData>
		<SimpleData name="amenity">parking</SimpleData>
		<SimpleData name="parking">surface</SimpleData>
		<SimpleData name="access">customers</SimpleData>
	</SchemaData></ExtendedData>
      <MultiGeometry><Polygon><outerBoundaryIs><LinearRing><coordinates>77.6198345,12.9731281 77.6198277,12.9730257 77.6197191,12.9730324 77.6197127,12.9729352 77.619406,12.9729543 77.6193889,12.9726938 77.619693,12.9727753 77.6198723,12.9728717 77.6199532,12.9729282 77.6199819,12.9730232 77.6199933,12.9730861 77.62,12.9731232 77.6198345,12.9731281</coordinates></LinearRing></outerBoundaryIs></Polygon></MultiGeometry>
  </Placemark>
  <Placemark>
	<Style><LineStyle><color>ff0000ff</color></LineStyle><PolyStyle><fill>0</fill></PolyStyle></Style>
	<ExtendedData><SchemaData schemaUrl="#amenity_parking_bengaluru_urban">
		<SimpleData name="full_id">w1070105448</SimpleData>
		<SimpleData name="osm_id">1070105448</SimpleData>
		<SimpleData name="osm_type">way</SimpleData>
		<SimpleData name="amenity">parking</SimpleData>
		<SimpleData name="parking">surface</SimpleData>
		<SimpleData name="access">private</SimpleData>
	</SchemaData></ExtendedData>
      <MultiGeometry><Polygon><outerBoundaryIs><LinearRing><coordinates>77.6951113,12.9377232 77.6953829,12.937808 77.6954969,12.9377819 77.6954915,12.9377499 77.6950657,12.9375963 77.6950469,12.9376502 77.6951113,12.9377232</coordinates></LinearRing></outerBoundaryIs></Polygon></MultiGeometry>
  </Placemark>
  <Placemark>
	<Style><LineStyle><color>ff0000ff</color></LineStyle><PolyStyle><fill>0</fill></PolyStyle></Style>
	<ExtendedData><SchemaData schemaUrl="#amenity_parking_bengaluru_urban">
		<SimpleData name="full_id">w1070483720</SimpleData>
		<SimpleData name="osm_id">1070483720</SimpleData>
		<SimpleData name="osm_type">way</SimpleData>
		<SimpleData name="amenity">parking</SimpleData>
		<SimpleData name="parking">surface</SimpleData>
		<SimpleData name="access">customers</SimpleData>
	</SchemaData></ExtendedData>
      <MultiGeometry><Polygon><outerBoundaryIs><LinearRing><coordinates>77.6964976,12.9200373 77.6965402,12.9201713 77.696982,12.920082 77.6969909,12.9198737 77.6964976,12.9200373</coordinates></LinearRing></outerBoundaryIs></Polygon></MultiGeometry>
  </Placemark>
  <Placemark>
	<Style><LineStyle><color>ff0000ff</color></LineStyle><PolyStyle><fill>0</fill></PolyStyle></Style>
	<ExtendedData><SchemaData schemaUrl="#amenity_parking_bengaluru_urban">
		<SimpleData name="full_id">w1071292972</SimpleData>
		<SimpleData name="osm_id">1071292972</SimpleData>
		<SimpleData name="osm_type">way</SimpleData>
		<SimpleData name="amenity">parking</SimpleData>
		<SimpleData name="parking">surface</SimpleData>
	</SchemaData></ExtendedData>
      <MultiGeometry><Polygon><outerBoundaryIs><LinearRing><coordinates>77.7206601,12.9347623 77.720857,12.9340943 77.7208892,12.9340943 77.7209354,12.9339474 77.7206158,12.933824 77.7204852,12.9343196 77.7206339,12.9343686 77.7205174,12.934731 77.7206601,12.9347623</coordinates></LinearRing></outerBoundaryIs></Polygon></MultiGeometry>
  </Placemark>
  <Placemark>
	<Style><LineStyle><color>ff0000ff</color></LineStyle><PolyStyle><fill>0</fill></PolyStyle></Style>
	<ExtendedData><SchemaData schemaUrl="#amenity_parking_bengaluru_urban">
		<SimpleData name="full_id">w1072738482</SimpleData>
		<SimpleData name="osm_id">1072738482</SimpleData>
		<SimpleData name="osm_type">way</SimpleData>
		<SimpleData name="amenity">parking</SimpleData>
		<SimpleData name="surface">concrete</SimpleData>
		<SimpleData name="parking">surface</SimpleData>
		<SimpleData name="fee">no</SimpleData>
		<SimpleData name="access">customers</SimpleData>
	</SchemaData></ExtendedData>
      <MultiGeometry><Polygon><outerBoundaryIs><LinearRing><coordinates>77.6952835,12.9231073 77.6953328,12.9231147 77.6953735,12.9228567 77.6953242,12.9228494 77.6952835,12.9231073</coordinates></LinearRing></outerBoundaryIs></Polygon></MultiGeometry>
  </Placemark>
  <Placemark>
	<Style><LineStyle><color>ff0000ff</color></LineStyle><PolyStyle><fill>0</fill></PolyStyle></Style>
	<ExtendedData><SchemaData schemaUrl="#amenity_parking_bengaluru_urban">
		<SimpleData name="full_id">w1072904781</SimpleData>
		<SimpleData name="osm_id">1072904781</SimpleData>
		<SimpleData name="osm_type">way</SimpleData>
		<SimpleData name="amenity">parking</SimpleData>
		<SimpleData name="surface">concrete</SimpleData>
		<SimpleData name="parking">surface</SimpleData>
		<SimpleData name="fee">no</SimpleData>
		<SimpleData name="access">customers</SimpleData>
	</SchemaData></ExtendedData>
      <MultiGeometry><Polygon><outerBoundaryIs><LinearRing><coordinates>77.6957995,12.9210677 77.6959589,12.9210677 77.6959675,12.9208672 77.6959298,12.9208588 77.6957995,12.9210677</coordinates></LinearRing></outerBoundaryIs></Polygon></MultiGeometry>
  </Placemark>
  <Placemark>
	<Style><LineStyle><color>ff0000ff</color></LineStyle><PolyStyle><fill>0</fill></PolyStyle></Style>
	<ExtendedData><SchemaData schemaUrl="#amenity_parking_bengaluru_urban">
		<SimpleData name="full_id">w1072948589</SimpleData>
		<SimpleData name="osm_id">1072948589</SimpleData>
		<SimpleData name="osm_type">way</SimpleData>
		<SimpleData name="amenity">parking</SimpleData>
		<SimpleData name="parking">surface</SimpleData>
		<SimpleData name="fee">no</SimpleData>
		<SimpleData name="access">customers</SimpleData>
	</SchemaData></ExtendedData>
      <MultiGeometry><Polygon><outerBoundaryIs><LinearRing><coordinates>77.6990772,12.9509117 77.6994214,12.9508373 77.699358,12.9505585 77.6990138,12.9506328 77.6990772,12.9509117</coordinates></LinearRing></outerBoundaryIs></Polygon></MultiGeometry>
  </Placemark>
  <Placemark>
	<Style><LineStyle><color>ff0000ff</color></LineStyle><PolyStyle><fill>0</fill></PolyStyle></Style>
	<ExtendedData><SchemaData schemaUrl="#amenity_parking_bengaluru_urban">
		<SimpleData name="full_id">w1072948596</SimpleData>
		<SimpleData name="osm_id">1072948596</SimpleData>
		<SimpleData name="osm_type">way</SimpleData>
		<SimpleData name="amenity">parking</SimpleData>
		<SimpleData name="parking">surface</SimpleData>
		<SimpleData name="access">customers</SimpleData>
	</SchemaData></ExtendedData>
      <MultiGeometry><Polygon><outerBoundaryIs><LinearRing><coordinates>77.6991522,12.9520108 77.6996023,12.9519183 77.699569,12.9517641 77.6991188,12.9518565 77.6991522,12.9520108</coordinates></LinearRing></outerBoundaryIs></Polygon></MultiGeometry>
  </Placemark>
  <Placemark>
	<Style><LineStyle><color>ff0000ff</color></LineStyle><PolyStyle><fill>0</fill></PolyStyle></Style>
	<ExtendedData><SchemaData schemaUrl="#amenity_parking_bengaluru_urban">
		<SimpleData name="full_id">w1074881570</SimpleData>
		<SimpleData name="osm_id">1074881570</SimpleData>
		<SimpleData name="osm_type">way</SimpleData>
		<SimpleData name="amenity">parking</SimpleData>
		<SimpleData name="parking">surface</SimpleData>
		<SimpleData name="access">customers</SimpleData>
	</SchemaData></ExtendedData>
      <MultiGeometry><Polygon><outerBoundaryIs><LinearRing><coordinates>77.6609114,12.8615133 77.6608863,12.8611863 77.6607496,12.8610529 77.6611117,12.8605822 77.6612731,12.8614828 77.6609114,12.8615133</coordinates></LinearRing></outerBoundaryIs></Polygon></MultiGeometry>
  </Placemark>
  <Placemark>
	<Style><LineStyle><color>ff0000ff</color></LineStyle><PolyStyle><fill>0</fill></PolyStyle></Style>
	<ExtendedData><SchemaData schemaUrl="#amenity_parking_bengaluru_urban">
		<SimpleData name="full_id">w1075250963</SimpleData>
		<SimpleData name="osm_id">1075250963</SimpleData>
		<SimpleData name="osm_type">way</SimpleData>
		<SimpleData name="amenity">parking</SimpleData>
		<SimpleData name="parking">surface</SimpleData>
		<SimpleData name="fee">no</SimpleData>
		<SimpleData name="access">customers</SimpleData>
	</SchemaData></ExtendedData>
      <MultiGeometry><Polygon><outerBoundaryIs><LinearRing><coordinates>77.6978145,12.9434479 77.6977151,12.943192 77.6977719,12.9431436 77.6979369,12.9433043 77.6978145,12.9434479</coordinates></LinearRing></outerBoundaryIs></Polygon></MultiGeometry>
  </Placemark>
  <Placemark>
	<Style><LineStyle><color>ff0000ff</color></LineStyle><PolyStyle><fill>0</fill></PolyStyle></Style>
	<ExtendedData><SchemaData schemaUrl="#amenity_parking_bengaluru_urban">
		<SimpleData name="full_id">w1075542786</SimpleData>
		<SimpleData name="osm_id">1075542786</SimpleData>
		<SimpleData name="osm_type">way</SimpleData>
		<SimpleData name="amenity">parking</SimpleData>
		<SimpleData name="parking">surface</SimpleData>
		<SimpleData name="fee">yes</SimpleData>
		<SimpleData name="access">customers</SimpleData>
	</SchemaData></ExtendedData>
      <MultiGeometry><Polygon><outerBoundaryIs><LinearRing><coordinates>77.6970865,12.9336065 77.6979491,12.9333933 77.6978729,12.9331231 77.6970208,12.9333203 77.6970865,12.9336065</coordinates></LinearRing></outerBoundaryIs></Polygon></MultiGeometry>
  </Placemark>
  <Placemark>
	<Style><LineStyle><color>ff0000ff</color></LineStyle><PolyStyle><fill>0</fill></PolyStyle></Style>
	<ExtendedData><SchemaData schemaUrl="#amenity_parking_bengaluru_urban">
		<SimpleData name="full_id">w1075712822</SimpleData>
		<SimpleData name="osm_id">1075712822</SimpleData>
		<SimpleData name="osm_type">way</SimpleData>
		<SimpleData name="amenity">parking</SimpleData>
		<SimpleData name="surface">asphalt</SimpleData>
		<SimpleData name="parking">surface</SimpleData>
	</SchemaData></ExtendedData>
      <MultiGeometry><Polygon><outerBoundaryIs><LinearRing><coordinates>77.7202524,12.9378416 77.7204925,12.937838 77.7204915,12.9377768 77.7202514,12.9377805 77.7202524,12.9378416</coordinates></LinearRing></outerBoundaryIs></Polygon></MultiGeometry>
  </Placemark>
  <Placemark>
	<Style><LineStyle><color>ff0000ff</color></LineStyle><PolyStyle><fill>0</fill></PolyStyle></Style>
	<ExtendedData><SchemaData schemaUrl="#amenity_parking_bengaluru_urban">
		<SimpleData name="full_id">w1075712823</SimpleData>
		<SimpleData name="osm_id">1075712823</SimpleData>
		<SimpleData name="osm_type">way</SimpleData>
		<SimpleData name="amenity">parking</SimpleData>
		<SimpleData name="surface">asphalt</SimpleData>
		<SimpleData name="parking">surface</SimpleData>
	</SchemaData></ExtendedData>
      <MultiGeometry><Polygon><outerBoundaryIs><LinearRing><coordinates>77.720771,12.9378609 77.7210111,12.9378573 77.7210101,12.9377961 77.72077,12.9377998 77.720771,12.9378609</coordinates></LinearRing></outerBoundaryIs></Polygon></MultiGeometry>
  </Placemark>
  <Placemark>
	<Style><LineStyle><color>ff0000ff</color></LineStyle><PolyStyle><fill>0</fill></PolyStyle></Style>
	<ExtendedData><SchemaData schemaUrl="#amenity_parking_bengaluru_urban">
		<SimpleData name="full_id">w1075712846</SimpleData>
		<SimpleData name="osm_id">1075712846</SimpleData>
		<SimpleData name="osm_type">way</SimpleData>
		<SimpleData name="amenity">parking</SimpleData>
		<SimpleData name="surface">asphalt</SimpleData>
		<SimpleData name="parking">surface</SimpleData>
	</SchemaData></ExtendedData>
      <MultiGeometry><Polygon><outerBoundaryIs><LinearRing><coordinates>77.7206078,12.9350768 77.7206669,12.9350933 77.720908,12.9342709 77.7208491,12.9342544 77.7206078,12.9350768</coordinates></LinearRing></outerBoundaryIs></Polygon></MultiGeometry>
  </Placemark>
  <Placemark>
	<Style><LineStyle><color>ff0000ff</color></LineStyle><PolyStyle><fill>0</fill></PolyStyle></Style>
	<ExtendedData><SchemaData schemaUrl="#amenity_parking_bengaluru_urban">
		<SimpleData name="full_id">w1075712847</SimpleData>
		<SimpleData name="osm_id">1075712847</SimpleData>
		<SimpleData name="osm_type">way</SimpleData>
		<SimpleData name="amenity">parking</SimpleData>
		<SimpleData name="surface">asphalt</SimpleData>
		<SimpleData name="parking">surface</SimpleData>
	</SchemaData></ExtendedData>
      <MultiGeometry><Polygon><outerBoundaryIs><LinearRing><coordinates>77.7212378,12.9385822 77.7212753,12.9385812 77.7212588,12.9379764 77.7212212,12.9379774 77.7212378,12.9385822</coordinates></LinearRing></outerBoundaryIs></Polygon></MultiGeometry>
  </Placemark>
  <Placemark>
	<Style><LineStyle><color>ff0000ff</color></LineStyle><PolyStyle><fill>0</fill></PolyStyle></Style>
	<ExtendedData><SchemaData schemaUrl="#amenity_parking_bengaluru_urban">
		<SimpleData name="full_id">w1076261422</SimpleData>
		<SimpleData name="osm_id">1076261422</SimpleData>
		<SimpleData name="osm_type">way</SimpleData>
		<SimpleData name="amenity">parking</SimpleData>
		<SimpleData name="surface">asphalt</SimpleData>
		<SimpleData name="parking">surface</SimpleData>
	</SchemaData></ExtendedData>
      <MultiGeometry><Polygon><outerBoundaryIs><LinearRing><coordinates>77.7233979,12.9380729 77.7238147,12.9378768 77.7238326,12.9379128 77.7234158,12.9381091 77.7233979,12.9380729</coordinates></LinearRing></outerBoundaryIs></Polygon></MultiGeometry>
  </Placemark>
  <Placemark>
	<Style><LineStyle><color>ff0000ff</color></LineStyle><PolyStyle><fill>0</fill></PolyStyle></Style>
	<ExtendedData><SchemaData schemaUrl="#amenity_parking_bengaluru_urban">
		<SimpleData name="full_id">w1076261423</SimpleData>
		<SimpleData name="osm_id">1076261423</SimpleData>
		<SimpleData name="osm_type">way</SimpleData>
		<SimpleData name="amenity">parking</SimpleData>
		<SimpleData name="surface">asphalt</SimpleData>
		<SimpleData name="parking">surface</SimpleData>
	</SchemaData></ExtendedData>
      <MultiGeometry><Polygon><outerBoundaryIs><LinearRing><coordinates>77.7244578,12.9375777 77.7248746,12.9373816 77.7248925,12.9374176 77.7244757,12.9376139 77.7244578,12.9375777</coordinates></LinearRing></outerBoundaryIs></Polygon></MultiGeometry>
  </Placemark>
  <Placemark>
	<Style><LineStyle><color>ff0000ff</color></LineStyle><PolyStyle><fill>0</fill></PolyStyle></Style>
	<ExtendedData><SchemaData schemaUrl="#amenity_parking_bengaluru_urban">
		<SimpleData name="full_id">w1076261428</SimpleData>
		<SimpleData name="osm_id">1076261428</SimpleData>
		<SimpleData name="osm_type">way</SimpleData>
		<SimpleData name="amenity">parking</SimpleData>
		<SimpleData name="parking">surface</SimpleData>
		<SimpleData name="access">private</SimpleData>
	</SchemaData></ExtendedData>
      <MultiGeometry><Polygon><outerBoundaryIs><LinearRing><coordinates>77.7258887,12.9385733 77.7259602,12.9385722 77.7259451,12.9376619 77.7258738,12.9376631 77.7258887,12.9385733</coordinates></LinearRing></outerBoundaryIs></Polygon></MultiGeometry>
  </Placemark>
  <Placemark>
	<Style><LineStyle><color>ff0000ff</color></LineStyle><PolyStyle><fill>0</fill></PolyStyle></Style>
	<ExtendedData><SchemaData schemaUrl="#amenity_parking_bengaluru_urban">
		<SimpleData name="full_id">w1076405821</SimpleData>
		<SimpleData name="osm_id">1076405821</SimpleData>
		<SimpleData name="osm_type">way</SimpleData>
		<SimpleData name="amenity">parking</SimpleData>
		<SimpleData name="operator">BBMP</SimpleData>
		<SimpleData name="parking">surface</SimpleData>
		<SimpleData name="fee">yes</SimpleData>
		<SimpleData name="access">customers</SimpleData>
	</SchemaData></ExtendedData>
      <MultiGeometry><Polygon><outerBoundaryIs><LinearRing><coordinates>77.6000217,12.9679159 77.5996827,12.9676491 77.5997696,12.9676692 77.6001187,12.9679311 77.6000217,12.9679159</coordinates></LinearRing></outerBoundaryIs></Polygon></MultiGeometry>
  </Placemark>
  <Placemark>
	<Style><LineStyle><color>ff0000ff</color></LineStyle><PolyStyle><fill>0</fill></PolyStyle></Style>
	<ExtendedData><SchemaData schemaUrl="#amenity_parking_bengaluru_urban">
		<SimpleData name="full_id">w1076518851</SimpleData>
		<SimpleData name="osm_id">1076518851</SimpleData>
		<SimpleData name="osm_type">way</SimpleData>
		<SimpleData name="amenity">parking</SimpleData>
		<SimpleData name="operator:type">public</SimpleData>
		<SimpleData name="capacity">30</SimpleData>
		<SimpleData name="surface">ground</SimpleData>
		<SimpleData name="operator">Public</SimpleData>
		<SimpleData name="parking">surface</SimpleData>
		<SimpleData name="fee">no</SimpleData>
		<SimpleData name="access">guests</SimpleData>
	</SchemaData></ExtendedData>
      <MultiGeometry><Polygon><outerBoundaryIs><LinearRing><coordinates>77.5489535,13.2297166 77.5488693,13.2293422 77.5493111,13.2292427 77.5493712,13.2296552 77.5489535,13.2297166</coordinates></LinearRing></outerBoundaryIs></Polygon></MultiGeometry>
  </Placemark>
  <Placemark>
	<Style><LineStyle><color>ff0000ff</color></LineStyle><PolyStyle><fill>0</fill></PolyStyle></Style>
	<ExtendedData><SchemaData schemaUrl="#amenity_parking_bengaluru_urban">
		<SimpleData name="full_id">w1076871261</SimpleData>
		<SimpleData name="osm_id">1076871261</SimpleData>
		<SimpleData name="osm_type">way</SimpleData>
		<SimpleData name="amenity">parking</SimpleData>
		<SimpleData name="parking">surface</SimpleData>
		<SimpleData name="access">customers</SimpleData>
	</SchemaData></ExtendedData>
      <MultiGeometry><Polygon><outerBoundaryIs><LinearRing><coordinates>77.7182218,12.9472659 77.7182354,12.946903 77.7183898,12.9469085 77.7183762,12.9472714 77.7182218,12.9472659</coordinates></LinearRing></outerBoundaryIs></Polygon></MultiGeometry>
  </Placemark>
  <Placemark>
	<Style><LineStyle><color>ff0000ff</color></LineStyle><PolyStyle><fill>0</fill></PolyStyle></Style>
	<ExtendedData><SchemaData schemaUrl="#amenity_parking_bengaluru_urban">
		<SimpleData name="full_id">w1077021202</SimpleData>
		<SimpleData name="osm_id">1077021202</SimpleData>
		<SimpleData name="osm_type">way</SimpleData>
		<SimpleData name="amenity">parking</SimpleData>
		<SimpleData name="parking">surface</SimpleData>
		<SimpleData name="access">permissive</SimpleData>
	</SchemaData></ExtendedData>
      <MultiGeometry><Polygon><outerBoundaryIs><LinearRing><coordinates>77.7765459,12.847 77.7777877,12.8463645 77.7791959,12.8459801 77.7791516,12.845865 77.7779004,12.8460755 77.7771024,12.8465698 77.7765258,12.8468653 77.7765459,12.847</coordinates></LinearRing></outerBoundaryIs></Polygon></MultiGeometry>
  </Placemark>
  <Placemark>
	<Style><LineStyle><color>ff0000ff</color></LineStyle><PolyStyle><fill>0</fill></PolyStyle></Style>
	<ExtendedData><SchemaData schemaUrl="#amenity_parking_bengaluru_urban">
		<SimpleData name="full_id">w1077021203</SimpleData>
		<SimpleData name="osm_id">1077021203</SimpleData>
		<SimpleData name="osm_type">way</SimpleData>
		<SimpleData name="amenity">parking</SimpleData>
		<SimpleData name="parking">surface</SimpleData>
		<SimpleData name="access">permissive</SimpleData>
	</SchemaData></ExtendedData>
      <MultiGeometry><Polygon><outerBoundaryIs><LinearRing><coordinates>77.7761659,12.8468587 77.7761697,12.8467064 77.775241,12.8458598 77.7751601,12.8459444 77.7761659,12.8468587</coordinates></LinearRing></outerBoundaryIs></Polygon></MultiGeometry>
  </Placemark>
  <Placemark>
	<Style><LineStyle><color>ff0000ff</color></LineStyle><PolyStyle><fill>0</fill></PolyStyle></Style>
	<ExtendedData><SchemaData schemaUrl="#amenity_parking_bengaluru_urban">
		<SimpleData name="full_id">w1077021219</SimpleData>
		<SimpleData name="osm_id">1077021219</SimpleData>
		<SimpleData name="osm_type">way</SimpleData>
		<SimpleData name="amenity">parking</SimpleData>
		<SimpleData name="parking">surface</SimpleData>
		<SimpleData name="access">permissive</SimpleData>
	</SchemaData></ExtendedData>
      <MultiGeometry><Polygon><outerBoundaryIs><LinearRing><coordinates>77.7694809,12.8428289 77.770755,12.8423006 77.7705733,12.8418841 77.7692993,12.8424124 77.7694809,12.8428289</coordinates></LinearRing></outerBoundaryIs></Polygon></MultiGeometry>
  </Placemark>
  <Placemark>
	<Style><LineStyle><color>ff0000ff</color></LineStyle><PolyStyle><fill>0</fill></PolyStyle></Style>
	<ExtendedData><SchemaData schemaUrl="#amenity_parking_bengaluru_urban">
		<SimpleData name="full_id">w1077021220</SimpleData>
		<SimpleData name="osm_id">1077021220</SimpleData>
		<SimpleData name="osm_type">way</SimpleData>
		<SimpleData name="amenity">parking</SimpleData>
		<SimpleData name="parking">surface</SimpleData>
		<SimpleData name="access">permissive</SimpleData>
	</SchemaData></ExtendedData>
      <MultiGeometry><Polygon><outerBoundaryIs><LinearRing><coordinates>77.7715704,12.8431924 77.7717313,12.8431309 77.7715283,12.8426257 77.7713674,12.8426871 77.7715704,12.8431924</coordinates></LinearRing></outerBoundaryIs></Polygon></MultiGeometry>
  </Placemark>
  <Placemark>
	<Style><LineStyle><color>ff0000ff</color></LineStyle><PolyStyle><fill>0</fill></PolyStyle></Style>
	<ExtendedData><SchemaData schemaUrl="#amenity_parking_bengaluru_urban">
		<SimpleData name="full_id">w1077053845</SimpleData>
		<SimpleData name="osm_id">1077053845</SimpleData>
		<SimpleData name="osm_type">way</SimpleData>
		<SimpleData name="amenity">parking</SimpleData>
		<SimpleData name="parking">surface</SimpleData>
		<SimpleData name="access">customers</SimpleData>
	</SchemaData></ExtendedData>
      <MultiGeometry><Polygon><outerBoundaryIs><LinearRing><coordinates>77.7282102,12.9552337 77.7284521,12.9552337 77.7284185,12.9546772 77.7281863,12.9546974 77.7282102,12.9552337</coordinates></LinearRing></outerBoundaryIs></Polygon></MultiGeometry>
  </Placemark>
  <Placemark>
	<Style><LineStyle><color>ff0000ff</color></LineStyle><PolyStyle><fill>0</fill></PolyStyle></Style>
	<ExtendedData><SchemaData schemaUrl="#amenity_parking_bengaluru_urban">
		<SimpleData name="full_id">w1080795058</SimpleData>
		<SimpleData name="osm_id">1080795058</SimpleData>
		<SimpleData name="osm_type">way</SimpleData>
		<SimpleData name="amenity">parking</SimpleData>
		<SimpleData name="parking">surface</SimpleData>
		<SimpleData name="access">permissive</SimpleData>
	</SchemaData></ExtendedData>
      <MultiGeometry><Polygon><outerBoundaryIs><LinearRing><coordinates>77.5967958,12.9423393 77.5967475,12.9428214 77.5968312,12.9428068 77.5971915,12.9428352 77.5972511,12.9423414 77.5967958,12.9423393</coordinates></LinearRing></outerBoundaryIs></Polygon></MultiGeometry>
  </Placemark>
  <Placemark>
	<Style><LineStyle><color>ff0000ff</color></LineStyle><PolyStyle><fill>0</fill></PolyStyle></Style>
	<ExtendedData><SchemaData schemaUrl="#amenity_parking_bengaluru_urban">
		<SimpleData name="full_id">w1080795066</SimpleData>
		<SimpleData name="osm_id">1080795066</SimpleData>
		<SimpleData name="osm_type">way</SimpleData>
		<SimpleData name="amenity">parking</SimpleData>
		<SimpleData name="parking">surface</SimpleData>
	</SchemaData></ExtendedData>
      <MultiGeometry><Polygon><outerBoundaryIs><LinearRing><coordinates>77.5934368,12.9381394 77.5937587,12.9380688 77.5943059,12.937742 77.5940108,12.9372506 77.5937614,12.9374231 77.5935012,12.9371381 77.5931391,12.9368192 77.5930607,12.936483 77.5927539,12.9364915 77.5926718,12.9378407 77.5931606,12.9378544 77.5934368,12.9381394</coordinates></LinearRing></outerBoundaryIs></Polygon></MultiGeometry>
  </Placemark>
  <Placemark>
	<Style><LineStyle><color>ff0000ff</color></LineStyle><PolyStyle><fill>0</fill></PolyStyle></Style>
	<ExtendedData><SchemaData schemaUrl="#amenity_parking_bengaluru_urban">
		<SimpleData name="full_id">w1080917783</SimpleData>
		<SimpleData name="osm_id">1080917783</SimpleData>
		<SimpleData name="osm_type">way</SimpleData>
		<SimpleData name="amenity">parking</SimpleData>
	</SchemaData></ExtendedData>
      <MultiGeometry><Polygon><outerBoundaryIs><LinearRing><coordinates>77.7386379,12.9286722 77.7384772,12.9283128 77.7380888,12.9284778 77.7382496,12.9288372 77.7386379,12.9286722</coordinates></LinearRing></outerBoundaryIs></Polygon></MultiGeometry>
  </Placemark>
  <Placemark>
	<name>SKRCC Parking</name>
	<Style><LineStyle><color>ff0000ff</color></LineStyle><PolyStyle><fill>0</fill></PolyStyle></Style>
	<ExtendedData><SchemaData schemaUrl="#amenity_parking_bengaluru_urban">
		<SimpleData name="full_id">w1080933018</SimpleData>
		<SimpleData name="osm_id">1080933018</SimpleData>
		<SimpleData name="osm_type">way</SimpleData>
		<SimpleData name="amenity">parking</SimpleData>
		<SimpleData name="parking">surface</SimpleData>
	</SchemaData></ExtendedData>
      <MultiGeometry><Polygon><outerBoundaryIs><LinearRing><coordinates>77.7166691,12.9548433 77.7170305,12.9548643 77.7170403,12.9545092 77.7168324,12.9545068 77.7168202,12.9545783 77.716685,12.954589 77.7166691,12.9548433</coordinates></LinearRing></outerBoundaryIs></Polygon></MultiGeometry>
  </Placemark>
  <Placemark>
	<Style><LineStyle><color>ff0000ff</color></LineStyle><PolyStyle><fill>0</fill></PolyStyle></Style>
	<ExtendedData><SchemaData schemaUrl="#amenity_parking_bengaluru_urban">
		<SimpleData name="full_id">w1081206654</SimpleData>
		<SimpleData name="osm_id">1081206654</SimpleData>
		<SimpleData name="osm_type">way</SimpleData>
		<SimpleData name="amenity">parking</SimpleData>
		<SimpleData name="parking">surface</SimpleData>
		<SimpleData name="access">customers</SimpleData>
	</SchemaData></ExtendedData>
      <MultiGeometry><Polygon><outerBoundaryIs><LinearRing><coordinates>77.5511823,12.9958428 77.5509196,12.9957897 77.5509441,12.9956849 77.5512113,12.9957126 77.5511823,12.9958428</coordinates></LinearRing></outerBoundaryIs></Polygon></MultiGeometry>
  </Placemark>
  <Placemark>
	<Style><LineStyle><color>ff0000ff</color></LineStyle><PolyStyle><fill>0</fill></PolyStyle></Style>
	<ExtendedData><SchemaData schemaUrl="#amenity_parking_bengaluru_urban">
		<SimpleData name="full_id">w1083590213</SimpleData>
		<SimpleData name="osm_id">1083590213</SimpleData>
		<SimpleData name="osm_type">way</SimpleData>
		<SimpleData name="amenity">parking</SimpleData>
		<SimpleData name="parking">surface</SimpleData>
		<SimpleData name="access">private</SimpleData>
	</SchemaData></ExtendedData>
      <MultiGeometry><Polygon><outerBoundaryIs><LinearRing><coordinates>77.6159685,12.9621111 77.6159732,12.9616312 77.6162599,12.9617113 77.6162313,12.9618783 77.6161178,12.9621152 77.6159685,12.9621111</coordinates></LinearRing></outerBoundaryIs></Polygon></MultiGeometry>
  </Placemark>
  <Placemark>
	<Style><LineStyle><color>ff0000ff</color></LineStyle><PolyStyle><fill>0</fill></PolyStyle></Style>
	<ExtendedData><SchemaData schemaUrl="#amenity_parking_bengaluru_urban">
		<SimpleData name="full_id">w1084450375</SimpleData>
		<SimpleData name="osm_id">1084450375</SimpleData>
		<SimpleData name="osm_type">way</SimpleData>
		<SimpleData name="amenity">parking</SimpleData>
	</SchemaData></ExtendedData>
      <MultiGeometry><Polygon><outerBoundaryIs><LinearRing><coordinates>77.7191263,12.9932049 77.7190985,12.9929491 77.719395,12.9929186 77.7194227,12.9931743 77.7191263,12.9932049</coordinates></LinearRing></outerBoundaryIs></Polygon></MultiGeometry>
  </Placemark>
  <Placemark>
	<name>Visitor Parking</name>
	<Style><LineStyle><color>ff0000ff</color></LineStyle><PolyStyle><fill>0</fill></PolyStyle></Style>
	<ExtendedData><SchemaData schemaUrl="#amenity_parking_bengaluru_urban">
		<SimpleData name="full_id">w1084458379</SimpleData>
		<SimpleData name="osm_id">1084458379</SimpleData>
		<SimpleData name="osm_type">way</SimpleData>
		<SimpleData name="amenity">parking</SimpleData>
		<SimpleData name="name:kn">ವಿಮಾನ ನಿಲ್ದಾಣ</SimpleData>
		<SimpleData name="parking">surface</SimpleData>
	</SchemaData></ExtendedData>
      <MultiGeometry><Polygon><outerBoundaryIs><LinearRing><coordinates>77.7054883,12.9943836 77.7055352,12.9938921 77.7058246,12.9939184 77.7057777,12.9944099 77.7054883,12.9943836</coordinates></LinearRing></outerBoundaryIs></Polygon></MultiGeometry>
  </Placemark>
  <Placemark>
	<Style><LineStyle><color>ff0000ff</color></LineStyle><PolyStyle><fill>0</fill></PolyStyle></Style>
	<ExtendedData><SchemaData schemaUrl="#amenity_parking_bengaluru_urban">
		<SimpleData name="full_id">w1084458386</SimpleData>
		<SimpleData name="osm_id">1084458386</SimpleData>
		<SimpleData name="osm_type">way</SimpleData>
		<SimpleData name="amenity">parking</SimpleData>
		<SimpleData name="parking">surface</SimpleData>
	</SchemaData></ExtendedData>
      <MultiGeometry><Polygon><outerBoundaryIs><LinearRing><coordinates>77.7004239,12.9937384 77.7009158,12.9935567 77.7007832,12.993216 77.7002913,12.9933977 77.7004239,12.9937384</coordinates></LinearRing></outerBoundaryIs></Polygon></MultiGeometry>
  </Placemark>
  <Placemark>
	<Style><LineStyle><color>ff0000ff</color></LineStyle><PolyStyle><fill>0</fill></PolyStyle></Style>
	<ExtendedData><SchemaData schemaUrl="#amenity_parking_bengaluru_urban">
		<SimpleData name="full_id">w1085949518</SimpleData>
		<SimpleData name="osm_id">1085949518</SimpleData>
		<SimpleData name="osm_type">way</SimpleData>
		<SimpleData name="amenity">parking</SimpleData>
		<SimpleData name="parking">surface</SimpleData>
		<SimpleData name="access">permissive</SimpleData>
	</SchemaData></ExtendedData>
      <MultiGeometry><Polygon><outerBoundaryIs><LinearRing><coordinates>77.6496204,12.953255 77.6497507,12.953201 77.6495923,12.9528384 77.6495684,12.9528483 77.6495347,12.9527711 77.6494283,12.9528152 77.6496204,12.953255</coordinates></LinearRing></outerBoundaryIs></Polygon></MultiGeometry>
  </Placemark>
  <Placemark>
	<Style><LineStyle><color>ff0000ff</color></LineStyle><PolyStyle><fill>0</fill></PolyStyle></Style>
	<ExtendedData><SchemaData schemaUrl="#amenity_parking_bengaluru_urban">
		<SimpleData name="full_id">w1086134449</SimpleData>
		<SimpleData name="osm_id">1086134449</SimpleData>
		<SimpleData name="osm_type">way</SimpleData>
		<SimpleData name="amenity">parking</SimpleData>
		<SimpleData name="parking">surface</SimpleData>
		<SimpleData name="access">customers</SimpleData>
	</SchemaData></ExtendedData>
      <MultiGeometry><Polygon><outerBoundaryIs><LinearRing><coordinates>77.6145188,12.957807 77.6149052,12.9573092 77.6145284,12.9573367 77.6144721,12.9574059 77.6145188,12.957807</coordinates></LinearRing></outerBoundaryIs></Polygon></MultiGeometry>
  </Placemark>
  <Placemark>
	<Style><LineStyle><color>ff0000ff</color></LineStyle><PolyStyle><fill>0</fill></PolyStyle></Style>
	<ExtendedData><SchemaData schemaUrl="#amenity_parking_bengaluru_urban">
		<SimpleData name="full_id">w1086134454</SimpleData>
		<SimpleData name="osm_id">1086134454</SimpleData>
		<SimpleData name="osm_type">way</SimpleData>
		<SimpleData name="amenity">parking</SimpleData>
		<SimpleData name="parking">surface</SimpleData>
		<SimpleData name="access">customers</SimpleData>
	</SchemaData></ExtendedData>
      <MultiGeometry><Polygon><outerBoundaryIs><LinearRing><coordinates>77.6152553,12.9578529 77.614983,12.9576569 77.615211,12.957355 77.6152553,12.9578529</coordinates></LinearRing></outerBoundaryIs></Polygon></MultiGeometry>
  </Placemark>
  <Placemark>
	<Style><LineStyle><color>ff0000ff</color></LineStyle><PolyStyle><fill>0</fill></PolyStyle></Style>
	<ExtendedData><SchemaData schemaUrl="#amenity_parking_bengaluru_urban">
		<SimpleData name="full_id">w1088152223</SimpleData>
		<SimpleData name="osm_id">1088152223</SimpleData>
		<SimpleData name="osm_type">way</SimpleData>
		<SimpleData name="amenity">parking</SimpleData>
	</SchemaData></ExtendedData>
      <MultiGeometry><Polygon><outerBoundaryIs><LinearRing><coordinates>77.5464207,13.1245287 77.5466671,13.1244697 77.5465537,13.1239327 77.5462995,13.1239955 77.5464207,13.1245287</coordinates></LinearRing></outerBoundaryIs></Polygon></MultiGeometry>
  </Placemark>
  <Placemark>
	<Style><LineStyle><color>ff0000ff</color></LineStyle><PolyStyle><fill>0</fill></PolyStyle></Style>
	<ExtendedData><SchemaData schemaUrl="#amenity_parking_bengaluru_urban">
		<SimpleData name="full_id">w1089432256</SimpleData>
		<SimpleData name="osm_id">1089432256</SimpleData>
		<SimpleData name="osm_type">way</SimpleData>
		<SimpleData name="amenity">parking</SimpleData>
	</SchemaData></ExtendedData>
      <MultiGeometry><Polygon><outerBoundaryIs><LinearRing><coordinates>77.6906709,12.8176716 77.6908641,12.8174192 77.6908167,12.8173847 77.6905914,12.8176803 77.6906709,12.8176716</coordinates></LinearRing></outerBoundaryIs></Polygon></MultiGeometry>
  </Placemark>
  <Placemark>
	<Style><LineStyle><color>ff0000ff</color></LineStyle><PolyStyle><fill>0</fill></PolyStyle></Style>
	<ExtendedData><SchemaData schemaUrl="#amenity_parking_bengaluru_urban">
		<SimpleData name="full_id">w1089432257</SimpleData>
		<SimpleData name="osm_id">1089432257</SimpleData>
		<SimpleData name="osm_type">way</SimpleData>
		<SimpleData name="amenity">parking</SimpleData>
	</SchemaData></ExtendedData>
      <MultiGeometry><Polygon><outerBoundaryIs><LinearRing><coordinates>77.6906414,12.8177174 77.6905854,12.8177226 77.6906256,12.8181332 77.6906817,12.818128 77.6906414,12.8177174</coordinates></LinearRing></outerBoundaryIs></Polygon></MultiGeometry>
  </Placemark>
  <Placemark>
	<Style><LineStyle><color>ff0000ff</color></LineStyle><PolyStyle><fill>0</fill></PolyStyle></Style>
	<ExtendedData><SchemaData schemaUrl="#amenity_parking_bengaluru_urban">
		<SimpleData name="full_id">w1089432258</SimpleData>
		<SimpleData name="osm_id">1089432258</SimpleData>
		<SimpleData name="osm_type">way</SimpleData>
		<SimpleData name="amenity">parking</SimpleData>
	</SchemaData></ExtendedData>
      <MultiGeometry><Polygon><outerBoundaryIs><LinearRing><coordinates>77.6908371,12.8175612 77.6908667,12.8178847 77.6909695,12.8178758 77.6909372,12.8175223 77.690861,12.8175289 77.6908371,12.8175612</coordinates></LinearRing></outerBoundaryIs></Polygon></MultiGeometry>
  </Placemark>
  <Placemark>
	<Style><LineStyle><color>ff0000ff</color></LineStyle><PolyStyle><fill>0</fill></PolyStyle></Style>
	<ExtendedData><SchemaData schemaUrl="#amenity_parking_bengaluru_urban">
		<SimpleData name="full_id">w1089432259</SimpleData>
		<SimpleData name="osm_id">1089432259</SimpleData>
		<SimpleData name="osm_type">way</SimpleData>
		<SimpleData name="amenity">parking</SimpleData>
	</SchemaData></ExtendedData>
      <MultiGeometry><Polygon><outerBoundaryIs><LinearRing><coordinates>77.6907029,12.8177422 77.6907192,12.8179017 77.6908265,12.8178913 77.6908023,12.8176644 77.6907558,12.8176709 77.6907029,12.8177422</coordinates></LinearRing></outerBoundaryIs></Polygon></MultiGeometry>
  </Placemark>
  <Placemark>
	<name>St. Patrick's Parking Complex</name>
	<Style><LineStyle><color>ff0000ff</color></LineStyle><PolyStyle><fill>0</fill></PolyStyle></Style>
	<ExtendedData><SchemaData schemaUrl="#amenity_parking_bengaluru_urban">
		<SimpleData name="full_id">w1093292150</SimpleData>
		<SimpleData name="osm_id">1093292150</SimpleData>
		<SimpleData name="osm_type">way</SimpleData>
		<SimpleData name="amenity">parking</SimpleData>
		<SimpleData name="smoothness">excellent</SimpleData>
		<SimpleData name="opening_hours">07:00-22:00</SimpleData>
		<SimpleData name="surface">concrete</SimpleData>
		<SimpleData name="parking">surface</SimpleData>
		<SimpleData name="fee">yes</SimpleData>
		<SimpleData name="access">customers</SimpleData>
	</SchemaData></ExtendedData>
      <MultiGeometry><Polygon><outerBoundaryIs><LinearRing><coordinates>77.6063959,12.9711234 77.6065247,12.9711064 77.6065528,12.9710646 77.6066682,12.9710397 77.6065676,12.9707235 77.6063436,12.9707823 77.6063959,12.9711234</coordinates></LinearRing></outerBoundaryIs></Polygon></MultiGeometry>
  </Placemark>
  <Placemark>
	<Style><LineStyle><color>ff0000ff</color></LineStyle><PolyStyle><fill>0</fill></PolyStyle></Style>
	<ExtendedData><SchemaData schemaUrl="#amenity_parking_bengaluru_urban">
		<SimpleData name="full_id">w1095188787</SimpleData>
		<SimpleData name="osm_id">1095188787</SimpleData>
		<SimpleData name="osm_type">way</SimpleData>
		<SimpleData name="amenity">parking</SimpleData>
	</SchemaData></ExtendedData>
      <MultiGeometry><Polygon><outerBoundaryIs><LinearRing><coordinates>77.5506307,13.0231854 77.5506449,13.0232309 77.5506795,13.0232527 77.5507243,13.0232728 77.5507974,13.0232705 77.5508258,13.023227 77.5508421,13.0231933 77.5508543,13.0231418 77.5508488,13.0230786 77.5508678,13.023049 77.5509356,13.0229913 77.5509925,13.0229338 77.5510494,13.0229022 77.5510657,13.0228705 77.5510494,13.0228328 77.5510047,13.0227972 77.550964,13.0227992 77.5508624,13.0228566 77.5507852,13.022914 77.5507303,13.0229497 77.5507018,13.0229952 77.5507303,13.0230408 77.5507547,13.0230547 77.5506567,13.0231757 77.5506307,13.0231854</coordinates></LinearRing></outerBoundaryIs></Polygon></MultiGeometry>
  </Placemark>
  <Placemark>
	<Style><LineStyle><color>ff0000ff</color></LineStyle><PolyStyle><fill>0</fill></PolyStyle></Style>
	<ExtendedData><SchemaData schemaUrl="#amenity_parking_bengaluru_urban">
		<SimpleData name="full_id">w1095561532</SimpleData>
		<SimpleData name="osm_id">1095561532</SimpleData>
		<SimpleData name="osm_type">way</SimpleData>
		<SimpleData name="amenity">parking</SimpleData>
		<SimpleData name="parking">surface</SimpleData>
		<SimpleData name="access">permissive</SimpleData>
	</SchemaData></ExtendedData>
      <MultiGeometry><Polygon><outerBoundaryIs><LinearRing><coordinates>77.5533393,13.0057001 77.5532068,13.005761 77.5531662,13.0057797 77.5531144,13.0056727 77.553127,13.0056669 77.5532875,13.0055932 77.5533202,13.0056607 77.5533393,13.0057001</coordinates></LinearRing></outerBoundaryIs></Polygon></MultiGeometry>
  </Placemark>
  <Placemark>
	<Style><LineStyle><color>ff0000ff</color></LineStyle><PolyStyle><fill>0</fill></PolyStyle></Style>
	<ExtendedData><SchemaData schemaUrl="#amenity_parking_bengaluru_urban">
		<SimpleData name="full_id">w1095647718</SimpleData>
		<SimpleData name="osm_id">1095647718</SimpleData>
		<SimpleData name="osm_type">way</SimpleData>
		<SimpleData name="amenity">parking</SimpleData>
		<SimpleData name="parking">surface</SimpleData>
		<SimpleData name="fee">yes</SimpleData>
		<SimpleData name="access">private</SimpleData>
	</SchemaData></ExtendedData>
      <MultiGeometry><Polygon><outerBoundaryIs><LinearRing><coordinates>77.7348527,12.9875327 77.7350034,12.9875304 77.7350015,12.9874078 77.7356903,12.9873976 77.7356782,12.9866253 77.7348388,12.9866377 77.7348527,12.9875327</coordinates></LinearRing></outerBoundaryIs></Polygon></MultiGeometry>
  </Placemark>
  <Placemark>
	<Style><LineStyle><color>ff0000ff</color></LineStyle><PolyStyle><fill>0</fill></PolyStyle></Style>
	<ExtendedData><SchemaData schemaUrl="#amenity_parking_bengaluru_urban">
		<SimpleData name="full_id">w1104358046</SimpleData>
		<SimpleData name="osm_id">1104358046</SimpleData>
		<SimpleData name="osm_type">way</SimpleData>
		<SimpleData name="amenity">parking</SimpleData>
		<SimpleData name="parking">surface</SimpleData>
		<SimpleData name="access">yes</SimpleData>
	</SchemaData></ExtendedData>
      <MultiGeometry><Polygon><outerBoundaryIs><LinearRing><coordinates>77.67531,13.0004357 77.6752685,13.0002228 77.675523,13.0002498 77.6756807,13.0003252 77.6756392,13.0004115 77.6756779,13.000433 77.6756586,13.0004654 77.67531,13.0004357</coordinates></LinearRing></outerBoundaryIs></Polygon></MultiGeometry>
  </Placemark>
  <Placemark>
	<Style><LineStyle><color>ff0000ff</color></LineStyle><PolyStyle><fill>0</fill></PolyStyle></Style>
	<ExtendedData><SchemaData schemaUrl="#amenity_parking_bengaluru_urban">
		<SimpleData name="full_id">w1108003238</SimpleData>
		<SimpleData name="osm_id">1108003238</SimpleData>
		<SimpleData name="osm_type">way</SimpleData>
		<SimpleData name="amenity">parking</SimpleData>
		<SimpleData name="parking">surface</SimpleData>
		<SimpleData name="fee">yes</SimpleData>
		<SimpleData name="access">customers</SimpleData>
	</SchemaData></ExtendedData>
      <MultiGeometry><Polygon><outerBoundaryIs><LinearRing><coordinates>77.6189261,12.9724677 77.6189048,12.9723748 77.618445,12.9724747 77.6184662,12.9725676 77.6189261,12.9724677</coordinates></LinearRing></outerBoundaryIs></Polygon></MultiGeometry>
  </Placemark>
  <Placemark>
	<Style><LineStyle><color>ff0000ff</color></LineStyle><PolyStyle><fill>0</fill></PolyStyle></Style>
	<ExtendedData><SchemaData schemaUrl="#amenity_parking_bengaluru_urban">
		<SimpleData name="full_id">w1108932562</SimpleData>
		<SimpleData name="osm_id">1108932562</SimpleData>
		<SimpleData name="osm_type">way</SimpleData>
		<SimpleData name="amenity">parking</SimpleData>
		<SimpleData name="operator:type">private</SimpleData>
		<SimpleData name="surface">dirt</SimpleData>
		<SimpleData name="operator">Uru Valet Parking</SimpleData>
		<SimpleData name="parking">surface</SimpleData>
		<SimpleData name="access">customers</SimpleData>
	</SchemaData></ExtendedData>
      <MultiGeometry><Polygon><outerBoundaryIs><LinearRing><coordinates>77.6021748,12.9044466 77.6020485,12.9039129 77.6023651,12.9038676 77.6023419,12.9044169 77.6021748,12.9044466</coordinates></LinearRing></outerBoundaryIs></Polygon></MultiGeometry>
  </Placemark>
  <Placemark>
	<Style><LineStyle><color>ff0000ff</color></LineStyle><PolyStyle><fill>0</fill></PolyStyle></Style>
	<ExtendedData><SchemaData schemaUrl="#amenity_parking_bengaluru_urban">
		<SimpleData name="full_id">w1112427814</SimpleData>
		<SimpleData name="osm_id">1112427814</SimpleData>
		<SimpleData name="osm_type">way</SimpleData>
		<SimpleData name="amenity">parking</SimpleData>
		<SimpleData name="parking">surface</SimpleData>
		<SimpleData name="access">customers</SimpleData>
	</SchemaData></ExtendedData>
      <MultiGeometry><Polygon><outerBoundaryIs><LinearRing><coordinates>77.6789029,12.9136919 77.6788728,12.9136045 77.6791993,12.913465 77.6792538,12.9136177 77.6789029,12.9136919</coordinates></LinearRing></outerBoundaryIs></Polygon></MultiGeometry>
  </Placemark>
  <Placemark>
	<name>BBMP Parking</name>
	<Style><LineStyle><color>ff0000ff</color></LineStyle><PolyStyle><fill>0</fill></PolyStyle></Style>
	<ExtendedData><SchemaData schemaUrl="#amenity_parking_bengaluru_urban">
		<SimpleData name="full_id">w1113076999</SimpleData>
		<SimpleData name="osm_id">1113076999</SimpleData>
		<SimpleData name="osm_type">way</SimpleData>
		<SimpleData name="amenity">parking</SimpleData>
		<SimpleData name="operator:type">government</SimpleData>
		<SimpleData name="operator">BBMP</SimpleData>
		<SimpleData name="parking">surface</SimpleData>
		<SimpleData name="fee">yes</SimpleData>
		<SimpleData name="access">yes</SimpleData>
	</SchemaData></ExtendedData>
      <MultiGeometry><Polygon><outerBoundaryIs><LinearRing><coordinates>77.6029595,12.9807726 77.6029418,12.9807243 77.60332,12.9805924 77.6033377,12.9806406 77.6029595,12.9807726</coordinates></LinearRing></outerBoundaryIs></Polygon></MultiGeometry>
  </Placemark>
  <Placemark>
	<Style><LineStyle><color>ff0000ff</color></LineStyle><PolyStyle><fill>0</fill></PolyStyle></Style>
	<ExtendedData><SchemaData schemaUrl="#amenity_parking_bengaluru_urban">
		<SimpleData name="full_id">w1113238530</SimpleData>
		<SimpleData name="osm_id">1113238530</SimpleData>
		<SimpleData name="osm_type">way</SimpleData>
		<SimpleData name="amenity">parking</SimpleData>
		<SimpleData name="surface">paving_stones</SimpleData>
		<SimpleData name="parking">surface</SimpleData>
		<SimpleData name="fee">no</SimpleData>
		<SimpleData name="access">customers</SimpleData>
	</SchemaData></ExtendedData>
      <MultiGeometry><Polygon><outerBoundaryIs><LinearRing><coordinates>77.6874083,12.9094064 77.6875987,12.9093485 77.6876227,12.9094234 77.6874323,12.9094813 77.6874083,12.9094064</coordinates></LinearRing></outerBoundaryIs></Polygon></MultiGeometry>
  </Placemark>
  <Placemark>
	<Style><LineStyle><color>ff0000ff</color></LineStyle><PolyStyle><fill>0</fill></PolyStyle></Style>
	<ExtendedData><SchemaData schemaUrl="#amenity_parking_bengaluru_urban">
		<SimpleData name="full_id">w1114800457</SimpleData>
		<SimpleData name="osm_id">1114800457</SimpleData>
		<SimpleData name="osm_type">way</SimpleData>
		<SimpleData name="amenity">parking</SimpleData>
		<SimpleData name="parking">surface</SimpleData>
		<SimpleData name="fee">no</SimpleData>
	</SchemaData></ExtendedData>
      <MultiGeometry><Polygon><outerBoundaryIs><LinearRing><coordinates>77.6854683,12.9106195 77.6854384,12.9105414 77.6856609,12.9104603 77.6856909,12.9105385 77.6854683,12.9106195</coordinates></LinearRing></outerBoundaryIs></Polygon></MultiGeometry>
  </Placemark>
  <Placemark>
	<Style><LineStyle><color>ff0000ff</color></LineStyle><PolyStyle><fill>0</fill></PolyStyle></Style>
	<ExtendedData><SchemaData schemaUrl="#amenity_parking_bengaluru_urban">
		<SimpleData name="full_id">w1116730314</SimpleData>
		<SimpleData name="osm_id">1116730314</SimpleData>
		<SimpleData name="osm_type">way</SimpleData>
		<SimpleData name="amenity">parking</SimpleData>
		<SimpleData name="parking">underground</SimpleData>
		<SimpleData name="layer">-1</SimpleData>
		<SimpleData name="access">customers</SimpleData>
	</SchemaData></ExtendedData>
      <MultiGeometry><Polygon><outerBoundaryIs><LinearRing><coordinates>77.6871514,12.9094562 77.6873575,12.9093857 77.6872555,12.9090887 77.6870458,12.9091613 77.6871514,12.9094562</coordinates></LinearRing></outerBoundaryIs></Polygon></MultiGeometry>
  </Placemark>
  <Placemark>
	<Style><LineStyle><color>ff0000ff</color></LineStyle><PolyStyle><fill>0</fill></PolyStyle></Style>
	<ExtendedData><SchemaData schemaUrl="#amenity_parking_bengaluru_urban">
		<SimpleData name="full_id">w1119938408</SimpleData>
		<SimpleData name="osm_id">1119938408</SimpleData>
		<SimpleData name="osm_type">way</SimpleData>
		<SimpleData name="amenity">parking</SimpleData>
	</SchemaData></ExtendedData>
      <MultiGeometry><Polygon><outerBoundaryIs><LinearRing><coordinates>77.7375902,12.7820097 77.7377705,12.7829732 77.7379028,12.7829368 77.7379455,12.7830542 77.7376613,12.7831839 77.737447,12.7832745 77.7374838,12.7820246 77.7375902,12.7820097</coordinates></LinearRing></outerBoundaryIs></Polygon></MultiGeometry>
  </Placemark>
  <Placemark>
	<Style><LineStyle><color>ff0000ff</color></LineStyle><PolyStyle><fill>0</fill></PolyStyle></Style>
	<ExtendedData><SchemaData schemaUrl="#amenity_parking_bengaluru_urban">
		<SimpleData name="full_id">w1124636160</SimpleData>
		<SimpleData name="osm_id">1124636160</SimpleData>
		<SimpleData name="osm_type">way</SimpleData>
		<SimpleData name="amenity">parking</SimpleData>
		<SimpleData name="parking">surface</SimpleData>
		<SimpleData name="fee">yes</SimpleData>
		<SimpleData name="access">customers</SimpleData>
	</SchemaData></ExtendedData>
      <MultiGeometry><Polygon><outerBoundaryIs><LinearRing><coordinates>77.6064538,12.9746934 77.6065029,12.9748853 77.6064751,12.9748921 77.6063879,12.9749133 77.6063384,12.9747204 77.6064538,12.9746934</coordinates></LinearRing></outerBoundaryIs></Polygon></MultiGeometry>
  </Placemark>
  <Placemark>
	<Style><LineStyle><color>ff0000ff</color></LineStyle><PolyStyle><fill>0</fill></PolyStyle></Style>
	<ExtendedData><SchemaData schemaUrl="#amenity_parking_bengaluru_urban">
		<SimpleData name="full_id">w1124681971</SimpleData>
		<SimpleData name="osm_id">1124681971</SimpleData>
		<SimpleData name="osm_type">way</SimpleData>
		<SimpleData name="amenity">parking</SimpleData>
	</SchemaData></ExtendedData>
      <MultiGeometry><Polygon><outerBoundaryIs><LinearRing><coordinates>77.7354039,12.9570354 77.7354143,12.9569552 77.7356086,12.9569791 77.7355981,12.9570594 77.7354039,12.9570354</coordinates></LinearRing></outerBoundaryIs></Polygon></MultiGeometry>
  </Placemark>
  <Placemark>
	<Style><LineStyle><color>ff0000ff</color></LineStyle><PolyStyle><fill>0</fill></PolyStyle></Style>
	<ExtendedData><SchemaData schemaUrl="#amenity_parking_bengaluru_urban">
		<SimpleData name="full_id">w1124698768</SimpleData>
		<SimpleData name="osm_id">1124698768</SimpleData>
		<SimpleData name="osm_type">way</SimpleData>
		<SimpleData name="amenity">parking</SimpleData>
	</SchemaData></ExtendedData>
      <MultiGeometry><Polygon><outerBoundaryIs><LinearRing><coordinates>77.5485198,12.8836516 77.5485534,12.883553 77.5487545,12.8836044 77.5487214,12.8837072 77.5485198,12.8836516</coordinates></LinearRing></outerBoundaryIs></Polygon></MultiGeometry>
  </Placemark>
  <Placemark>
	<Style><LineStyle><color>ff0000ff</color></LineStyle><PolyStyle><fill>0</fill></PolyStyle></Style>
	<ExtendedData><SchemaData schemaUrl="#amenity_parking_bengaluru_urban">
		<SimpleData name="full_id">w1124828991</SimpleData>
		<SimpleData name="osm_id">1124828991</SimpleData>
		<SimpleData name="osm_type">way</SimpleData>
		<SimpleData name="amenity">parking</SimpleData>
		<SimpleData name="operator">BMRCL</SimpleData>
		<SimpleData name="parking">surface</SimpleData>
		<SimpleData name="fee">yes</SimpleData>
		<SimpleData name="access">customers</SimpleData>
	</SchemaData></ExtendedData>
      <MultiGeometry><Polygon><outerBoundaryIs><LinearRing><coordinates>77.5573061,12.9981325 77.5573305,12.998259 77.5564605,12.998418 77.5564361,12.9982914 77.5573061,12.9981325</coordinates></LinearRing></outerBoundaryIs></Polygon></MultiGeometry>
  </Placemark>
  <Placemark>
	<Style><LineStyle><color>ff0000ff</color></LineStyle><PolyStyle><fill>0</fill></PolyStyle></Style>
	<ExtendedData><SchemaData schemaUrl="#amenity_parking_bengaluru_urban">
		<SimpleData name="full_id">w1125877422</SimpleData>
		<SimpleData name="osm_id">1125877422</SimpleData>
		<SimpleData name="osm_type">way</SimpleData>
		<SimpleData name="amenity">parking</SimpleData>
		<SimpleData name="orientation">parallel</SimpleData>
		<SimpleData name="parking">street_side</SimpleData>
		<SimpleData name="fee">yes</SimpleData>
		<SimpleData name="access">yes</SimpleData>
	</SchemaData></ExtendedData>
      <MultiGeometry><Polygon><outerBoundaryIs><LinearRing><coordinates>77.6023338,12.9755619 77.602347,12.9756123 77.6019085,12.975721 77.6018954,12.9756706 77.6023338,12.9755619</coordinates></LinearRing></outerBoundaryIs></Polygon></MultiGeometry>
  </Placemark>
  <Placemark>
	<Style><LineStyle><color>ff0000ff</color></LineStyle><PolyStyle><fill>0</fill></PolyStyle></Style>
	<ExtendedData><SchemaData schemaUrl="#amenity_parking_bengaluru_urban">
		<SimpleData name="full_id">w1125972901</SimpleData>
		<SimpleData name="osm_id">1125972901</SimpleData>
		<SimpleData name="osm_type">way</SimpleData>
		<SimpleData name="amenity">parking</SimpleData>
	</SchemaData></ExtendedData>
      <MultiGeometry><Polygon><outerBoundaryIs><LinearRing><coordinates>77.7347901,12.9875943 77.7347849,12.9866519 77.7338177,12.9866569 77.7338228,12.9875992 77.7347901,12.9875943</coordinates></LinearRing></outerBoundaryIs></Polygon></MultiGeometry>
  </Placemark>
  <Placemark>
	<Style><LineStyle><color>ff0000ff</color></LineStyle><PolyStyle><fill>0</fill></PolyStyle></Style>
	<ExtendedData><SchemaData schemaUrl="#amenity_parking_bengaluru_urban">
		<SimpleData name="full_id">w1127413565</SimpleData>
		<SimpleData name="osm_id">1127413565</SimpleData>
		<SimpleData name="osm_type">way</SimpleData>
		<SimpleData name="amenity">parking</SimpleData>
	</SchemaData></ExtendedData>
      <MultiGeometry><Polygon><outerBoundaryIs><LinearRing><coordinates>77.7611908,13.0081306 77.7615079,13.0079635 77.7614154,13.0077669 77.7611346,13.0080094 77.7611908,13.0081306</coordinates></LinearRing></outerBoundaryIs></Polygon></MultiGeometry>
  </Placemark>
  <Placemark>
	<Style><LineStyle><color>ff0000ff</color></LineStyle><PolyStyle><fill>0</fill></PolyStyle></Style>
	<ExtendedData><SchemaData schemaUrl="#amenity_parking_bengaluru_urban">
		<SimpleData name="full_id">w1127413589</SimpleData>
		<SimpleData name="osm_id">1127413589</SimpleData>
		<SimpleData name="osm_type">way</SimpleData>
		<SimpleData name="amenity">parking</SimpleData>
	</SchemaData></ExtendedData>
      <MultiGeometry><Polygon><outerBoundaryIs><LinearRing><coordinates>77.7610249,13.0128061 77.7608793,13.0125411 77.7607931,13.012586 77.7609387,13.0128511 77.7610249,13.0128061</coordinates></LinearRing></outerBoundaryIs></Polygon></MultiGeometry>
  </Placemark>
  <Placemark>
	<Style><LineStyle><color>ff0000ff</color></LineStyle><PolyStyle><fill>0</fill></PolyStyle></Style>
	<ExtendedData><SchemaData schemaUrl="#amenity_parking_bengaluru_urban">
		<SimpleData name="full_id">w1127413590</SimpleData>
		<SimpleData name="osm_id">1127413590</SimpleData>
		<SimpleData name="osm_type">way</SimpleData>
		<SimpleData name="amenity">parking</SimpleData>
	</SchemaData></ExtendedData>
      <MultiGeometry><Polygon><outerBoundaryIs><LinearRing><coordinates>77.7614239,13.0126035 77.7616023,13.0125224 77.7614647,13.012235 77.7612863,13.0123161 77.7614239,13.0126035</coordinates></LinearRing></outerBoundaryIs></Polygon></MultiGeometry>
  </Placemark>
  <Placemark>
	<Style><LineStyle><color>ff0000ff</color></LineStyle><PolyStyle><fill>0</fill></PolyStyle></Style>
	<ExtendedData><SchemaData schemaUrl="#amenity_parking_bengaluru_urban">
		<SimpleData name="full_id">w1127413601</SimpleData>
		<SimpleData name="osm_id">1127413601</SimpleData>
		<SimpleData name="osm_type">way</SimpleData>
		<SimpleData name="amenity">parking</SimpleData>
	</SchemaData></ExtendedData>
      <MultiGeometry><Polygon><outerBoundaryIs><LinearRing><coordinates>77.7625736,13.0155824 77.7628091,13.0153476 77.7626343,13.0152311 77.7624338,13.0153028 77.7625736,13.0155824</coordinates></LinearRing></outerBoundaryIs></Polygon></MultiGeometry>
  </Placemark>
  <Placemark>
	<Style><LineStyle><color>ff0000ff</color></LineStyle><PolyStyle><fill>0</fill></PolyStyle></Style>
	<ExtendedData><SchemaData schemaUrl="#amenity_parking_bengaluru_urban">
		<SimpleData name="full_id">w1127816679</SimpleData>
		<SimpleData name="osm_id">1127816679</SimpleData>
		<SimpleData name="osm_type">way</SimpleData>
		<SimpleData name="amenity">parking</SimpleData>
		<SimpleData name="surface">concrete</SimpleData>
		<SimpleData name="parking">surface</SimpleData>
		<SimpleData name="fee">no</SimpleData>
		<SimpleData name="access">private</SimpleData>
	</SchemaData></ExtendedData>
      <MultiGeometry><Polygon><outerBoundaryIs><LinearRing><coordinates>77.5403581,12.856469 77.5408195,12.856271 77.5407972,12.8562215 77.5403357,12.8564194 77.5403581,12.856469</coordinates></LinearRing></outerBoundaryIs></Polygon></MultiGeometry>
  </Placemark>
  <Placemark>
	<Style><LineStyle><color>ff0000ff</color></LineStyle><PolyStyle><fill>0</fill></PolyStyle></Style>
	<ExtendedData><SchemaData schemaUrl="#amenity_parking_bengaluru_urban">
		<SimpleData name="full_id">w1127829720</SimpleData>
		<SimpleData name="osm_id">1127829720</SimpleData>
		<SimpleData name="osm_type">way</SimpleData>
		<SimpleData name="amenity">parking</SimpleData>
		<SimpleData name="surface">concrete</SimpleData>
		<SimpleData name="parking">surface</SimpleData>
		<SimpleData name="fee">no</SimpleData>
		<SimpleData name="access">yes</SimpleData>
	</SchemaData></ExtendedData>
      <MultiGeometry><Polygon><outerBoundaryIs><LinearRing><coordinates>77.5417933,12.8569668 77.5418403,12.8569422 77.5418915,12.8569038 77.5418561,12.8566163 77.5416971,12.85671 77.5417933,12.8569668</coordinates></LinearRing></outerBoundaryIs></Polygon></MultiGeometry>
  </Placemark>
  <Placemark>
	<Style><LineStyle><color>ff0000ff</color></LineStyle><PolyStyle><fill>0</fill></PolyStyle></Style>
	<ExtendedData><SchemaData schemaUrl="#amenity_parking_bengaluru_urban">
		<SimpleData name="full_id">w1127829728</SimpleData>
		<SimpleData name="osm_id">1127829728</SimpleData>
		<SimpleData name="osm_type">way</SimpleData>
		<SimpleData name="amenity">parking</SimpleData>
		<SimpleData name="surface">concrete</SimpleData>
		<SimpleData name="parking">surface</SimpleData>
		<SimpleData name="fee">no</SimpleData>
		<SimpleData name="access">private</SimpleData>
	</SchemaData></ExtendedData>
      <MultiGeometry><Polygon><outerBoundaryIs><LinearRing><coordinates>77.5407351,12.8568838 77.5408709,12.8568166 77.540853,12.8567789 77.5407144,12.8568442 77.5407351,12.8568838</coordinates></LinearRing></outerBoundaryIs></Polygon></MultiGeometry>
  </Placemark>
  <Placemark>
	<Style><LineStyle><color>ff0000ff</color></LineStyle><PolyStyle><fill>0</fill></PolyStyle></Style>
	<ExtendedData><SchemaData schemaUrl="#amenity_parking_bengaluru_urban">
		<SimpleData name="full_id">w1127829729</SimpleData>
		<SimpleData name="osm_id">1127829729</SimpleData>
		<SimpleData name="osm_type">way</SimpleData>
		<SimpleData name="amenity">parking</SimpleData>
		<SimpleData name="parking">surface</SimpleData>
		<SimpleData name="fee">no</SimpleData>
		<SimpleData name="access">private</SimpleData>
	</SchemaData></ExtendedData>
      <MultiGeometry><Polygon><outerBoundaryIs><LinearRing><coordinates>77.5407619,12.8567253 77.5407117,12.8567468 77.5405736,12.856434 77.5406213,12.8564119 77.5407646,12.8563465 77.5407819,12.8563866 77.5407146,12.8564163 77.5406356,12.8564518 77.5406973,12.8565897 77.5407311,12.8566592 77.5407619,12.8567253</coordinates></LinearRing></outerBoundaryIs></Polygon></MultiGeometry>
  </Placemark>
  <Placemark>
	<Style><LineStyle><color>ff0000ff</color></LineStyle><PolyStyle><fill>0</fill></PolyStyle></Style>
	<ExtendedData><SchemaData schemaUrl="#amenity_parking_bengaluru_urban">
		<SimpleData name="full_id">w1127829753</SimpleData>
		<SimpleData name="osm_id">1127829753</SimpleData>
		<SimpleData name="osm_type">way</SimpleData>
		<SimpleData name="amenity">parking</SimpleData>
		<SimpleData name="surface">concrete</SimpleData>
		<SimpleData name="parking">surface</SimpleData>
		<SimpleData name="fee">no</SimpleData>
		<SimpleData name="access">private</SimpleData>
	</SchemaData></ExtendedData>
      <MultiGeometry><Polygon><outerBoundaryIs><LinearRing><coordinates>77.5396328,12.8571862 77.5396192,12.8571138 77.5399146,12.8569469 77.5399495,12.8570341 77.5396328,12.8571862</coordinates></LinearRing></outerBoundaryIs></Polygon></MultiGeometry>
  </Placemark>
  <Placemark>
	<Style><LineStyle><color>ff0000ff</color></LineStyle><PolyStyle><fill>0</fill></PolyStyle></Style>
	<ExtendedData><SchemaData schemaUrl="#amenity_parking_bengaluru_urban">
		<SimpleData name="full_id">w1128136281</SimpleData>
		<SimpleData name="osm_id">1128136281</SimpleData>
		<SimpleData name="osm_type">way</SimpleData>
		<SimpleData name="amenity">parking</SimpleData>
		<SimpleData name="capacity">6</SimpleData>
		<SimpleData name="surface">concrete</SimpleData>
		<SimpleData name="parking">surface</SimpleData>
		<SimpleData name="fee">no</SimpleData>
		<SimpleData name="access">private</SimpleData>
	</SchemaData></ExtendedData>
      <MultiGeometry><Polygon><outerBoundaryIs><LinearRing><coordinates>77.5403879,12.8566723 77.5404251,12.8566566 77.54036,12.8565099 77.5403229,12.8565255 77.5403879,12.8566723</coordinates></LinearRing></outerBoundaryIs></Polygon></MultiGeometry>
  </Placemark>
  <Placemark>
	<Style><LineStyle><color>ff0000ff</color></LineStyle><PolyStyle><fill>0</fill></PolyStyle></Style>
	<ExtendedData><SchemaData schemaUrl="#amenity_parking_bengaluru_urban">
		<SimpleData name="full_id">w1137187612</SimpleData>
		<SimpleData name="osm_id">1137187612</SimpleData>
		<SimpleData name="osm_type">way</SimpleData>
		<SimpleData name="amenity">parking</SimpleData>
		<SimpleData name="parking">surface</SimpleData>
		<SimpleData name="access">permissive</SimpleData>
	</SchemaData></ExtendedData>
      <MultiGeometry><Polygon><outerBoundaryIs><LinearRing><coordinates>77.6139346,12.9661296 77.6138279,12.9661004 77.6138635,12.9659771 77.6139702,12.9660064 77.6139346,12.9661296</coordinates></LinearRing></outerBoundaryIs></Polygon></MultiGeometry>
  </Placemark>
  <Placemark>
	<name>NMIT Bus Parking</name>
	<Style><LineStyle><color>ff0000ff</color></LineStyle><PolyStyle><fill>0</fill></PolyStyle></Style>
	<ExtendedData><SchemaData schemaUrl="#amenity_parking_bengaluru_urban">
		<SimpleData name="full_id">w1137979922</SimpleData>
		<SimpleData name="osm_id">1137979922</SimpleData>
		<SimpleData name="osm_type">way</SimpleData>
		<SimpleData name="amenity">parking</SimpleData>
		<SimpleData name="parking">surface</SimpleData>
		<SimpleData name="access">private</SimpleData>
	</SchemaData></ExtendedData>
      <MultiGeometry><Polygon><outerBoundaryIs><LinearRing><coordinates>77.5901325,13.1313995 77.5899379,13.1313517 77.5902146,13.1307311 77.5904259,13.1309646 77.5901325,13.1313995</coordinates></LinearRing></outerBoundaryIs></Polygon></MultiGeometry>
  </Placemark>
  <Placemark>
	<name>MLCP</name>
	<Style><LineStyle><color>ff0000ff</color></LineStyle><PolyStyle><fill>0</fill></PolyStyle></Style>
	<ExtendedData><SchemaData schemaUrl="#amenity_parking_bengaluru_urban">
		<SimpleData name="full_id">w1137980473</SimpleData>
		<SimpleData name="osm_id">1137980473</SimpleData>
		<SimpleData name="osm_type">way</SimpleData>
		<SimpleData name="amenity">parking</SimpleData>
		<SimpleData name="building:levels">12</SimpleData>
		<SimpleData name="parking">multi-storey</SimpleData>
		<SimpleData name="building">parking</SimpleData>
		<SimpleData name="access">permissive</SimpleData>
	</SchemaData></ExtendedData>
      <MultiGeometry><Polygon><outerBoundaryIs><LinearRing><coordinates>77.5865892,13.1265402 77.586738,13.1269956 77.5875653,13.1267394 77.5874165,13.1262839 77.5865892,13.1265402</coordinates></LinearRing></outerBoundaryIs></Polygon></MultiGeometry>
  </Placemark>
  <Placemark>
	<Style><LineStyle><color>ff0000ff</color></LineStyle><PolyStyle><fill>0</fill></PolyStyle></Style>
	<ExtendedData><SchemaData schemaUrl="#amenity_parking_bengaluru_urban">
		<SimpleData name="full_id">w1138590761</SimpleData>
		<SimpleData name="osm_id">1138590761</SimpleData>
		<SimpleData name="osm_type">way</SimpleData>
		<SimpleData name="amenity">parking</SimpleData>
		<SimpleData name="surface">concrete</SimpleData>
		<SimpleData name="parking">surface</SimpleData>
		<SimpleData name="fee">no</SimpleData>
		<SimpleData name="access">customers</SimpleData>
	</SchemaData></ExtendedData>
      <MultiGeometry><Polygon><outerBoundaryIs><LinearRing><coordinates>77.5446708,12.8755358 77.5450137,12.8753656 77.5449306,12.8751934 77.5445565,12.8753595 77.5446708,12.8755358</coordinates></LinearRing></outerBoundaryIs></Polygon></MultiGeometry>
  </Placemark>
  <Placemark>
	<Style><LineStyle><color>ff0000ff</color></LineStyle><PolyStyle><fill>0</fill></PolyStyle></Style>
	<ExtendedData><SchemaData schemaUrl="#amenity_parking_bengaluru_urban">
		<SimpleData name="full_id">w1144296226</SimpleData>
		<SimpleData name="osm_id">1144296226</SimpleData>
		<SimpleData name="osm_type">way</SimpleData>
		<SimpleData name="amenity">parking</SimpleData>
		<SimpleData name="parking">surface</SimpleData>
	</SchemaData></ExtendedData>
      <MultiGeometry><Polygon><outerBoundaryIs><LinearRing><coordinates>77.7265881,12.9763218 77.7265822,12.9762025 77.7269741,12.9761841 77.7269799,12.9763035 77.7265881,12.9763218</coordinates></LinearRing></outerBoundaryIs></Polygon></MultiGeometry>
  </Placemark>
  <Placemark>
	<Style><LineStyle><color>ff0000ff</color></LineStyle><PolyStyle><fill>0</fill></PolyStyle></Style>
	<ExtendedData><SchemaData schemaUrl="#amenity_parking_bengaluru_urban">
		<SimpleData name="full_id">w1144296228</SimpleData>
		<SimpleData name="osm_id">1144296228</SimpleData>
		<SimpleData name="osm_type">way</SimpleData>
		<SimpleData name="amenity">parking</SimpleData>
		<SimpleData name="parking">surface</SimpleData>
		<SimpleData name="access">customers</SimpleData>
	</SchemaData></ExtendedData>
      <MultiGeometry><Polygon><outerBoundaryIs><LinearRing><coordinates>77.7269482,12.9754996 77.7269752,12.9754994 77.7269707,12.9749752 77.7269437,12.9749755 77.7269482,12.9754996</coordinates></LinearRing></outerBoundaryIs></Polygon></MultiGeometry>
  </Placemark>
  <Placemark>
	<Style><LineStyle><color>ff0000ff</color></LineStyle><PolyStyle><fill>0</fill></PolyStyle></Style>
	<ExtendedData><SchemaData schemaUrl="#amenity_parking_bengaluru_urban">
		<SimpleData name="full_id">w1148303802</SimpleData>
		<SimpleData name="osm_id">1148303802</SimpleData>
		<SimpleData name="osm_type">way</SimpleData>
		<SimpleData name="amenity">parking</SimpleData>
		<SimpleData name="surface">concrete</SimpleData>
		<SimpleData name="parking">surface</SimpleData>
		<SimpleData name="fee">yes</SimpleData>
		<SimpleData name="access">permissive</SimpleData>
	</SchemaData></ExtendedData>
      <MultiGeometry><Polygon><outerBoundaryIs><LinearRing><coordinates>77.656782,12.8950497 77.6569974,12.8949639 77.6572561,12.8948609 77.6572786,12.894852 77.6572582,12.8948031 77.6567615,12.8949989 77.656782,12.8950497</coordinates></LinearRing></outerBoundaryIs></Polygon></MultiGeometry>
  </Placemark>
  <Placemark>
	<Style><LineStyle><color>ff0000ff</color></LineStyle><PolyStyle><fill>0</fill></PolyStyle></Style>
	<ExtendedData><SchemaData schemaUrl="#amenity_parking_bengaluru_urban">
		<SimpleData name="full_id">w1148303803</SimpleData>
		<SimpleData name="osm_id">1148303803</SimpleData>
		<SimpleData name="osm_type">way</SimpleData>
		<SimpleData name="amenity">parking</SimpleData>
		<SimpleData name="surface">concrete</SimpleData>
		<SimpleData name="parking">surface</SimpleData>
		<SimpleData name="fee">yes</SimpleData>
		<SimpleData name="access">permissive</SimpleData>
	</SchemaData></ExtendedData>
      <MultiGeometry><Polygon><outerBoundaryIs><LinearRing><coordinates>77.6569494,12.8954558 77.6575186,12.8953652 77.6575111,12.8953253 77.6572809,12.8953654 77.6569382,12.895425 77.6569494,12.8954558</coordinates></LinearRing></outerBoundaryIs></Polygon></MultiGeometry>
  </Placemark>
  <Placemark>
	<Style><LineStyle><color>ff0000ff</color></LineStyle><PolyStyle><fill>0</fill></PolyStyle></Style>
	<ExtendedData><SchemaData schemaUrl="#amenity_parking_bengaluru_urban">
		<SimpleData name="full_id">w1151912873</SimpleData>
		<SimpleData name="osm_id">1151912873</SimpleData>
		<SimpleData name="osm_type">way</SimpleData>
		<SimpleData name="amenity">parking</SimpleData>
		<SimpleData name="building:levels">12</SimpleData>
		<SimpleData name="parking">multi-storey</SimpleData>
		<SimpleData name="building">parking</SimpleData>
		<SimpleData name="access">private</SimpleData>
	</SchemaData></ExtendedData>
      <MultiGeometry><Polygon><outerBoundaryIs><LinearRing><coordinates>77.7165973,12.9808275 77.7168474,12.9804265 77.717273,12.9803322 77.7173578,12.9805582 77.7172004,12.9805956 77.7171339,12.9806467 77.7171278,12.9807391 77.7170491,12.9807843 77.7165973,12.9808275</coordinates></LinearRing></outerBoundaryIs></Polygon></MultiGeometry>
  </Placemark>
  <Placemark>
	<Style><LineStyle><color>ff0000ff</color></LineStyle><PolyStyle><fill>0</fill></PolyStyle></Style>
	<ExtendedData><SchemaData schemaUrl="#amenity_parking_bengaluru_urban">
		<SimpleData name="full_id">w1153855761</SimpleData>
		<SimpleData name="osm_id">1153855761</SimpleData>
		<SimpleData name="osm_type">way</SimpleData>
		<SimpleData name="amenity">parking</SimpleData>
		<SimpleData name="parking">surface</SimpleData>
		<SimpleData name="access">permissive</SimpleData>
	</SchemaData></ExtendedData>
      <MultiGeometry><Polygon><outerBoundaryIs><LinearRing><coordinates>77.6481257,13.0643808 77.6484114,13.0642998 77.648351,13.0639405 77.6480466,13.0639915 77.6481257,13.0643808</coordinates></LinearRing></outerBoundaryIs></Polygon></MultiGeometry>
  </Placemark>
  <Placemark>
	<Style><LineStyle><color>ff0000ff</color></LineStyle><PolyStyle><fill>0</fill></PolyStyle></Style>
	<ExtendedData><SchemaData schemaUrl="#amenity_parking_bengaluru_urban">
		<SimpleData name="full_id">w1154805392</SimpleData>
		<SimpleData name="osm_id">1154805392</SimpleData>
		<SimpleData name="osm_type">way</SimpleData>
		<SimpleData name="amenity">parking</SimpleData>
		<SimpleData name="parking">surface</SimpleData>
	</SchemaData></ExtendedData>
      <MultiGeometry><Polygon><outerBoundaryIs><LinearRing><coordinates>77.7169517,12.9610991 77.7169473,12.9610053 77.7174425,12.9609835 77.7174469,12.9610772 77.7169517,12.9610991</coordinates></LinearRing></outerBoundaryIs></Polygon></MultiGeometry>
  </Placemark>
  <Placemark>
	<Style><LineStyle><color>ff0000ff</color></LineStyle><PolyStyle><fill>0</fill></PolyStyle></Style>
	<ExtendedData><SchemaData schemaUrl="#amenity_parking_bengaluru_urban">
		<SimpleData name="full_id">w1157146292</SimpleData>
		<SimpleData name="osm_id">1157146292</SimpleData>
		<SimpleData name="osm_type">way</SimpleData>
		<SimpleData name="amenity">parking</SimpleData>
	</SchemaData></ExtendedData>
      <MultiGeometry><Polygon><outerBoundaryIs><LinearRing><coordinates>77.7257705,12.9769504 77.7257637,12.9768353 77.7258589,12.9768299 77.7258657,12.9769451 77.7257705,12.9769504</coordinates></LinearRing></outerBoundaryIs></Polygon></MultiGeometry>
  </Placemark>
  <Placemark>
	<Style><LineStyle><color>ff0000ff</color></LineStyle><PolyStyle><fill>0</fill></PolyStyle></Style>
	<ExtendedData><SchemaData schemaUrl="#amenity_parking_bengaluru_urban">
		<SimpleData name="full_id">w1157149221</SimpleData>
		<SimpleData name="osm_id">1157149221</SimpleData>
		<SimpleData name="osm_type">way</SimpleData>
		<SimpleData name="amenity">parking</SimpleData>
		<SimpleData name="operator:type">business</SimpleData>
		<SimpleData name="surface">asphalt</SimpleData>
		<SimpleData name="operator">Asha Tiffins Parking</SimpleData>
		<SimpleData name="parking">surface</SimpleData>
		<SimpleData name="access">customers</SimpleData>
	</SchemaData></ExtendedData>
      <MultiGeometry><Polygon><outerBoundaryIs><LinearRing><coordinates>77.7144632,12.9646837 77.7145013,12.9644881 77.7147323,12.9645308 77.7146941,12.9647264 77.7144632,12.9646837</coordinates></LinearRing></outerBoundaryIs></Polygon></MultiGeometry>
  </Placemark>
  <Placemark>
	<Style><LineStyle><color>ff0000ff</color></LineStyle><PolyStyle><fill>0</fill></PolyStyle></Style>
	<ExtendedData><SchemaData schemaUrl="#amenity_parking_bengaluru_urban">
		<SimpleData name="full_id">w1157456787</SimpleData>
		<SimpleData name="osm_id">1157456787</SimpleData>
		<SimpleData name="osm_type">way</SimpleData>
		<SimpleData name="amenity">parking</SimpleData>
		<SimpleData name="parking">surface</SimpleData>
		<SimpleData name="fee">yes</SimpleData>
		<SimpleData name="access">yes</SimpleData>
	</SchemaData></ExtendedData>
      <MultiGeometry><Polygon><outerBoundaryIs><LinearRing><coordinates>77.744173,12.9867107 77.7442011,12.9868244 77.7437954,12.9869218 77.7437679,12.9868081 77.744173,12.9867107</coordinates></LinearRing></outerBoundaryIs></Polygon></MultiGeometry>
  </Placemark>
  <Placemark>
	<Style><LineStyle><color>ff0000ff</color></LineStyle><PolyStyle><fill>0</fill></PolyStyle></Style>
	<ExtendedData><SchemaData schemaUrl="#amenity_parking_bengaluru_urban">
		<SimpleData name="full_id">w1160807138</SimpleData>
		<SimpleData name="osm_id">1160807138</SimpleData>
		<SimpleData name="osm_type">way</SimpleData>
		<SimpleData name="amenity">parking</SimpleData>
		<SimpleData name="parking">surface</SimpleData>
	</SchemaData></ExtendedData>
      <MultiGeometry><Polygon><outerBoundaryIs><LinearRing><coordinates>77.6008376,12.9901121 77.6005529,12.9901919 77.6004919,12.9899851 77.6007766,12.9899054 77.6008376,12.9901121</coordinates></LinearRing></outerBoundaryIs></Polygon></MultiGeometry>
  </Placemark>
  <Placemark>
	<Style><LineStyle><color>ff0000ff</color></LineStyle><PolyStyle><fill>0</fill></PolyStyle></Style>
	<ExtendedData><SchemaData schemaUrl="#amenity_parking_bengaluru_urban">
		<SimpleData name="full_id">w1161956231</SimpleData>
		<SimpleData name="osm_id">1161956231</SimpleData>
		<SimpleData name="osm_type">way</SimpleData>
		<SimpleData name="amenity">parking</SimpleData>
		<SimpleData name="parking">surface</SimpleData>
	</SchemaData></ExtendedData>
      <MultiGeometry><Polygon><outerBoundaryIs><LinearRing><coordinates>77.7285279,13.1817032 77.7282607,13.18186 77.7279918,13.182022 77.7276468,13.1814776 77.7282094,13.1811296 77.7282731,13.1811554 77.7285527,13.181624 77.7285155,13.1816447 77.7285279,13.1817032</coordinates></LinearRing></outerBoundaryIs></Polygon></MultiGeometry>
  </Placemark>
  <Placemark>
	<Style><LineStyle><color>ff0000ff</color></LineStyle><PolyStyle><fill>0</fill></PolyStyle></Style>
	<ExtendedData><SchemaData schemaUrl="#amenity_parking_bengaluru_urban">
		<SimpleData name="full_id">w1167161249</SimpleData>
		<SimpleData name="osm_id">1167161249</SimpleData>
		<SimpleData name="osm_type">way</SimpleData>
		<SimpleData name="amenity">parking</SimpleData>
		<SimpleData name="parking">surface</SimpleData>
		<SimpleData name="access">permissive</SimpleData>
	</SchemaData></ExtendedData>
      <MultiGeometry><Polygon><outerBoundaryIs><LinearRing><coordinates>77.5743928,12.9168532 77.5742362,12.9162243 77.5738406,12.9162818 77.5739502,12.916777 77.5740031,12.9169955 77.5743928,12.9168532</coordinates></LinearRing></outerBoundaryIs></Polygon></MultiGeometry>
  </Placemark>
  <Placemark>
	<Style><LineStyle><color>ff0000ff</color></LineStyle><PolyStyle><fill>0</fill></PolyStyle></Style>
	<ExtendedData><SchemaData schemaUrl="#amenity_parking_bengaluru_urban">
		<SimpleData name="full_id">w1176579534</SimpleData>
		<SimpleData name="osm_id">1176579534</SimpleData>
		<SimpleData name="osm_type">way</SimpleData>
		<SimpleData name="amenity">parking</SimpleData>
		<SimpleData name="parking">surface</SimpleData>
		<SimpleData name="access">customers</SimpleData>
	</SchemaData></ExtendedData>
      <MultiGeometry><Polygon><outerBoundaryIs><LinearRing><coordinates>77.5661396,12.8938216 77.5660193,12.8936223 77.5671152,12.893076 77.5678926,12.8937822 77.5667553,12.8937769 77.5661396,12.8938216</coordinates></LinearRing></outerBoundaryIs></Polygon></MultiGeometry>
  </Placemark>
  <Placemark>
	<Style><LineStyle><color>ff0000ff</color></LineStyle><PolyStyle><fill>0</fill></PolyStyle></Style>
	<ExtendedData><SchemaData schemaUrl="#amenity_parking_bengaluru_urban">
		<SimpleData name="full_id">w1176579538</SimpleData>
		<SimpleData name="osm_id">1176579538</SimpleData>
		<SimpleData name="osm_type">way</SimpleData>
		<SimpleData name="amenity">parking</SimpleData>
		<SimpleData name="parking">surface</SimpleData>
		<SimpleData name="access">customers</SimpleData>
	</SchemaData></ExtendedData>
      <MultiGeometry><Polygon><outerBoundaryIs><LinearRing><coordinates>77.5698511,12.8966439 77.5697383,12.8962671 77.5699632,12.8960667 77.5703377,12.8964643 77.5698511,12.8966439</coordinates></LinearRing></outerBoundaryIs></Polygon></MultiGeometry>
  </Placemark>
  <Placemark>
	<Style><LineStyle><color>ff0000ff</color></LineStyle><PolyStyle><fill>0</fill></PolyStyle></Style>
	<ExtendedData><SchemaData schemaUrl="#amenity_parking_bengaluru_urban">
		<SimpleData name="full_id">w1178714207</SimpleData>
		<SimpleData name="osm_id">1178714207</SimpleData>
		<SimpleData name="osm_type">way</SimpleData>
		<SimpleData name="amenity">parking</SimpleData>
		<SimpleData name="parking">surface</SimpleData>
		<SimpleData name="access">customers</SimpleData>
	</SchemaData></ExtendedData>
      <MultiGeometry><Polygon><outerBoundaryIs><LinearRing><coordinates>77.7073494,12.9883027 77.7074379,12.9879643 77.7080559,12.9879796 77.7080418,12.9883376 77.7073494,12.9883027</coordinates></LinearRing></outerBoundaryIs></Polygon></MultiGeometry>
  </Placemark>
  <Placemark>
	<Style><LineStyle><color>ff0000ff</color></LineStyle><PolyStyle><fill>0</fill></PolyStyle></Style>
	<ExtendedData><SchemaData schemaUrl="#amenity_parking_bengaluru_urban">
		<SimpleData name="full_id">w1181411206</SimpleData>
		<SimpleData name="osm_id">1181411206</SimpleData>
		<SimpleData name="osm_type">way</SimpleData>
		<SimpleData name="amenity">parking</SimpleData>
		<SimpleData name="parking">surface</SimpleData>
		<SimpleData name="access">permissive</SimpleData>
	</SchemaData></ExtendedData>
      <MultiGeometry><Polygon><outerBoundaryIs><LinearRing><coordinates>77.5578083,13.0486365 77.5588581,13.0486554 77.5588683,13.0481167 77.5591177,13.0481212 77.5591303,13.0474559 77.5578312,13.0474325 77.5578083,13.0486365</coordinates></LinearRing></outerBoundaryIs></Polygon></MultiGeometry>
  </Placemark>
  <Placemark>
	<Style><LineStyle><color>ff0000ff</color></LineStyle><PolyStyle><fill>0</fill></PolyStyle></Style>
	<ExtendedData><SchemaData schemaUrl="#amenity_parking_bengaluru_urban">
		<SimpleData name="full_id">w1181417661</SimpleData>
		<SimpleData name="osm_id">1181417661</SimpleData>
		<SimpleData name="osm_type">way</SimpleData>
		<SimpleData name="amenity">parking</SimpleData>
		<SimpleData name="parking">surface</SimpleData>
		<SimpleData name="access">permissive</SimpleData>
	</SchemaData></ExtendedData>
      <MultiGeometry><Polygon><outerBoundaryIs><LinearRing><coordinates>77.5795207,13.1082869 77.5801572,13.1083278 77.5801564,13.1083711 77.5797523,13.108333 77.5796603,13.1083243 77.5795383,13.1083167 77.5795207,13.1082869</coordinates></LinearRing></outerBoundaryIs></Polygon></MultiGeometry>
  </Placemark>
  <Placemark>
	<Style><LineStyle><color>ff0000ff</color></LineStyle><PolyStyle><fill>0</fill></PolyStyle></Style>
	<ExtendedData><SchemaData schemaUrl="#amenity_parking_bengaluru_urban">
		<SimpleData name="full_id">w1181437583</SimpleData>
		<SimpleData name="osm_id">1181437583</SimpleData>
		<SimpleData name="osm_type">way</SimpleData>
		<SimpleData name="amenity">parking</SimpleData>
		<SimpleData name="parking">surface</SimpleData>
		<SimpleData name="access">permissive</SimpleData>
	</SchemaData></ExtendedData>
      <MultiGeometry><Polygon><outerBoundaryIs><LinearRing><coordinates>77.5592601,13.1362075 77.5597858,13.1360508 77.5593996,13.1347552 77.5594157,13.1342746 77.5586432,13.1341753 77.5592601,13.1362075</coordinates></LinearRing></outerBoundaryIs></Polygon></MultiGeometry>
  </Placemark>
  <Placemark>
	<Style><LineStyle><color>ff0000ff</color></LineStyle><PolyStyle><fill>0</fill></PolyStyle></Style>
	<ExtendedData><SchemaData schemaUrl="#amenity_parking_bengaluru_urban">
		<SimpleData name="full_id">w1182392564</SimpleData>
		<SimpleData name="osm_id">1182392564</SimpleData>
		<SimpleData name="osm_type">way</SimpleData>
		<SimpleData name="amenity">parking</SimpleData>
		<SimpleData name="parking">surface</SimpleData>
		<SimpleData name="access">permissive</SimpleData>
	</SchemaData></ExtendedData>
      <MultiGeometry><Polygon><outerBoundaryIs><LinearRing><coordinates>77.5916367,13.1222342 77.5920897,13.1232351 77.5909029,13.1237834 77.5907102,13.1238708 77.5905546,13.1235453 77.5903372,13.1236439 77.5901922,13.1233406 77.590234,13.1233217 77.5914932,13.1227507 77.5913159,13.1223798 77.5916367,13.1222342</coordinates></LinearRing></outerBoundaryIs></Polygon></MultiGeometry>
  </Placemark>
  <Placemark>
	<Style><LineStyle><color>ff0000ff</color></LineStyle><PolyStyle><fill>0</fill></PolyStyle></Style>
	<ExtendedData><SchemaData schemaUrl="#amenity_parking_bengaluru_urban">
		<SimpleData name="full_id">w1182393659</SimpleData>
		<SimpleData name="osm_id">1182393659</SimpleData>
		<SimpleData name="osm_type">way</SimpleData>
		<SimpleData name="amenity">parking</SimpleData>
		<SimpleData name="parking">surface</SimpleData>
		<SimpleData name="access">permissive</SimpleData>
	</SchemaData></ExtendedData>
      <MultiGeometry><Polygon><outerBoundaryIs><LinearRing><coordinates>77.5884184,13.134097 77.5887966,13.1340996 77.5888878,13.1335589 77.5884077,13.1335615 77.5884184,13.134097</coordinates></LinearRing></outerBoundaryIs></Polygon></MultiGeometry>
  </Placemark>
  <Placemark>
	<Style><LineStyle><color>ff0000ff</color></LineStyle><PolyStyle><fill>0</fill></PolyStyle></Style>
	<ExtendedData><SchemaData schemaUrl="#amenity_parking_bengaluru_urban">
		<SimpleData name="full_id">w1182700296</SimpleData>
		<SimpleData name="osm_id">1182700296</SimpleData>
		<SimpleData name="osm_type">way</SimpleData>
		<SimpleData name="amenity">parking</SimpleData>
		<SimpleData name="parking">surface</SimpleData>
		<SimpleData name="access">private</SimpleData>
	</SchemaData></ExtendedData>
      <MultiGeometry><Polygon><outerBoundaryIs><LinearRing><coordinates>77.7224387,13.1776603 77.7225843,13.1775716 77.7223241,13.1771666 77.7221785,13.1772552 77.7224387,13.1776603</coordinates></LinearRing></outerBoundaryIs></Polygon></MultiGeometry>
  </Placemark>
  <Placemark>
	<Style><LineStyle><color>ff0000ff</color></LineStyle><PolyStyle><fill>0</fill></PolyStyle></Style>
	<ExtendedData><SchemaData schemaUrl="#amenity_parking_bengaluru_urban">
		<SimpleData name="full_id">w1186042584</SimpleData>
		<SimpleData name="osm_id">1186042584</SimpleData>
		<SimpleData name="osm_type">way</SimpleData>
		<SimpleData name="amenity">parking</SimpleData>
	</SchemaData></ExtendedData>
      <MultiGeometry><Polygon><outerBoundaryIs><LinearRing><coordinates>77.6803709,12.9124261 77.6803176,12.9123084 77.6804977,12.9122309 77.6805511,12.9123487 77.6803709,12.9124261</coordinates></LinearRing></outerBoundaryIs></Polygon></MultiGeometry>
  </Placemark>
  <Placemark>
	<Style><LineStyle><color>ff0000ff</color></LineStyle><PolyStyle><fill>0</fill></PolyStyle></Style>
	<ExtendedData><SchemaData schemaUrl="#amenity_parking_bengaluru_urban">
		<SimpleData name="full_id">w1187678803</SimpleData>
		<SimpleData name="osm_id">1187678803</SimpleData>
		<SimpleData name="osm_type">way</SimpleData>
		<SimpleData name="amenity">parking</SimpleData>
		<SimpleData name="operator:type">private</SimpleData>
		<SimpleData name="surface">paved</SimpleData>
		<SimpleData name="operator">Thalassery Restaurant</SimpleData>
		<SimpleData name="parking">surface</SimpleData>
		<SimpleData name="fee">no</SimpleData>
		<SimpleData name="access">customers</SimpleData>
	</SchemaData></ExtendedData>
      <MultiGeometry><Polygon><outerBoundaryIs><LinearRing><coordinates>77.7498349,12.984427 77.7498627,12.984501 77.7499686,12.9844633 77.7499909,12.9844553 77.7499631,12.9843813 77.7498349,12.984427</coordinates></LinearRing></outerBoundaryIs></Polygon></MultiGeometry>
  </Placemark>
  <Placemark>
	<Style><LineStyle><color>ff0000ff</color></LineStyle><PolyStyle><fill>0</fill></PolyStyle></Style>
	<ExtendedData><SchemaData schemaUrl="#amenity_parking_bengaluru_urban">
		<SimpleData name="full_id">w1187679088</SimpleData>
		<SimpleData name="osm_id">1187679088</SimpleData>
		<SimpleData name="osm_type">way</SimpleData>
		<SimpleData name="amenity">parking</SimpleData>
		<SimpleData name="surface">paved</SimpleData>
		<SimpleData name="parking">surface</SimpleData>
		<SimpleData name="access">customers</SimpleData>
	</SchemaData></ExtendedData>
      <MultiGeometry><Polygon><outerBoundaryIs><LinearRing><coordinates>77.748942,12.9846908 77.7489747,12.9847875 77.7491028,12.9847464 77.7491129,12.9847432 77.7490802,12.9846465 77.748942,12.9846908</coordinates></LinearRing></outerBoundaryIs></Polygon></MultiGeometry>
  </Placemark>
  <Placemark>
	<Style><LineStyle><color>ff0000ff</color></LineStyle><PolyStyle><fill>0</fill></PolyStyle></Style>
	<ExtendedData><SchemaData schemaUrl="#amenity_parking_bengaluru_urban">
		<SimpleData name="full_id">w1188254701</SimpleData>
		<SimpleData name="osm_id">1188254701</SimpleData>
		<SimpleData name="osm_type">way</SimpleData>
		<SimpleData name="amenity">parking</SimpleData>
	</SchemaData></ExtendedData>
      <MultiGeometry><Polygon><outerBoundaryIs><LinearRing><coordinates>77.666925,12.9204804 77.6668698,12.9202778 77.6665724,12.9203548 77.6666277,12.9205574 77.666925,12.9204804</coordinates></LinearRing></outerBoundaryIs></Polygon></MultiGeometry>
  </Placemark>
  <Placemark>
	<Style><LineStyle><color>ff0000ff</color></LineStyle><PolyStyle><fill>0</fill></PolyStyle></Style>
	<ExtendedData><SchemaData schemaUrl="#amenity_parking_bengaluru_urban">
		<SimpleData name="full_id">w1191458810</SimpleData>
		<SimpleData name="osm_id">1191458810</SimpleData>
		<SimpleData name="osm_type">way</SimpleData>
		<SimpleData name="amenity">parking</SimpleData>
	</SchemaData></ExtendedData>
      <MultiGeometry><Polygon><outerBoundaryIs><LinearRing><coordinates>77.5970123,13.1041793 77.5969741,13.1043161 77.5972475,13.1044169 77.5972591,13.1043275 77.5972695,13.1042474 77.5970123,13.1041793</coordinates></LinearRing></outerBoundaryIs></Polygon></MultiGeometry>
  </Placemark>
  <Placemark>
	<Style><LineStyle><color>ff0000ff</color></LineStyle><PolyStyle><fill>0</fill></PolyStyle></Style>
	<ExtendedData><SchemaData schemaUrl="#amenity_parking_bengaluru_urban">
		<SimpleData name="full_id">w1193082971</SimpleData>
		<SimpleData name="osm_id">1193082971</SimpleData>
		<SimpleData name="osm_type">way</SimpleData>
		<SimpleData name="amenity">parking</SimpleData>
		<SimpleData name="surface">ground</SimpleData>
		<SimpleData name="parking">surface</SimpleData>
	</SchemaData></ExtendedData>
      <MultiGeometry><Polygon><outerBoundaryIs><LinearRing><coordinates>77.7150067,12.9616955 77.7152578,12.9617395 77.7153912,12.9610165 77.7151399,12.9609725 77.7150067,12.9616955</coordinates></LinearRing></outerBoundaryIs></Polygon></MultiGeometry>
  </Placemark>
  <Placemark>
	<Style><LineStyle><color>ff0000ff</color></LineStyle><PolyStyle><fill>0</fill></PolyStyle></Style>
	<ExtendedData><SchemaData schemaUrl="#amenity_parking_bengaluru_urban">
		<SimpleData name="full_id">w1193373907</SimpleData>
		<SimpleData name="osm_id">1193373907</SimpleData>
		<SimpleData name="osm_type">way</SimpleData>
		<SimpleData name="amenity">parking</SimpleData>
		<SimpleData name="surface">ground</SimpleData>
		<SimpleData name="parking">surface</SimpleData>
		<SimpleData name="access">customers</SimpleData>
	</SchemaData></ExtendedData>
      <MultiGeometry><Polygon><outerBoundaryIs><LinearRing><coordinates>77.7301108,12.9560002 77.7301095,12.9559234 77.7302825,12.9559205 77.7302754,12.9555091 77.7303252,12.9555083 77.7303337,12.9559965 77.7301108,12.9560002</coordinates></LinearRing></outerBoundaryIs></Polygon></MultiGeometry>
  </Placemark>
  <Placemark>
	<Style><LineStyle><color>ff0000ff</color></LineStyle><PolyStyle><fill>0</fill></PolyStyle></Style>
	<ExtendedData><SchemaData schemaUrl="#amenity_parking_bengaluru_urban">
		<SimpleData name="full_id">w1194928866</SimpleData>
		<SimpleData name="osm_id">1194928866</SimpleData>
		<SimpleData name="osm_type">way</SimpleData>
		<SimpleData name="amenity">parking</SimpleData>
		<SimpleData name="parking">surface</SimpleData>
		<SimpleData name="access">customers</SimpleData>
	</SchemaData></ExtendedData>
      <MultiGeometry><Polygon><outerBoundaryIs><LinearRing><coordinates>77.7103785,12.9564556 77.7104921,12.9564843 77.7105187,12.9563207 77.7103968,12.956329 77.7103785,12.9564556</coordinates></LinearRing></outerBoundaryIs></Polygon></MultiGeometry>
  </Placemark>
  <Placemark>
	<Style><LineStyle><color>ff0000ff</color></LineStyle><PolyStyle><fill>0</fill></PolyStyle></Style>
	<ExtendedData><SchemaData schemaUrl="#amenity_parking_bengaluru_urban">
		<SimpleData name="full_id">w1194928867</SimpleData>
		<SimpleData name="osm_id">1194928867</SimpleData>
		<SimpleData name="osm_type">way</SimpleData>
		<SimpleData name="amenity">parking</SimpleData>
		<SimpleData name="parking">surface</SimpleData>
		<SimpleData name="access">customers</SimpleData>
	</SchemaData></ExtendedData>
      <MultiGeometry><Polygon><outerBoundaryIs><LinearRing><coordinates>77.7102317,12.9564181 77.7103618,12.9564273 77.7103841,12.9563256 77.7102352,12.9563405 77.7102317,12.9564181</coordinates></LinearRing></outerBoundaryIs></Polygon></MultiGeometry>
  </Placemark>
  <Placemark>
	<Style><LineStyle><color>ff0000ff</color></LineStyle><PolyStyle><fill>0</fill></PolyStyle></Style>
	<ExtendedData><SchemaData schemaUrl="#amenity_parking_bengaluru_urban">
		<SimpleData name="full_id">w1194928868</SimpleData>
		<SimpleData name="osm_id">1194928868</SimpleData>
		<SimpleData name="osm_type">way</SimpleData>
		<SimpleData name="amenity">parking</SimpleData>
		<SimpleData name="parking">surface</SimpleData>
		<SimpleData name="access">customers</SimpleData>
	</SchemaData></ExtendedData>
      <MultiGeometry><Polygon><outerBoundaryIs><LinearRing><coordinates>77.71008,12.9564414 77.7101798,12.9564347 77.7101945,12.9563499 77.7100835,12.9563637 77.71008,12.9564414</coordinates></LinearRing></outerBoundaryIs></Polygon></MultiGeometry>
  </Placemark>
  <Placemark>
	<Style><LineStyle><color>ff0000ff</color></LineStyle><PolyStyle><fill>0</fill></PolyStyle></Style>
	<ExtendedData><SchemaData schemaUrl="#amenity_parking_bengaluru_urban">
		<SimpleData name="full_id">w1195150307</SimpleData>
		<SimpleData name="osm_id">1195150307</SimpleData>
		<SimpleData name="osm_type">way</SimpleData>
		<SimpleData name="amenity">parking</SimpleData>
		<SimpleData name="parking">sheds</SimpleData>
	</SchemaData></ExtendedData>
      <MultiGeometry><Polygon><outerBoundaryIs><LinearRing><coordinates>77.5099122,12.8543671 77.5100698,12.8544142 77.5100825,12.8543841 77.5099196,12.8543403 77.5099122,12.8543671</coordinates></LinearRing></outerBoundaryIs></Polygon></MultiGeometry>
  </Placemark>
  <Placemark>
	<Style><LineStyle><color>ff0000ff</color></LineStyle><PolyStyle><fill>0</fill></PolyStyle></Style>
	<ExtendedData><SchemaData schemaUrl="#amenity_parking_bengaluru_urban">
		<SimpleData name="full_id">w1195581188</SimpleData>
		<SimpleData name="osm_id">1195581188</SimpleData>
		<SimpleData name="osm_type">way</SimpleData>
		<SimpleData name="amenity">parking</SimpleData>
		<SimpleData name="parking">surface</SimpleData>
		<SimpleData name="access">customers</SimpleData>
	</SchemaData></ExtendedData>
      <MultiGeometry><Polygon><outerBoundaryIs><LinearRing><coordinates>77.5982521,12.9935199 77.5986658,12.9933708 77.598563,12.9930424 77.5984026,12.993149 77.5982521,12.9935199</coordinates></LinearRing></outerBoundaryIs></Polygon></MultiGeometry>
  </Placemark>
  <Placemark>
	<Style><LineStyle><color>ff0000ff</color></LineStyle><PolyStyle><fill>0</fill></PolyStyle></Style>
	<ExtendedData><SchemaData schemaUrl="#amenity_parking_bengaluru_urban">
		<SimpleData name="full_id">w1196481562</SimpleData>
		<SimpleData name="osm_id">1196481562</SimpleData>
		<SimpleData name="osm_type">way</SimpleData>
		<SimpleData name="amenity">parking</SimpleData>
		<SimpleData name="parking">surface</SimpleData>
		<SimpleData name="access">permissive</SimpleData>
	</SchemaData></ExtendedData>
      <MultiGeometry><Polygon><outerBoundaryIs><LinearRing><coordinates>77.6053376,12.9700247 77.6056892,12.970168 77.6056947,12.9696296 77.605531,12.9696243 77.6053927,12.9699106 77.6053376,12.9700247</coordinates></LinearRing></outerBoundaryIs></Polygon></MultiGeometry>
  </Placemark>
  <Placemark>
	<Style><LineStyle><color>ff0000ff</color></LineStyle><PolyStyle><fill>0</fill></PolyStyle></Style>
	<ExtendedData><SchemaData schemaUrl="#amenity_parking_bengaluru_urban">
		<SimpleData name="full_id">w1203069043</SimpleData>
		<SimpleData name="osm_id">1203069043</SimpleData>
		<SimpleData name="osm_type">way</SimpleData>
		<SimpleData name="amenity">parking</SimpleData>
		<SimpleData name="parking">surface</SimpleData>
		<SimpleData name="access">permissive</SimpleData>
	</SchemaData></ExtendedData>
      <MultiGeometry><Polygon><outerBoundaryIs><LinearRing><coordinates>77.5715111,12.9542679 77.5721709,12.9541882 77.5721709,12.9538052 77.5715232,12.9538079 77.5715111,12.9542679</coordinates></LinearRing></outerBoundaryIs></Polygon></MultiGeometry>
  </Placemark>
  <Placemark>
	<Style><LineStyle><color>ff0000ff</color></LineStyle><PolyStyle><fill>0</fill></PolyStyle></Style>
	<ExtendedData><SchemaData schemaUrl="#amenity_parking_bengaluru_urban">
		<SimpleData name="full_id">w1203852514</SimpleData>
		<SimpleData name="osm_id">1203852514</SimpleData>
		<SimpleData name="osm_type">way</SimpleData>
		<SimpleData name="amenity">parking</SimpleData>
	</SchemaData></ExtendedData>
      <MultiGeometry><Polygon><outerBoundaryIs><LinearRing><coordinates>77.7180481,12.9630042 77.7183823,12.9629241 77.7183403,12.9626971 77.7180577,12.9627678 77.718071,12.962846 77.7180157,12.9628906 77.7180481,12.9630042</coordinates></LinearRing></outerBoundaryIs></Polygon></MultiGeometry>
  </Placemark>
  <Placemark>
	<Style><LineStyle><color>ff0000ff</color></LineStyle><PolyStyle><fill>0</fill></PolyStyle></Style>
	<ExtendedData><SchemaData schemaUrl="#amenity_parking_bengaluru_urban">
		<SimpleData name="full_id">w1204460211</SimpleData>
		<SimpleData name="osm_id">1204460211</SimpleData>
		<SimpleData name="osm_type">way</SimpleData>
		<SimpleData name="amenity">parking</SimpleData>
		<SimpleData name="parking">surface</SimpleData>
		<SimpleData name="access">permissive</SimpleData>
	</SchemaData></ExtendedData>
      <MultiGeometry><Polygon><outerBoundaryIs><LinearRing><coordinates>77.5568588,13.0100931 77.5568888,13.0100311 77.5587342,13.0108799 77.5587041,13.0109419 77.5568588,13.0100931</coordinates></LinearRing></outerBoundaryIs></Polygon></MultiGeometry>
  </Placemark>
  <Placemark>
	<Style><LineStyle><color>ff0000ff</color></LineStyle><PolyStyle><fill>0</fill></PolyStyle></Style>
	<ExtendedData><SchemaData schemaUrl="#amenity_parking_bengaluru_urban">
		<SimpleData name="full_id">w1206050016</SimpleData>
		<SimpleData name="osm_id">1206050016</SimpleData>
		<SimpleData name="osm_type">way</SimpleData>
		<SimpleData name="amenity">parking</SimpleData>
		<SimpleData name="parking">surface</SimpleData>
		<SimpleData name="access">permissive</SimpleData>
	</SchemaData></ExtendedData>
      <MultiGeometry><Polygon><outerBoundaryIs><LinearRing><coordinates>77.6521839,12.9545646 77.6529081,12.9542901 77.6528862,12.9542351 77.6526043,12.954342 77.6524795,12.9540293 77.6520616,12.954187 77.6521839,12.9545646</coordinates></LinearRing></outerBoundaryIs></Polygon></MultiGeometry>
  </Placemark>
  <Placemark>
	<Style><LineStyle><color>ff0000ff</color></LineStyle><PolyStyle><fill>0</fill></PolyStyle></Style>
	<ExtendedData><SchemaData schemaUrl="#amenity_parking_bengaluru_urban">
		<SimpleData name="full_id">w1206209606</SimpleData>
		<SimpleData name="osm_id">1206209606</SimpleData>
		<SimpleData name="osm_type">way</SimpleData>
		<SimpleData name="amenity">parking</SimpleData>
		<SimpleData name="parking">surface</SimpleData>
		<SimpleData name="access">customers</SimpleData>
	</SchemaData></ExtendedData>
      <MultiGeometry><Polygon><outerBoundaryIs><LinearRing><coordinates>77.7214253,12.9560629 77.721415,12.9559613 77.7215777,12.9559456 77.7215881,12.9560472 77.7214253,12.9560629</coordinates></LinearRing></outerBoundaryIs></Polygon></MultiGeometry>
  </Placemark>
  <Placemark>
	<Style><LineStyle><color>ff0000ff</color></LineStyle><PolyStyle><fill>0</fill></PolyStyle></Style>
	<ExtendedData><SchemaData schemaUrl="#amenity_parking_bengaluru_urban">
		<SimpleData name="full_id">w1208006782</SimpleData>
		<SimpleData name="osm_id">1208006782</SimpleData>
		<SimpleData name="osm_type">way</SimpleData>
		<SimpleData name="amenity">parking</SimpleData>
		<SimpleData name="parking">surface</SimpleData>
		<SimpleData name="access">customers</SimpleData>
	</SchemaData></ExtendedData>
      <MultiGeometry><Polygon><outerBoundaryIs><LinearRing><coordinates>77.6185906,13.0859157 77.6193041,13.0859131 77.6193175,13.0854716 77.6182741,13.0854481 77.6185906,13.0859157</coordinates></LinearRing></outerBoundaryIs></Polygon></MultiGeometry>
  </Placemark>
  <Placemark>
	<Style><LineStyle><color>ff0000ff</color></LineStyle><PolyStyle><fill>0</fill></PolyStyle></Style>
	<ExtendedData><SchemaData schemaUrl="#amenity_parking_bengaluru_urban">
		<SimpleData name="full_id">w1208006783</SimpleData>
		<SimpleData name="osm_id">1208006783</SimpleData>
		<SimpleData name="osm_type">way</SimpleData>
		<SimpleData name="amenity">parking</SimpleData>
		<SimpleData name="parking">surface</SimpleData>
		<SimpleData name="access">customers</SimpleData>
	</SchemaData></ExtendedData>
      <MultiGeometry><Polygon><outerBoundaryIs><LinearRing><coordinates>77.6156267,13.0859889 77.6179656,13.0859444 77.6184109,13.0858791 77.6184136,13.085806 77.6181507,13.0855134 77.6180702,13.0852443 77.6155919,13.0853279 77.6156267,13.0859889</coordinates></LinearRing></outerBoundaryIs></Polygon></MultiGeometry>
  </Placemark>
  <Placemark>
	<Style><LineStyle><color>ff0000ff</color></LineStyle><PolyStyle><fill>0</fill></PolyStyle></Style>
	<ExtendedData><SchemaData schemaUrl="#amenity_parking_bengaluru_urban">
		<SimpleData name="full_id">w1208264453</SimpleData>
		<SimpleData name="osm_id">1208264453</SimpleData>
		<SimpleData name="osm_type">way</SimpleData>
		<SimpleData name="amenity">parking</SimpleData>
		<SimpleData name="parking">street_side</SimpleData>
		<SimpleData name="fee">no</SimpleData>
	</SchemaData></ExtendedData>
      <MultiGeometry><Polygon><outerBoundaryIs><LinearRing><coordinates>77.5713779,13.0001079 77.5714024,13.0001082 77.5713766,13.0009758 77.5713497,13.000975 77.5713779,13.0001079</coordinates></LinearRing></outerBoundaryIs></Polygon></MultiGeometry>
  </Placemark>
  <Placemark>
	<Style><LineStyle><color>ff0000ff</color></LineStyle><PolyStyle><fill>0</fill></PolyStyle></Style>
	<ExtendedData><SchemaData schemaUrl="#amenity_parking_bengaluru_urban">
		<SimpleData name="full_id">w1208415943</SimpleData>
		<SimpleData name="osm_id">1208415943</SimpleData>
		<SimpleData name="osm_type">way</SimpleData>
		<SimpleData name="amenity">parking</SimpleData>
		<SimpleData name="parking">carports</SimpleData>
		<SimpleData name="access">private</SimpleData>
	</SchemaData></ExtendedData>
      <MultiGeometry><Polygon><outerBoundaryIs><LinearRing><coordinates>77.7286376,12.9564355 77.7287108,12.9564362 77.7287127,12.9562356 77.7286396,12.9562349 77.7286376,12.9564355</coordinates></LinearRing></outerBoundaryIs></Polygon></MultiGeometry>
  </Placemark>
  <Placemark>
	<Style><LineStyle><color>ff0000ff</color></LineStyle><PolyStyle><fill>0</fill></PolyStyle></Style>
	<ExtendedData><SchemaData schemaUrl="#amenity_parking_bengaluru_urban">
		<SimpleData name="full_id">w1208415944</SimpleData>
		<SimpleData name="osm_id">1208415944</SimpleData>
		<SimpleData name="osm_type">way</SimpleData>
		<SimpleData name="amenity">parking</SimpleData>
		<SimpleData name="parking">carports</SimpleData>
		<SimpleData name="access">private</SimpleData>
	</SchemaData></ExtendedData>
      <MultiGeometry><Polygon><outerBoundaryIs><LinearRing><coordinates>77.7287973,12.9564299 77.7288703,12.9564331 77.7288796,12.9562327 77.7288065,12.9562295 77.7287973,12.9564299</coordinates></LinearRing></outerBoundaryIs></Polygon></MultiGeometry>
  </Placemark>
  <Placemark>
	<Style><LineStyle><color>ff0000ff</color></LineStyle><PolyStyle><fill>0</fill></PolyStyle></Style>
	<ExtendedData><SchemaData schemaUrl="#amenity_parking_bengaluru_urban">
		<SimpleData name="full_id">w1208438632</SimpleData>
		<SimpleData name="osm_id">1208438632</SimpleData>
		<SimpleData name="osm_type">way</SimpleData>
		<SimpleData name="amenity">parking</SimpleData>
	</SchemaData></ExtendedData>
      <MultiGeometry><Polygon><outerBoundaryIs><LinearRing><coordinates>77.7310891,12.9295545 77.7314338,12.929544 77.7314262,12.929306 77.7311766,12.9293436 77.7311392,12.9293492 77.7310891,12.9295545</coordinates></LinearRing></outerBoundaryIs></Polygon></MultiGeometry>
  </Placemark>
  <Placemark>
	<Style><LineStyle><color>ff0000ff</color></LineStyle><PolyStyle><fill>0</fill></PolyStyle></Style>
	<ExtendedData><SchemaData schemaUrl="#amenity_parking_bengaluru_urban">
		<SimpleData name="full_id">w1208446239</SimpleData>
		<SimpleData name="osm_id">1208446239</SimpleData>
		<SimpleData name="osm_type">way</SimpleData>
		<SimpleData name="amenity">parking</SimpleData>
		<SimpleData name="parking">surface</SimpleData>
		<SimpleData name="access">customers</SimpleData>
	</SchemaData></ExtendedData>
      <MultiGeometry><Polygon><outerBoundaryIs><LinearRing><coordinates>77.7510979,12.9837312 77.7514143,12.9836143 77.7513702,12.9835011 77.7510538,12.9836179 77.7510979,12.9837312</coordinates></LinearRing></outerBoundaryIs></Polygon></MultiGeometry>
  </Placemark>
  <Placemark>
	<Style><LineStyle><color>ff0000ff</color></LineStyle><PolyStyle><fill>0</fill></PolyStyle></Style>
	<ExtendedData><SchemaData schemaUrl="#amenity_parking_bengaluru_urban">
		<SimpleData name="full_id">w1208465171</SimpleData>
		<SimpleData name="osm_id">1208465171</SimpleData>
		<SimpleData name="osm_type">way</SimpleData>
		<SimpleData name="amenity">parking</SimpleData>
		<SimpleData name="parking">surface</SimpleData>
		<SimpleData name="access">private</SimpleData>
	</SchemaData></ExtendedData>
      <MultiGeometry><Polygon><outerBoundaryIs><LinearRing><coordinates>77.7224283,12.9632167 77.7225155,12.9632092 77.7225341,12.962694 77.7224735,12.96267 77.7224545,12.9631248 77.7224283,12.9632167</coordinates></LinearRing></outerBoundaryIs></Polygon></MultiGeometry>
  </Placemark>
  <Placemark>
	<Style><LineStyle><color>ff0000ff</color></LineStyle><PolyStyle><fill>0</fill></PolyStyle></Style>
	<ExtendedData><SchemaData schemaUrl="#amenity_parking_bengaluru_urban">
		<SimpleData name="full_id">w1208476869</SimpleData>
		<SimpleData name="osm_id">1208476869</SimpleData>
		<SimpleData name="osm_type">way</SimpleData>
		<SimpleData name="amenity">parking</SimpleData>
		<SimpleData name="parking">surface</SimpleData>
	</SchemaData></ExtendedData>
      <MultiGeometry><Polygon><outerBoundaryIs><LinearRing><coordinates>77.7223083,12.9338103 77.7227891,12.9337192 77.7227806,12.9336767 77.7222998,12.9337679 77.7223083,12.9338103</coordinates></LinearRing></outerBoundaryIs></Polygon></MultiGeometry>
  </Placemark>
  <Placemark>
	<Style><LineStyle><color>ff0000ff</color></LineStyle><PolyStyle><fill>0</fill></PolyStyle></Style>
	<ExtendedData><SchemaData schemaUrl="#amenity_parking_bengaluru_urban">
		<SimpleData name="full_id">w1208848216</SimpleData>
		<SimpleData name="osm_id">1208848216</SimpleData>
		<SimpleData name="osm_type">way</SimpleData>
		<SimpleData name="amenity">parking</SimpleData>
		<SimpleData name="parking">surface</SimpleData>
		<SimpleData name="access">private</SimpleData>
	</SchemaData></ExtendedData>
      <MultiGeometry><Polygon><outerBoundaryIs><LinearRing><coordinates>77.731465,12.9615697 77.7320326,12.9615652 77.7320322,12.9615184 77.7314647,12.961523 77.731465,12.9615697</coordinates></LinearRing></outerBoundaryIs></Polygon></MultiGeometry>
  </Placemark>
  <Placemark>
	<Style><LineStyle><color>ff0000ff</color></LineStyle><PolyStyle><fill>0</fill></PolyStyle></Style>
	<ExtendedData><SchemaData schemaUrl="#amenity_parking_bengaluru_urban">
		<SimpleData name="full_id">w1208848217</SimpleData>
		<SimpleData name="osm_id">1208848217</SimpleData>
		<SimpleData name="osm_type">way</SimpleData>
		<SimpleData name="amenity">parking</SimpleData>
		<SimpleData name="parking">surface</SimpleData>
		<SimpleData name="access">private</SimpleData>
	</SchemaData></ExtendedData>
      <MultiGeometry><Polygon><outerBoundaryIs><LinearRing><coordinates>77.7322223,12.9615636 77.7323789,12.9615618 77.7323784,12.9615196 77.7322218,12.9615215 77.7322223,12.9615636</coordinates></LinearRing></outerBoundaryIs></Polygon></MultiGeometry>
  </Placemark>
  <Placemark>
	<Style><LineStyle><color>ff0000ff</color></LineStyle><PolyStyle><fill>0</fill></PolyStyle></Style>
	<ExtendedData><SchemaData schemaUrl="#amenity_parking_bengaluru_urban">
		<SimpleData name="full_id">w1209130537</SimpleData>
		<SimpleData name="osm_id">1209130537</SimpleData>
		<SimpleData name="osm_type">way</SimpleData>
		<SimpleData name="amenity">parking</SimpleData>
		<SimpleData name="parking">surface</SimpleData>
		<SimpleData name="access">customers</SimpleData>
	</SchemaData></ExtendedData>
      <MultiGeometry><Polygon><outerBoundaryIs><LinearRing><coordinates>77.5955505,13.1187721 77.5948249,13.1188983 77.5947806,13.1186071 77.5954886,13.1184736 77.5955505,13.1187721</coordinates></LinearRing></outerBoundaryIs></Polygon></MultiGeometry>
  </Placemark>
  <Placemark>
	<Style><LineStyle><color>ff0000ff</color></LineStyle><PolyStyle><fill>0</fill></PolyStyle></Style>
	<ExtendedData><SchemaData schemaUrl="#amenity_parking_bengaluru_urban">
		<SimpleData name="full_id">w1209278251</SimpleData>
		<SimpleData name="osm_id">1209278251</SimpleData>
		<SimpleData name="osm_type">way</SimpleData>
		<SimpleData name="amenity">parking</SimpleData>
		<SimpleData name="fee">no</SimpleData>
	</SchemaData></ExtendedData>
      <MultiGeometry><Polygon><outerBoundaryIs><LinearRing><coordinates>77.7157871,12.9473984 77.7160701,12.9473304 77.7160165,12.9472742 77.7157648,12.9472919 77.7157871,12.9473984</coordinates></LinearRing></outerBoundaryIs></Polygon></MultiGeometry>
  </Placemark>
  <Placemark>
	<Style><LineStyle><color>ff0000ff</color></LineStyle><PolyStyle><fill>0</fill></PolyStyle></Style>
	<ExtendedData><SchemaData schemaUrl="#amenity_parking_bengaluru_urban">
		<SimpleData name="full_id">w1210554191</SimpleData>
		<SimpleData name="osm_id">1210554191</SimpleData>
		<SimpleData name="osm_type">way</SimpleData>
		<SimpleData name="amenity">parking</SimpleData>
		<SimpleData name="parking">surface</SimpleData>
	</SchemaData></ExtendedData>
      <MultiGeometry><Polygon><outerBoundaryIs><LinearRing><coordinates>77.7061392,12.9940764 77.7066529,12.9940398 77.7066448,12.9937197 77.7066073,12.9937249 77.7061084,12.9937902 77.7061392,12.9940764</coordinates></LinearRing></outerBoundaryIs></Polygon></MultiGeometry>
  </Placemark>
  <Placemark>
	<Style><LineStyle><color>ff0000ff</color></LineStyle><PolyStyle><fill>0</fill></PolyStyle></Style>
	<ExtendedData><SchemaData schemaUrl="#amenity_parking_bengaluru_urban">
		<SimpleData name="full_id">w1210554192</SimpleData>
		<SimpleData name="osm_id">1210554192</SimpleData>
		<SimpleData name="osm_type">way</SimpleData>
		<SimpleData name="amenity">parking</SimpleData>
		<SimpleData name="parking">surface</SimpleData>
	</SchemaData></ExtendedData>
      <MultiGeometry><Polygon><outerBoundaryIs><LinearRing><coordinates>77.7061571,12.9932822 77.7061497,12.9931218 77.706643,12.9931 77.7066505,12.9932604 77.7061571,12.9932822</coordinates></LinearRing></outerBoundaryIs></Polygon></MultiGeometry>
  </Placemark>
  <Placemark>
	<Style><LineStyle><color>ff0000ff</color></LineStyle><PolyStyle><fill>0</fill></PolyStyle></Style>
	<ExtendedData><SchemaData schemaUrl="#amenity_parking_bengaluru_urban">
		<SimpleData name="full_id">w1211056435</SimpleData>
		<SimpleData name="osm_id">1211056435</SimpleData>
		<SimpleData name="osm_type">way</SimpleData>
		<SimpleData name="amenity">parking</SimpleData>
		<SimpleData name="parking">street_side</SimpleData>
	</SchemaData></ExtendedData>
      <MultiGeometry><Polygon><outerBoundaryIs><LinearRing><coordinates>77.6807573,12.9097058 77.6808077,12.9097027 77.6807784,12.9092462 77.6807279,12.9092493 77.6807573,12.9097058</coordinates></LinearRing></outerBoundaryIs></Polygon></MultiGeometry>
  </Placemark>
  <Placemark>
	<Style><LineStyle><color>ff0000ff</color></LineStyle><PolyStyle><fill>0</fill></PolyStyle></Style>
	<ExtendedData><SchemaData schemaUrl="#amenity_parking_bengaluru_urban">
		<SimpleData name="full_id">w1213306738</SimpleData>
		<SimpleData name="osm_id">1213306738</SimpleData>
		<SimpleData name="osm_type">way</SimpleData>
		<SimpleData name="amenity">parking</SimpleData>
		<SimpleData name="payment:upi">yes</SimpleData>
		<SimpleData name="payment:cash">yes</SimpleData>
		<SimpleData name="charge">35 INR</SimpleData>
		<SimpleData name="surface">concrete</SimpleData>
		<SimpleData name="parking">surface</SimpleData>
		<SimpleData name="fee">yes</SimpleData>
		<SimpleData name="access">permissive</SimpleData>
	</SchemaData></ExtendedData>
      <MultiGeometry><Polygon><outerBoundaryIs><LinearRing><coordinates>77.552217,12.8847537 77.5521486,12.8848152 77.5534964,12.8852207 77.5534753,12.8850188 77.5533542,12.8850086 77.5533279,12.8850222 77.5533507,12.8850684 77.552217,12.8847537</coordinates></LinearRing></outerBoundaryIs></Polygon></MultiGeometry>
  </Placemark>
  <Placemark>
	<Style><LineStyle><color>ff0000ff</color></LineStyle><PolyStyle><fill>0</fill></PolyStyle></Style>
	<ExtendedData><SchemaData schemaUrl="#amenity_parking_bengaluru_urban">
		<SimpleData name="full_id">w1213789189</SimpleData>
		<SimpleData name="osm_id">1213789189</SimpleData>
		<SimpleData name="osm_type">way</SimpleData>
		<SimpleData name="amenity">parking</SimpleData>
		<SimpleData name="parking">surface</SimpleData>
	</SchemaData></ExtendedData>
      <MultiGeometry><Polygon><outerBoundaryIs><LinearRing><coordinates>77.6401871,12.978532 77.6401247,12.9785065 77.6400067,12.9784738 77.640008,12.9784581 77.6401844,12.9784693 77.6401871,12.978532</coordinates></LinearRing></outerBoundaryIs></Polygon></MultiGeometry>
  </Placemark>
  <Placemark>
	<Style><LineStyle><color>ff0000ff</color></LineStyle><PolyStyle><fill>0</fill></PolyStyle></Style>
	<ExtendedData><SchemaData schemaUrl="#amenity_parking_bengaluru_urban">
		<SimpleData name="full_id">w1213812869</SimpleData>
		<SimpleData name="osm_id">1213812869</SimpleData>
		<SimpleData name="osm_type">way</SimpleData>
		<SimpleData name="amenity">parking</SimpleData>
	</SchemaData></ExtendedData>
      <MultiGeometry><Polygon><outerBoundaryIs><LinearRing><coordinates>77.5847589,12.9113423 77.5847568,12.9110638 77.5853627,12.9110565 77.5853659,12.911334 77.5847589,12.9113423</coordinates></LinearRing></outerBoundaryIs></Polygon></MultiGeometry>
  </Placemark>
  <Placemark>
	<Style><LineStyle><color>ff0000ff</color></LineStyle><PolyStyle><fill>0</fill></PolyStyle></Style>
	<ExtendedData><SchemaData schemaUrl="#amenity_parking_bengaluru_urban">
		<SimpleData name="full_id">w1213822197</SimpleData>
		<SimpleData name="osm_id">1213822197</SimpleData>
		<SimpleData name="osm_type">way</SimpleData>
		<SimpleData name="amenity">parking</SimpleData>
		<SimpleData name="parking">surface</SimpleData>
	</SchemaData></ExtendedData>
      <MultiGeometry><Polygon><outerBoundaryIs><LinearRing><coordinates>77.652461,12.9136474 77.6527071,12.9136509 77.6527081,12.9135803 77.6524621,12.9135768 77.652461,12.9136474</coordinates></LinearRing></outerBoundaryIs></Polygon></MultiGeometry>
  </Placemark>
  <Placemark>
	<Style><LineStyle><color>ff0000ff</color></LineStyle><PolyStyle><fill>0</fill></PolyStyle></Style>
	<ExtendedData><SchemaData schemaUrl="#amenity_parking_bengaluru_urban">
		<SimpleData name="full_id">w1214864435</SimpleData>
		<SimpleData name="osm_id">1214864435</SimpleData>
		<SimpleData name="osm_type">way</SimpleData>
		<SimpleData name="amenity">parking</SimpleData>
	</SchemaData></ExtendedData>
      <MultiGeometry><Polygon><outerBoundaryIs><LinearRing><coordinates>77.7071833,12.965145 77.7073435,12.9651397 77.7075253,12.9651195 77.7075293,12.9650855 77.7074622,12.9650842 77.7074629,12.9649679 77.707186,12.9649685 77.7071833,12.965145</coordinates></LinearRing></outerBoundaryIs></Polygon></MultiGeometry>
  </Placemark>
  <Placemark>
	<Style><LineStyle><color>ff0000ff</color></LineStyle><PolyStyle><fill>0</fill></PolyStyle></Style>
	<ExtendedData><SchemaData schemaUrl="#amenity_parking_bengaluru_urban">
		<SimpleData name="full_id">w1215829543</SimpleData>
		<SimpleData name="osm_id">1215829543</SimpleData>
		<SimpleData name="osm_type">way</SimpleData>
		<SimpleData name="amenity">parking</SimpleData>
		<SimpleData name="parking">surface</SimpleData>
	</SchemaData></ExtendedData>
      <MultiGeometry><Polygon><outerBoundaryIs><LinearRing><coordinates>77.5803437,12.9289919 77.5806168,12.9289947 77.5806185,12.9288373 77.5806188,12.9288095 77.5802944,12.9288062 77.5802931,12.9289327 77.5803444,12.9289332 77.5803437,12.9289919</coordinates></LinearRing></outerBoundaryIs></Polygon></MultiGeometry>
  </Placemark>
  <Placemark>
	<Style><LineStyle><color>ff0000ff</color></LineStyle><PolyStyle><fill>0</fill></PolyStyle></Style>
	<ExtendedData><SchemaData schemaUrl="#amenity_parking_bengaluru_urban">
		<SimpleData name="full_id">w1215933840</SimpleData>
		<SimpleData name="osm_id">1215933840</SimpleData>
		<SimpleData name="osm_type">way</SimpleData>
		<SimpleData name="amenity">parking</SimpleData>
		<SimpleData name="surface">ground</SimpleData>
		<SimpleData name="parking">surface</SimpleData>
		<SimpleData name="fee">no</SimpleData>
		<SimpleData name="access">customers</SimpleData>
	</SchemaData></ExtendedData>
      <MultiGeometry><Polygon><outerBoundaryIs><LinearRing><coordinates>77.7459607,12.9567904 77.7460907,12.9567904 77.7460793,12.9565603 77.7459057,12.9565603 77.7459607,12.9567904</coordinates></LinearRing></outerBoundaryIs></Polygon></MultiGeometry>
  </Placemark>
  <Placemark>
	<Style><LineStyle><color>ff0000ff</color></LineStyle><PolyStyle><fill>0</fill></PolyStyle></Style>
	<ExtendedData><SchemaData schemaUrl="#amenity_parking_bengaluru_urban">
		<SimpleData name="full_id">w1216159267</SimpleData>
		<SimpleData name="osm_id">1216159267</SimpleData>
		<SimpleData name="osm_type">way</SimpleData>
		<SimpleData name="amenity">parking</SimpleData>
		<SimpleData name="parking">surface</SimpleData>
	</SchemaData></ExtendedData>
      <MultiGeometry><Polygon><outerBoundaryIs><LinearRing><coordinates>77.575163,12.9620077 77.5751089,12.9618806 77.574897,12.9619663 77.5749512,12.9620934 77.575163,12.9620077</coordinates></LinearRing></outerBoundaryIs></Polygon></MultiGeometry>
  </Placemark>
  <Placemark>
	<Style><LineStyle><color>ff0000ff</color></LineStyle><PolyStyle><fill>0</fill></PolyStyle></Style>
	<ExtendedData><SchemaData schemaUrl="#amenity_parking_bengaluru_urban">
		<SimpleData name="full_id">w1216164352</SimpleData>
		<SimpleData name="osm_id">1216164352</SimpleData>
		<SimpleData name="osm_type">way</SimpleData>
		<SimpleData name="amenity">parking</SimpleData>
	</SchemaData></ExtendedData>
      <MultiGeometry><Polygon><outerBoundaryIs><LinearRing><coordinates>77.5975709,12.889846 77.5976695,12.8898116 77.5975774,12.8895606 77.5974788,12.889595 77.5975709,12.889846</coordinates></LinearRing></outerBoundaryIs></Polygon></MultiGeometry>
  </Placemark>
  <Placemark>
	<Style><LineStyle><color>ff0000ff</color></LineStyle><PolyStyle><fill>0</fill></PolyStyle></Style>
	<ExtendedData><SchemaData schemaUrl="#amenity_parking_bengaluru_urban">
		<SimpleData name="full_id">w1216164359</SimpleData>
		<SimpleData name="osm_id">1216164359</SimpleData>
		<SimpleData name="osm_type">way</SimpleData>
		<SimpleData name="amenity">parking</SimpleData>
	</SchemaData></ExtendedData>
      <MultiGeometry><Polygon><outerBoundaryIs><LinearRing><coordinates>77.5963255,12.8887734 77.5962471,12.8885729 77.5968561,12.8883466 77.5969345,12.8885471 77.5963255,12.8887734</coordinates></LinearRing></outerBoundaryIs></Polygon></MultiGeometry>
  </Placemark>
  <Placemark>
	<Style><LineStyle><color>ff0000ff</color></LineStyle><PolyStyle><fill>0</fill></PolyStyle></Style>
	<ExtendedData><SchemaData schemaUrl="#amenity_parking_bengaluru_urban">
		<SimpleData name="full_id">w1216164360</SimpleData>
		<SimpleData name="osm_id">1216164360</SimpleData>
		<SimpleData name="osm_type">way</SimpleData>
		<SimpleData name="amenity">parking</SimpleData>
	</SchemaData></ExtendedData>
      <MultiGeometry><Polygon><outerBoundaryIs><LinearRing><coordinates>77.5959876,12.8864477 77.5966769,12.8864791 77.5966179,12.8860974 77.5959554,12.8860582 77.5959876,12.8864477</coordinates></LinearRing></outerBoundaryIs></Polygon></MultiGeometry>
  </Placemark>
  <Placemark>
	<Style><LineStyle><color>ff0000ff</color></LineStyle><PolyStyle><fill>0</fill></PolyStyle></Style>
	<ExtendedData><SchemaData schemaUrl="#amenity_parking_bengaluru_urban">
		<SimpleData name="full_id">w1216840045</SimpleData>
		<SimpleData name="osm_id">1216840045</SimpleData>
		<SimpleData name="osm_type">way</SimpleData>
		<SimpleData name="amenity">parking</SimpleData>
		<SimpleData name="parking">surface</SimpleData>
	</SchemaData></ExtendedData>
      <MultiGeometry><Polygon><outerBoundaryIs><LinearRing><coordinates>77.7081935,12.9742849 77.7082162,12.9742224 77.7081206,12.9741893 77.7082164,12.973926 77.7082884,12.9739509 77.7083151,12.9738773 77.7088,12.9740449 77.7087472,12.9741901 77.7087857,12.9742034 77.7086932,12.9744576 77.7081935,12.9742849</coordinates></LinearRing></outerBoundaryIs></Polygon></MultiGeometry>
  </Placemark>
  <Placemark>
	<Style><LineStyle><color>ff0000ff</color></LineStyle><PolyStyle><fill>0</fill></PolyStyle></Style>
	<ExtendedData><SchemaData schemaUrl="#amenity_parking_bengaluru_urban">
		<SimpleData name="full_id">w1217554963</SimpleData>
		<SimpleData name="osm_id">1217554963</SimpleData>
		<SimpleData name="osm_type">way</SimpleData>
		<SimpleData name="amenity">parking</SimpleData>
	</SchemaData></ExtendedData>
      <MultiGeometry><Polygon><outerBoundaryIs><LinearRing><coordinates>77.717437,12.955524 77.7176388,12.9555278 77.7176463,12.9551514 77.7174445,12.9551476 77.717437,12.955524</coordinates></LinearRing></outerBoundaryIs></Polygon></MultiGeometry>
  </Placemark>
  <Placemark>
	<Style><LineStyle><color>ff0000ff</color></LineStyle><PolyStyle><fill>0</fill></PolyStyle></Style>
	<ExtendedData><SchemaData schemaUrl="#amenity_parking_bengaluru_urban">
		<SimpleData name="full_id">w1217769079</SimpleData>
		<SimpleData name="osm_id">1217769079</SimpleData>
		<SimpleData name="osm_type">way</SimpleData>
		<SimpleData name="amenity">parking</SimpleData>
		<SimpleData name="parking">surface</SimpleData>
		<SimpleData name="fee">yes</SimpleData>
	</SchemaData></ExtendedData>
      <MultiGeometry><Polygon><outerBoundaryIs><LinearRing><coordinates>77.6060138,12.9720237 77.6060667,12.9719454 77.6060478,12.971816 77.6061606,12.9718127 77.6061901,12.971997 77.6060138,12.9720237</coordinates></LinearRing></outerBoundaryIs></Polygon></MultiGeometry>
  </Placemark>
  <Placemark>
	<Style><LineStyle><color>ff0000ff</color></LineStyle><PolyStyle><fill>0</fill></PolyStyle></Style>
	<ExtendedData><SchemaData schemaUrl="#amenity_parking_bengaluru_urban">
		<SimpleData name="full_id">w1217769147</SimpleData>
		<SimpleData name="osm_id">1217769147</SimpleData>
		<SimpleData name="osm_type">way</SimpleData>
		<SimpleData name="amenity">parking</SimpleData>
		<SimpleData name="orientation">parallel</SimpleData>
		<SimpleData name="parking">surface</SimpleData>
		<SimpleData name="fee">yes</SimpleData>
		<SimpleData name="access">private</SimpleData>
	</SchemaData></ExtendedData>
      <MultiGeometry><Polygon><outerBoundaryIs><LinearRing><coordinates>77.6041393,12.9755667 77.6041653,12.975561 77.6041042,12.9752982 77.6040782,12.9753039 77.6041393,12.9755667</coordinates></LinearRing></outerBoundaryIs></Polygon></MultiGeometry>
  </Placemark>
  <Placemark>
	<Style><LineStyle><color>ff0000ff</color></LineStyle><PolyStyle><fill>0</fill></PolyStyle></Style>
	<ExtendedData><SchemaData schemaUrl="#amenity_parking_bengaluru_urban">
		<SimpleData name="full_id">w1217945458</SimpleData>
		<SimpleData name="osm_id">1217945458</SimpleData>
		<SimpleData name="osm_type">way</SimpleData>
		<SimpleData name="amenity">parking</SimpleData>
		<SimpleData name="operator:type">private</SimpleData>
		<SimpleData name="building:levels">2</SimpleData>
		<SimpleData name="surface">concrete</SimpleData>
		<SimpleData name="operator">Prestige Lake Ridge</SimpleData>
		<SimpleData name="parking">underground</SimpleData>
		<SimpleData name="layer">-1</SimpleData>
		<SimpleData name="fee">no</SimpleData>
	</SchemaData></ExtendedData>
      <MultiGeometry><Polygon><outerBoundaryIs><LinearRing><coordinates>77.5413579,12.8944211 77.5417115,12.8944522 77.5416869,12.8947419 77.5416082,12.8949392 77.5414719,12.8949228 77.5413776,12.8955733 77.5411975,12.8955511 77.5411987,12.8955559 77.5412661,12.8958333 77.5412766,12.8958765 77.5412548,12.8959421 77.5411591,12.8959576 77.54119,12.8961094 77.5411337,12.8962501 77.5409829,12.8963006 77.541046,12.8965184 77.5410242,12.8965742 77.5406959,12.8966554 77.5407111,12.8967129 77.5405495,12.896801 77.5405217,12.8967506 77.5404902,12.896813 77.5404484,12.8968802 77.5402792,12.8969352 77.5400301,12.8967268 77.5400259,12.8966809 77.5400544,12.8966312 77.5400874,12.8965729 77.5401574,12.8964433 77.5400774,12.8964028 77.5398457,12.8962536 77.5397025,12.8961598 77.5393192,12.8958707 77.5393098,12.8958276 77.5393267,12.8957785 77.5395548,12.8953429 77.5399316,12.8952389 77.539862,12.8949467 77.5399007,12.8948499 77.5412727,12.8944855 77.5412607,12.8944551 77.5412575,12.8944265 77.5413579,12.8944211</coordinates></LinearRing></outerBoundaryIs></Polygon></MultiGeometry>
  </Placemark>
  <Placemark>
	<Style><LineStyle><color>ff0000ff</color></LineStyle><PolyStyle><fill>0</fill></PolyStyle></Style>
	<ExtendedData><SchemaData schemaUrl="#amenity_parking_bengaluru_urban">
		<SimpleData name="full_id">w1217945460</SimpleData>
		<SimpleData name="osm_id">1217945460</SimpleData>
		<SimpleData name="osm_type">way</SimpleData>
		<SimpleData name="amenity">parking</SimpleData>
		<SimpleData name="orientation">parallel</SimpleData>
		<SimpleData name="operator:type">private</SimpleData>
		<SimpleData name="capacity">8</SimpleData>
		<SimpleData name="surface">concrete</SimpleData>
		<SimpleData name="operator">Prestige Lake Ridge</SimpleData>
		<SimpleData name="parking">street_side</SimpleData>
		<SimpleData name="fee">no</SimpleData>
	</SchemaData></ExtendedData>
      <MultiGeometry><Polygon><outerBoundaryIs><LinearRing><coordinates>77.5410935,12.8962348 77.5411337,12.8962501 77.54119,12.8961094 77.5411591,12.8959576 77.5411102,12.8959671 77.5411407,12.8961169 77.5410935,12.8962348</coordinates></LinearRing></outerBoundaryIs></Polygon></MultiGeometry>
  </Placemark>
  <Placemark>
	<Style><LineStyle><color>ff0000ff</color></LineStyle><PolyStyle><fill>0</fill></PolyStyle></Style>
	<ExtendedData><SchemaData schemaUrl="#amenity_parking_bengaluru_urban">
		<SimpleData name="full_id">w1217945461</SimpleData>
		<SimpleData name="osm_id">1217945461</SimpleData>
		<SimpleData name="osm_type">way</SimpleData>
		<SimpleData name="amenity">parking</SimpleData>
		<SimpleData name="orientation">parallel</SimpleData>
		<SimpleData name="operator:type">private</SimpleData>
		<SimpleData name="capacity">10</SimpleData>
		<SimpleData name="surface">concrete</SimpleData>
		<SimpleData name="operator">Prestige Lake Ridge</SimpleData>
		<SimpleData name="parking">street_side</SimpleData>
		<SimpleData name="fee">no</SimpleData>
		<SimpleData name="access">private</SimpleData>
	</SchemaData></ExtendedData>
      <MultiGeometry><Polygon><outerBoundaryIs><LinearRing><coordinates>77.5412227,12.8958428 77.5411587,12.8955649 77.5411987,12.8955559 77.5412661,12.8958333 77.5412227,12.8958428</coordinates></LinearRing></outerBoundaryIs></Polygon></MultiGeometry>
  </Placemark>
  <Placemark>
	<Style><LineStyle><color>ff0000ff</color></LineStyle><PolyStyle><fill>0</fill></PolyStyle></Style>
	<ExtendedData><SchemaData schemaUrl="#amenity_parking_bengaluru_urban">
		<SimpleData name="full_id">w1217945462</SimpleData>
		<SimpleData name="osm_id">1217945462</SimpleData>
		<SimpleData name="osm_type">way</SimpleData>
		<SimpleData name="amenity">parking</SimpleData>
		<SimpleData name="orientation">perpendicular</SimpleData>
		<SimpleData name="operator:type">private</SimpleData>
		<SimpleData name="capacity">5</SimpleData>
		<SimpleData name="surface">concrete</SimpleData>
		<SimpleData name="operator">Prestige Lake Ridge</SimpleData>
		<SimpleData name="parking">street_side</SimpleData>
		<SimpleData name="fee">no</SimpleData>
		<SimpleData name="access">private</SimpleData>
	</SchemaData></ExtendedData>
      <MultiGeometry><Polygon><outerBoundaryIs><LinearRing><coordinates>77.5400544,12.8966312 77.5401006,12.8966553 77.5402035,12.8964673 77.5401574,12.8964433 77.5400544,12.8966312</coordinates></LinearRing></outerBoundaryIs></Polygon></MultiGeometry>
  </Placemark>
  <Placemark>
	<Style><LineStyle><color>ff0000ff</color></LineStyle><PolyStyle><fill>0</fill></PolyStyle></Style>
	<ExtendedData><SchemaData schemaUrl="#amenity_parking_bengaluru_urban">
		<SimpleData name="full_id">w1217945463</SimpleData>
		<SimpleData name="osm_id">1217945463</SimpleData>
		<SimpleData name="osm_type">way</SimpleData>
		<SimpleData name="amenity">parking</SimpleData>
		<SimpleData name="orientation">perpendicular</SimpleData>
		<SimpleData name="capacity">10</SimpleData>
		<SimpleData name="surface">concrete</SimpleData>
		<SimpleData name="operator">Prestige Lake Ridge</SimpleData>
		<SimpleData name="parking">street_side</SimpleData>
		<SimpleData name="fee">no</SimpleData>
		<SimpleData name="access">private</SimpleData>
	</SchemaData></ExtendedData>
      <MultiGeometry><Polygon><outerBoundaryIs><LinearRing><coordinates>77.5400774,12.8964028 77.5401023,12.8963687 77.5397271,12.896124 77.5397143,12.8961426 77.5397025,12.8961598 77.5400774,12.8964028</coordinates></LinearRing></outerBoundaryIs></Polygon></MultiGeometry>
  </Placemark>
  <Placemark>
	<Style><LineStyle><color>ff0000ff</color></LineStyle><PolyStyle><fill>0</fill></PolyStyle></Style>
	<ExtendedData><SchemaData schemaUrl="#amenity_parking_bengaluru_urban">
		<SimpleData name="full_id">w1218814305</SimpleData>
		<SimpleData name="osm_id">1218814305</SimpleData>
		<SimpleData name="osm_type">way</SimpleData>
		<SimpleData name="amenity">parking</SimpleData>
		<SimpleData name="access">customers</SimpleData>
	</SchemaData></ExtendedData>
      <MultiGeometry><Polygon><outerBoundaryIs><LinearRing><coordinates>77.5924803,12.9064077 77.5926345,12.9064094 77.5926337,12.9064828 77.5924794,12.9064811 77.5924803,12.9064077</coordinates></LinearRing></outerBoundaryIs></Polygon></MultiGeometry>
  </Placemark>
  <Placemark>
	<Style><LineStyle><color>ff0000ff</color></LineStyle><PolyStyle><fill>0</fill></PolyStyle></Style>
	<ExtendedData><SchemaData schemaUrl="#amenity_parking_bengaluru_urban">
		<SimpleData name="full_id">w1219030819</SimpleData>
		<SimpleData name="osm_id">1219030819</SimpleData>
		<SimpleData name="osm_type">way</SimpleData>
		<SimpleData name="amenity">parking</SimpleData>
		<SimpleData name="access">private</SimpleData>
	</SchemaData></ExtendedData>
      <MultiGeometry><Polygon><outerBoundaryIs><LinearRing><coordinates>77.610659,12.9306173 77.6106852,12.9305842 77.6109328,12.9307702 77.6109067,12.9308033 77.610659,12.9306173</coordinates></LinearRing></outerBoundaryIs></Polygon></MultiGeometry>
  </Placemark>
  <Placemark>
	<Style><LineStyle><color>ff0000ff</color></LineStyle><PolyStyle><fill>0</fill></PolyStyle></Style>
	<ExtendedData><SchemaData schemaUrl="#amenity_parking_bengaluru_urban">
		<SimpleData name="full_id">w1219030821</SimpleData>
		<SimpleData name="osm_id">1219030821</SimpleData>
		<SimpleData name="osm_type">way</SimpleData>
		<SimpleData name="amenity">parking</SimpleData>
		<SimpleData name="access">private</SimpleData>
	</SchemaData></ExtendedData>
      <MultiGeometry><Polygon><outerBoundaryIs><LinearRing><coordinates>77.6109325,12.9306936 77.6109758,12.9307259 77.6112417,12.9303871 77.6111984,12.9303548 77.6109325,12.9306936</coordinates></LinearRing></outerBoundaryIs></Polygon></MultiGeometry>
  </Placemark>
  <Placemark>
	<Style><LineStyle><color>ff0000ff</color></LineStyle><PolyStyle><fill>0</fill></PolyStyle></Style>
	<ExtendedData><SchemaData schemaUrl="#amenity_parking_bengaluru_urban">
		<SimpleData name="full_id">w1219030822</SimpleData>
		<SimpleData name="osm_id">1219030822</SimpleData>
		<SimpleData name="osm_type">way</SimpleData>
		<SimpleData name="amenity">parking</SimpleData>
		<SimpleData name="access">private</SimpleData>
	</SchemaData></ExtendedData>
      <MultiGeometry><Polygon><outerBoundaryIs><LinearRing><coordinates>77.6115494,12.9302626 77.6115862,12.9302581 77.6115347,12.9298518 77.611498,12.9298563 77.6115494,12.9302626</coordinates></LinearRing></outerBoundaryIs></Polygon></MultiGeometry>
  </Placemark>
  <Placemark>
	<Style><LineStyle><color>ff0000ff</color></LineStyle><PolyStyle><fill>0</fill></PolyStyle></Style>
	<ExtendedData><SchemaData schemaUrl="#amenity_parking_bengaluru_urban">
		<SimpleData name="full_id">w1219030823</SimpleData>
		<SimpleData name="osm_id">1219030823</SimpleData>
		<SimpleData name="osm_type">way</SimpleData>
		<SimpleData name="amenity">parking</SimpleData>
		<SimpleData name="access">private</SimpleData>
	</SchemaData></ExtendedData>
      <MultiGeometry><Polygon><outerBoundaryIs><LinearRing><coordinates>77.6105745,12.9298499 77.6106098,12.9298067 77.6109258,12.9300521 77.6108905,12.9300953 77.6105745,12.9298499</coordinates></LinearRing></outerBoundaryIs></Polygon></MultiGeometry>
  </Placemark>
  <Placemark>
	<Style><LineStyle><color>ff0000ff</color></LineStyle><PolyStyle><fill>0</fill></PolyStyle></Style>
	<ExtendedData><SchemaData schemaUrl="#amenity_parking_bengaluru_urban">
		<SimpleData name="full_id">w1219030828</SimpleData>
		<SimpleData name="osm_id">1219030828</SimpleData>
		<SimpleData name="osm_type">way</SimpleData>
		<SimpleData name="amenity">parking</SimpleData>
		<SimpleData name="parking">surface</SimpleData>
		<SimpleData name="access">private</SimpleData>
	</SchemaData></ExtendedData>
      <MultiGeometry><Polygon><outerBoundaryIs><LinearRing><coordinates>77.6108711,12.9293572 77.6108969,12.9293254 77.6113065,12.9296406 77.6112807,12.9296724 77.6108711,12.9293572</coordinates></LinearRing></outerBoundaryIs></Polygon></MultiGeometry>
  </Placemark>
  <Placemark>
	<name>Visitor Parking</name>
	<Style><LineStyle><color>ff0000ff</color></LineStyle><PolyStyle><fill>0</fill></PolyStyle></Style>
	<ExtendedData><SchemaData schemaUrl="#amenity_parking_bengaluru_urban">
		<SimpleData name="full_id">w1219030832</SimpleData>
		<SimpleData name="osm_id">1219030832</SimpleData>
		<SimpleData name="osm_type">way</SimpleData>
		<SimpleData name="amenity">parking</SimpleData>
		<SimpleData name="name:kn">ವಿಮಾನ ನಿಲ್ದಾಣ</SimpleData>
		<SimpleData name="access">private</SimpleData>
	</SchemaData></ExtendedData>
      <MultiGeometry><Polygon><outerBoundaryIs><LinearRing><coordinates>77.609979,12.93009 77.6100098,12.9300492 77.6102134,12.9301957 77.6101826,12.9302364 77.609979,12.93009</coordinates></LinearRing></outerBoundaryIs></Polygon></MultiGeometry>
  </Placemark>
  <Placemark>
	<Style><LineStyle><color>ff0000ff</color></LineStyle><PolyStyle><fill>0</fill></PolyStyle></Style>
	<ExtendedData><SchemaData schemaUrl="#amenity_parking_bengaluru_urban">
		<SimpleData name="full_id">w1219039453</SimpleData>
		<SimpleData name="osm_id">1219039453</SimpleData>
		<SimpleData name="osm_type">way</SimpleData>
		<SimpleData name="amenity">parking</SimpleData>
		<SimpleData name="access">private</SimpleData>
	</SchemaData></ExtendedData>
      <MultiGeometry><Polygon><outerBoundaryIs><LinearRing><coordinates>77.5960182,12.9401129 77.5960381,12.9399286 77.5968368,12.9400105 77.5968169,12.9401948 77.5960182,12.9401129</coordinates></LinearRing></outerBoundaryIs></Polygon></MultiGeometry>
  </Placemark>
  <Placemark>
	<name>Public Parking</name>
	<Style><LineStyle><color>ff0000ff</color></LineStyle><PolyStyle><fill>0</fill></PolyStyle></Style>
	<ExtendedData><SchemaData schemaUrl="#amenity_parking_bengaluru_urban">
		<SimpleData name="full_id">w1219039457</SimpleData>
		<SimpleData name="osm_id">1219039457</SimpleData>
		<SimpleData name="osm_type">way</SimpleData>
		<SimpleData name="amenity">parking</SimpleData>
		<SimpleData name="payment:cash">yes</SimpleData>
		<SimpleData name="smoothness">intermediate</SimpleData>
		<SimpleData name="lit">yes</SimpleData>
		<SimpleData name="surface">ground</SimpleData>
		<SimpleData name="supervised">yes</SimpleData>
		<SimpleData name="parking">surface</SimpleData>
		<SimpleData name="fee">yes</SimpleData>
		<SimpleData name="access">yes</SimpleData>
	</SchemaData></ExtendedData>
      <MultiGeometry><Polygon><outerBoundaryIs><LinearRing><coordinates>77.5947846,12.9427192 77.5947444,12.9426029 77.5947471,12.9420853 77.5947511,12.9420043 77.5950475,12.9422618 77.5951307,12.9422383 77.5953144,12.9422369 77.5952835,12.9425519 77.5951762,12.9426134 77.5949281,12.9427297 77.5948665,12.9427493 77.5947846,12.9427192</coordinates></LinearRing></outerBoundaryIs></Polygon></MultiGeometry>
  </Placemark>
  <Placemark>
	<Style><LineStyle><color>ff0000ff</color></LineStyle><PolyStyle><fill>0</fill></PolyStyle></Style>
	<ExtendedData><SchemaData schemaUrl="#amenity_parking_bengaluru_urban">
		<SimpleData name="full_id">w1219313059</SimpleData>
		<SimpleData name="osm_id">1219313059</SimpleData>
		<SimpleData name="osm_type">way</SimpleData>
		<SimpleData name="amenity">parking</SimpleData>
		<SimpleData name="parking">surface</SimpleData>
	</SchemaData></ExtendedData>
      <MultiGeometry><Polygon><outerBoundaryIs><LinearRing><coordinates>77.7200148,12.9664352 77.7200286,12.9661581 77.7202116,12.9661668 77.720216,12.9660786 77.7205749,12.9660956 77.7205567,12.9664609 77.7200148,12.9664352</coordinates></LinearRing></outerBoundaryIs></Polygon></MultiGeometry>
  </Placemark>
  <Placemark>
	<Style><LineStyle><color>ff0000ff</color></LineStyle><PolyStyle><fill>0</fill></PolyStyle></Style>
	<ExtendedData><SchemaData schemaUrl="#amenity_parking_bengaluru_urban">
		<SimpleData name="full_id">w1219331350</SimpleData>
		<SimpleData name="osm_id">1219331350</SimpleData>
		<SimpleData name="osm_type">way</SimpleData>
		<SimpleData name="amenity">parking</SimpleData>
		<SimpleData name="covered">yes</SimpleData>
		<SimpleData name="access">private</SimpleData>
	</SchemaData></ExtendedData>
      <MultiGeometry><Polygon><outerBoundaryIs><LinearRing><coordinates>77.708425,12.9834533 77.7084331,12.9833196 77.7085433,12.983326 77.7085352,12.9834597 77.708425,12.9834533</coordinates></LinearRing></outerBoundaryIs></Polygon></MultiGeometry>
  </Placemark>
  <Placemark>
	<Style><LineStyle><color>ff0000ff</color></LineStyle><PolyStyle><fill>0</fill></PolyStyle></Style>
	<ExtendedData><SchemaData schemaUrl="#amenity_parking_bengaluru_urban">
		<SimpleData name="full_id">w1219531064</SimpleData>
		<SimpleData name="osm_id">1219531064</SimpleData>
		<SimpleData name="osm_type">way</SimpleData>
		<SimpleData name="amenity">parking</SimpleData>
		<SimpleData name="parking">surface</SimpleData>
		<SimpleData name="access">private</SimpleData>
	</SchemaData></ExtendedData>
      <MultiGeometry><Polygon><outerBoundaryIs><LinearRing><coordinates>77.6904818,13.2013505 77.6904792,13.1996871 77.691603,13.1996854 77.6916057,13.2013488 77.6904818,13.2013505</coordinates></LinearRing></outerBoundaryIs></Polygon></MultiGeometry>
  </Placemark>
  <Placemark>
	<Style><LineStyle><color>ff0000ff</color></LineStyle><PolyStyle><fill>0</fill></PolyStyle></Style>
	<ExtendedData><SchemaData schemaUrl="#amenity_parking_bengaluru_urban">
		<SimpleData name="full_id">w1219569970</SimpleData>
		<SimpleData name="osm_id">1219569970</SimpleData>
		<SimpleData name="osm_type">way</SimpleData>
		<SimpleData name="amenity">parking</SimpleData>
		<SimpleData name="parking">surface</SimpleData>
		<SimpleData name="access">permissive</SimpleData>
	</SchemaData></ExtendedData>
      <MultiGeometry><Polygon><outerBoundaryIs><LinearRing><coordinates>77.4986178,12.9181393 77.4998116,12.9182004 77.4998445,12.9175917 77.4986505,12.9175305 77.4986178,12.9181393</coordinates></LinearRing></outerBoundaryIs></Polygon></MultiGeometry>
  </Placemark>
  <Placemark>
	<Style><LineStyle><color>ff0000ff</color></LineStyle><PolyStyle><fill>0</fill></PolyStyle></Style>
	<ExtendedData><SchemaData schemaUrl="#amenity_parking_bengaluru_urban">
		<SimpleData name="full_id">w1219998647</SimpleData>
		<SimpleData name="osm_id">1219998647</SimpleData>
		<SimpleData name="osm_type">way</SimpleData>
		<SimpleData name="amenity">parking</SimpleData>
		<SimpleData name="parking">surface</SimpleData>
	</SchemaData></ExtendedData>
      <MultiGeometry><Polygon><outerBoundaryIs><LinearRing><coordinates>77.5868938,12.906206 77.5870225,12.9062047 77.5870215,12.9061058 77.5868927,12.9061071 77.5868938,12.906206</coordinates></LinearRing></outerBoundaryIs></Polygon></MultiGeometry>
  </Placemark>
  <Placemark>
	<Style><LineStyle><color>ff0000ff</color></LineStyle><PolyStyle><fill>0</fill></PolyStyle></Style>
	<ExtendedData><SchemaData schemaUrl="#amenity_parking_bengaluru_urban">
		<SimpleData name="full_id">w1220567439</SimpleData>
		<SimpleData name="osm_id">1220567439</SimpleData>
		<SimpleData name="osm_type">way</SimpleData>
		<SimpleData name="amenity">parking</SimpleData>
		<SimpleData name="operator">BMRCL</SimpleData>
		<SimpleData name="parking">surface</SimpleData>
		<SimpleData name="access">customers</SimpleData>
	</SchemaData></ExtendedData>
      <MultiGeometry><Polygon><outerBoundaryIs><LinearRing><coordinates>77.5745407,12.9663931 77.5745351,12.9661324 77.5746713,12.9661296 77.5746741,12.9662584 77.5747888,12.9664911 77.574542,12.9664956 77.5745407,12.9663931</coordinates></LinearRing></outerBoundaryIs></Polygon></MultiGeometry>
  </Placemark>
  <Placemark>
	<Style><LineStyle><color>ff0000ff</color></LineStyle><PolyStyle><fill>0</fill></PolyStyle></Style>
	<ExtendedData><SchemaData schemaUrl="#amenity_parking_bengaluru_urban">
		<SimpleData name="full_id">w1220567449</SimpleData>
		<SimpleData name="osm_id">1220567449</SimpleData>
		<SimpleData name="osm_type">way</SimpleData>
		<SimpleData name="amenity">parking</SimpleData>
		<SimpleData name="operator">BMRCL</SimpleData>
		<SimpleData name="parking">surface</SimpleData>
		<SimpleData name="access">customers</SimpleData>
	</SchemaData></ExtendedData>
      <MultiGeometry><Polygon><outerBoundaryIs><LinearRing><coordinates>77.5744481,12.9674164 77.5743858,12.9672942 77.5749517,12.9670367 77.5749557,12.9672876 77.5749987,12.967287 77.5750016,12.9674692 77.574859,12.9675895 77.5748572,12.9674105 77.5747801,12.9674105 77.5747801,12.9674171 77.5747053,12.9674177 77.574705,12.9673706 77.5746131,12.9673712 77.5746134,12.9674117 77.5744481,12.9674164</coordinates></LinearRing></outerBoundaryIs></Polygon></MultiGeometry>
  </Placemark>
  <Placemark>
	<Style><LineStyle><color>ff0000ff</color></LineStyle><PolyStyle><fill>0</fill></PolyStyle></Style>
	<ExtendedData><SchemaData schemaUrl="#amenity_parking_bengaluru_urban">
		<SimpleData name="full_id">w1220972836</SimpleData>
		<SimpleData name="osm_id">1220972836</SimpleData>
		<SimpleData name="osm_type">way</SimpleData>
		<SimpleData name="amenity">parking</SimpleData>
		<SimpleData name="parking">surface</SimpleData>
	</SchemaData></ExtendedData>
      <MultiGeometry><Polygon><outerBoundaryIs><LinearRing><coordinates>77.7168105,12.9618393 77.7168627,12.9618383 77.7168607,12.9617411 77.7168086,12.9617421 77.7168105,12.9618393</coordinates></LinearRing></outerBoundaryIs></Polygon></MultiGeometry>
  </Placemark>
  <Placemark>
	<Style><LineStyle><color>ff0000ff</color></LineStyle><PolyStyle><fill>0</fill></PolyStyle></Style>
	<ExtendedData><SchemaData schemaUrl="#amenity_parking_bengaluru_urban">
		<SimpleData name="full_id">w1221235221</SimpleData>
		<SimpleData name="osm_id">1221235221</SimpleData>
		<SimpleData name="osm_type">way</SimpleData>
		<SimpleData name="amenity">parking</SimpleData>
		<SimpleData name="parking">surface</SimpleData>
	</SchemaData></ExtendedData>
      <MultiGeometry><Polygon><outerBoundaryIs><LinearRing><coordinates>77.6757599,12.931041 77.6757704,12.9307765 77.6759925,12.9307606 77.6761103,12.9310134 77.6757599,12.931041</coordinates></LinearRing></outerBoundaryIs></Polygon></MultiGeometry>
  </Placemark>
  <Placemark>
	<Style><LineStyle><color>ff0000ff</color></LineStyle><PolyStyle><fill>0</fill></PolyStyle></Style>
	<ExtendedData><SchemaData schemaUrl="#amenity_parking_bengaluru_urban">
		<SimpleData name="full_id">w1222892857</SimpleData>
		<SimpleData name="osm_id">1222892857</SimpleData>
		<SimpleData name="osm_type">way</SimpleData>
		<SimpleData name="amenity">parking</SimpleData>
		<SimpleData name="access">customers</SimpleData>
	</SchemaData></ExtendedData>
      <MultiGeometry><Polygon><outerBoundaryIs><LinearRing><coordinates>77.5921494,12.9478414 77.5927824,12.9482166 77.5928025,12.9481303 77.5928052,12.9480113 77.5927462,12.9476872 77.5926201,12.9478611 77.5922567,12.947665 77.5921494,12.9478414</coordinates></LinearRing></outerBoundaryIs></Polygon></MultiGeometry>
  </Placemark>
  <Placemark>
	<Style><LineStyle><color>ff0000ff</color></LineStyle><PolyStyle><fill>0</fill></PolyStyle></Style>
	<ExtendedData><SchemaData schemaUrl="#amenity_parking_bengaluru_urban">
		<SimpleData name="full_id">w1223113900</SimpleData>
		<SimpleData name="osm_id">1223113900</SimpleData>
		<SimpleData name="osm_type">way</SimpleData>
		<SimpleData name="amenity">parking</SimpleData>
		<SimpleData name="parking">surface</SimpleData>
	</SchemaData></ExtendedData>
      <MultiGeometry><Polygon><outerBoundaryIs><LinearRing><coordinates>77.7010211,12.9939817 77.7009503,12.9938311 77.7005879,12.9939821 77.700637,12.9940931 77.7010211,12.9939817</coordinates></LinearRing></outerBoundaryIs></Polygon></MultiGeometry>
  </Placemark>
  <Placemark>
	<Style><LineStyle><color>ff0000ff</color></LineStyle><PolyStyle><fill>0</fill></PolyStyle></Style>
	<ExtendedData><SchemaData schemaUrl="#amenity_parking_bengaluru_urban">
		<SimpleData name="full_id">w1225162207</SimpleData>
		<SimpleData name="osm_id">1225162207</SimpleData>
		<SimpleData name="osm_type">way</SimpleData>
		<SimpleData name="amenity">parking</SimpleData>
		<SimpleData name="parking">street_side</SimpleData>
		<SimpleData name="access">private</SimpleData>
	</SchemaData></ExtendedData>
      <MultiGeometry><Polygon><outerBoundaryIs><LinearRing><coordinates>77.7104085,12.9806398 77.7104172,12.9806001 77.7108231,12.9806845 77.7108145,12.9807241 77.7104085,12.9806398</coordinates></LinearRing></outerBoundaryIs></Polygon></MultiGeometry>
  </Placemark>
  <Placemark>
	<Style><LineStyle><color>ff0000ff</color></LineStyle><PolyStyle><fill>0</fill></PolyStyle></Style>
	<ExtendedData><SchemaData schemaUrl="#amenity_parking_bengaluru_urban">
		<SimpleData name="full_id">w1226234878</SimpleData>
		<SimpleData name="osm_id">1226234878</SimpleData>
		<SimpleData name="osm_type">way</SimpleData>
		<SimpleData name="amenity">parking</SimpleData>
		<SimpleData name="surface">ground</SimpleData>
		<SimpleData name="parking">surface</SimpleData>
		<SimpleData name="fee">no</SimpleData>
		<SimpleData name="access">customers</SimpleData>
	</SchemaData></ExtendedData>
      <MultiGeometry><Polygon><outerBoundaryIs><LinearRing><coordinates>77.6747695,12.9117844 77.6751436,12.9115746 77.6749217,12.9114321 77.6746561,12.9116367 77.6747695,12.9117844</coordinates></LinearRing></outerBoundaryIs></Polygon></MultiGeometry>
  </Placemark>
  <Placemark>
	<Style><LineStyle><color>ff0000ff</color></LineStyle><PolyStyle><fill>0</fill></PolyStyle></Style>
	<ExtendedData><SchemaData schemaUrl="#amenity_parking_bengaluru_urban">
		<SimpleData name="full_id">w1226725122</SimpleData>
		<SimpleData name="osm_id">1226725122</SimpleData>
		<SimpleData name="osm_type">way</SimpleData>
		<SimpleData name="amenity">parking</SimpleData>
	</SchemaData></ExtendedData>
      <MultiGeometry><Polygon><outerBoundaryIs><LinearRing><coordinates>77.6653999,12.9161047 77.6659061,12.915969 77.6658601,12.9158057 77.6657407,12.9158377 77.6657167,12.9157526 77.6653298,12.9158564 77.6653999,12.9161047</coordinates></LinearRing></outerBoundaryIs></Polygon></MultiGeometry>
  </Placemark>
  <Placemark>
	<Style><LineStyle><color>ff0000ff</color></LineStyle><PolyStyle><fill>0</fill></PolyStyle></Style>
	<ExtendedData><SchemaData schemaUrl="#amenity_parking_bengaluru_urban">
		<SimpleData name="full_id">w1228264083</SimpleData>
		<SimpleData name="osm_id">1228264083</SimpleData>
		<SimpleData name="osm_type">way</SimpleData>
		<SimpleData name="amenity">parking</SimpleData>
		<SimpleData name="parking">surface</SimpleData>
	</SchemaData></ExtendedData>
      <MultiGeometry><Polygon><outerBoundaryIs><LinearRing><coordinates>77.5601895,12.9883553 77.5602002,12.9881672 77.5602821,12.9881659 77.5602861,12.9880914 77.5603572,12.9880914 77.5603652,12.9883789 77.5601895,12.9883553</coordinates></LinearRing></outerBoundaryIs></Polygon></MultiGeometry>
  </Placemark>
  <Placemark>
	<Style><LineStyle><color>ff0000ff</color></LineStyle><PolyStyle><fill>0</fill></PolyStyle></Style>
	<ExtendedData><SchemaData schemaUrl="#amenity_parking_bengaluru_urban">
		<SimpleData name="full_id">w1228266388</SimpleData>
		<SimpleData name="osm_id">1228266388</SimpleData>
		<SimpleData name="osm_type">way</SimpleData>
		<SimpleData name="amenity">parking</SimpleData>
	</SchemaData></ExtendedData>
      <MultiGeometry><Polygon><outerBoundaryIs><LinearRing><coordinates>77.5730595,12.9772892 77.5730593,12.9772234 77.573216,12.9772229 77.5732154,12.9770504 77.5726902,12.9770522 77.5726911,12.9772904 77.5730595,12.9772892</coordinates></LinearRing></outerBoundaryIs></Polygon></MultiGeometry>
  </Placemark>
  <Placemark>
	<Style><LineStyle><color>ff0000ff</color></LineStyle><PolyStyle><fill>0</fill></PolyStyle></Style>
	<ExtendedData><SchemaData schemaUrl="#amenity_parking_bengaluru_urban">
		<SimpleData name="full_id">w1231129298</SimpleData>
		<SimpleData name="osm_id">1231129298</SimpleData>
		<SimpleData name="osm_type">way</SimpleData>
		<SimpleData name="amenity">parking</SimpleData>
		<SimpleData name="parking">surface</SimpleData>
	</SchemaData></ExtendedData>
      <MultiGeometry><Polygon><outerBoundaryIs><LinearRing><coordinates>77.5750835,12.9625463 77.574546,12.9628284 77.5743744,12.9632663 77.5746185,12.9633747 77.574715,12.9631826 77.5751139,12.9633684 77.575124,12.962855 77.5751766,12.9627821 77.5750835,12.9625463</coordinates></LinearRing></outerBoundaryIs></Polygon></MultiGeometry>
  </Placemark>
  <Placemark>
	<Style><LineStyle><color>ff0000ff</color></LineStyle><PolyStyle><fill>0</fill></PolyStyle></Style>
	<ExtendedData><SchemaData schemaUrl="#amenity_parking_bengaluru_urban">
		<SimpleData name="full_id">w1231715821</SimpleData>
		<SimpleData name="osm_id">1231715821</SimpleData>
		<SimpleData name="osm_type">way</SimpleData>
		<SimpleData name="amenity">parking</SimpleData>
		<SimpleData name="parking">surface</SimpleData>
	</SchemaData></ExtendedData>
      <MultiGeometry><Polygon><outerBoundaryIs><LinearRing><coordinates>77.5821729,13.0989167 77.5824626,13.0985719 77.5821662,13.0982741 77.5818323,13.0986633 77.5821729,13.0989167</coordinates></LinearRing></outerBoundaryIs></Polygon></MultiGeometry>
  </Placemark>
  <Placemark>
	<Style><LineStyle><color>ff0000ff</color></LineStyle><PolyStyle><fill>0</fill></PolyStyle></Style>
	<ExtendedData><SchemaData schemaUrl="#amenity_parking_bengaluru_urban">
		<SimpleData name="full_id">w1232079597</SimpleData>
		<SimpleData name="osm_id">1232079597</SimpleData>
		<SimpleData name="osm_type">way</SimpleData>
		<SimpleData name="amenity">parking</SimpleData>
		<SimpleData name="surface">ground</SimpleData>
		<SimpleData name="supervised">yes</SimpleData>
		<SimpleData name="parking">surface</SimpleData>
		<SimpleData name="access">customers</SimpleData>
	</SchemaData></ExtendedData>
      <MultiGeometry><Polygon><outerBoundaryIs><LinearRing><coordinates>77.7005487,12.9562908 77.70052,12.9561264 77.70069,12.9560672 77.7007423,12.9562463 77.7005487,12.9562908</coordinates></LinearRing></outerBoundaryIs></Polygon></MultiGeometry>
  </Placemark>
  <Placemark>
	<Style><LineStyle><color>ff0000ff</color></LineStyle><PolyStyle><fill>0</fill></PolyStyle></Style>
	<ExtendedData><SchemaData schemaUrl="#amenity_parking_bengaluru_urban">
		<SimpleData name="full_id">w1233514056</SimpleData>
		<SimpleData name="osm_id">1233514056</SimpleData>
		<SimpleData name="osm_type">way</SimpleData>
		<SimpleData name="amenity">parking</SimpleData>
		<SimpleData name="parking">surface</SimpleData>
		<SimpleData name="access">customers</SimpleData>
	</SchemaData></ExtendedData>
      <MultiGeometry><Polygon><outerBoundaryIs><LinearRing><coordinates>77.7141389,12.9812417 77.7143535,12.9812123 77.7141751,12.9810065 77.7141041,12.9810163 77.7141389,12.9812417</coordinates></LinearRing></outerBoundaryIs></Polygon></MultiGeometry>
  </Placemark>
  <Placemark>
	<name>RMZ NXT Visitor's Parking</name>
	<Style><LineStyle><color>ff0000ff</color></LineStyle><PolyStyle><fill>0</fill></PolyStyle></Style>
	<ExtendedData><SchemaData schemaUrl="#amenity_parking_bengaluru_urban">
		<SimpleData name="full_id">w1233518883</SimpleData>
		<SimpleData name="osm_id">1233518883</SimpleData>
		<SimpleData name="osm_type">way</SimpleData>
		<SimpleData name="amenity">parking</SimpleData>
		<SimpleData name="access">private</SimpleData>
	</SchemaData></ExtendedData>
      <MultiGeometry><Polygon><outerBoundaryIs><LinearRing><coordinates>77.7114359,12.9785653 77.7123962,12.9782745 77.7124156,12.9781674 77.711558,12.9782667 77.7114359,12.9785653</coordinates></LinearRing></outerBoundaryIs></Polygon></MultiGeometry>
  </Placemark>
  <Placemark>
	<Style><LineStyle><color>ff0000ff</color></LineStyle><PolyStyle><fill>0</fill></PolyStyle></Style>
	<ExtendedData><SchemaData schemaUrl="#amenity_parking_bengaluru_urban">
		<SimpleData name="full_id">w1233518894</SimpleData>
		<SimpleData name="osm_id">1233518894</SimpleData>
		<SimpleData name="osm_type">way</SimpleData>
		<SimpleData name="amenity">parking</SimpleData>
		<SimpleData name="parking">surface</SimpleData>
		<SimpleData name="access">private</SimpleData>
	</SchemaData></ExtendedData>
      <MultiGeometry><Polygon><outerBoundaryIs><LinearRing><coordinates>77.7137729,12.9802489 77.7141161,12.9802 77.714288,12.9801755 77.7142616,12.9800001 77.7140408,12.9800316 77.7140029,12.9797788 77.7138384,12.9798022 77.7138606,12.9799496 77.7137307,12.9799681 77.7137729,12.9802489</coordinates></LinearRing></outerBoundaryIs></Polygon></MultiGeometry>
  </Placemark>
  <Placemark>
	<Style><LineStyle><color>ff0000ff</color></LineStyle><PolyStyle><fill>0</fill></PolyStyle></Style>
	<ExtendedData><SchemaData schemaUrl="#amenity_parking_bengaluru_urban">
		<SimpleData name="full_id">w1233523922</SimpleData>
		<SimpleData name="osm_id">1233523922</SimpleData>
		<SimpleData name="osm_type">way</SimpleData>
		<SimpleData name="amenity">parking</SimpleData>
		<SimpleData name="parking">street_side</SimpleData>
		<SimpleData name="access">private</SimpleData>
	</SchemaData></ExtendedData>
      <MultiGeometry><Polygon><outerBoundaryIs><LinearRing><coordinates>77.7154076,12.9812522 77.7153748,12.9811561 77.715189,12.9811921 77.7150623,12.9811528 77.7150308,12.9811234 77.7150026,12.9810731 77.7149194,12.9806687 77.7148879,12.9806719 77.7149671,12.9811071 77.7149986,12.9811522 77.7150254,12.9811757 77.7151756,12.9812352 77.7153379,12.9812143 77.715358,12.9812731 77.7154076,12.9812522</coordinates></LinearRing></outerBoundaryIs></Polygon></MultiGeometry>
  </Placemark>
  <Placemark>
	<Style><LineStyle><color>ff0000ff</color></LineStyle><PolyStyle><fill>0</fill></PolyStyle></Style>
	<ExtendedData><SchemaData schemaUrl="#amenity_parking_bengaluru_urban">
		<SimpleData name="full_id">w1233523928</SimpleData>
		<SimpleData name="osm_id">1233523928</SimpleData>
		<SimpleData name="osm_type">way</SimpleData>
		<SimpleData name="amenity">parking</SimpleData>
		<SimpleData name="parking">street_side</SimpleData>
		<SimpleData name="access">private</SimpleData>
	</SchemaData></ExtendedData>
      <MultiGeometry><Polygon><outerBoundaryIs><LinearRing><coordinates>77.7165036,12.9808426 77.7164686,12.9808204 77.7166594,12.980534 77.7166945,12.9805561 77.7165036,12.9808426</coordinates></LinearRing></outerBoundaryIs></Polygon></MultiGeometry>
  </Placemark>
  <Placemark>
	<Style><LineStyle><color>ff0000ff</color></LineStyle><PolyStyle><fill>0</fill></PolyStyle></Style>
	<ExtendedData><SchemaData schemaUrl="#amenity_parking_bengaluru_urban">
		<SimpleData name="full_id">w1233523929</SimpleData>
		<SimpleData name="osm_id">1233523929</SimpleData>
		<SimpleData name="osm_type">way</SimpleData>
		<SimpleData name="amenity">parking</SimpleData>
		<SimpleData name="parking">street_side</SimpleData>
		<SimpleData name="access">private</SimpleData>
	</SchemaData></ExtendedData>
      <MultiGeometry><Polygon><outerBoundaryIs><LinearRing><coordinates>77.7170208,12.9808798 77.7170169,12.9809353 77.7168369,12.980951 77.7166777,12.9809772 77.7164829,12.980995 77.7163106,12.9809961 77.7163122,12.9809503 77.7170208,12.9808798</coordinates></LinearRing></outerBoundaryIs></Polygon></MultiGeometry>
  </Placemark>
  <Placemark>
	<Style><LineStyle><color>ff0000ff</color></LineStyle><PolyStyle><fill>0</fill></PolyStyle></Style>
	<ExtendedData><SchemaData schemaUrl="#amenity_parking_bengaluru_urban">
		<SimpleData name="full_id">w1233523930</SimpleData>
		<SimpleData name="osm_id">1233523930</SimpleData>
		<SimpleData name="osm_type">way</SimpleData>
		<SimpleData name="amenity">parking</SimpleData>
		<SimpleData name="access">private</SimpleData>
	</SchemaData></ExtendedData>
      <MultiGeometry><Polygon><outerBoundaryIs><LinearRing><coordinates>77.7162014,12.9809596 77.7162512,12.9810006 77.7163635,12.9810809 77.7159762,12.9816658 77.7158075,12.9815665 77.7162014,12.9809596</coordinates></LinearRing></outerBoundaryIs></Polygon></MultiGeometry>
  </Placemark>
  <Placemark>
	<Style><LineStyle><color>ff0000ff</color></LineStyle><PolyStyle><fill>0</fill></PolyStyle></Style>
	<ExtendedData><SchemaData schemaUrl="#amenity_parking_bengaluru_urban">
		<SimpleData name="full_id">w1233527832</SimpleData>
		<SimpleData name="osm_id">1233527832</SimpleData>
		<SimpleData name="osm_type">way</SimpleData>
		<SimpleData name="amenity">parking</SimpleData>
		<SimpleData name="access">private</SimpleData>
	</SchemaData></ExtendedData>
      <MultiGeometry><Polygon><outerBoundaryIs><LinearRing><coordinates>77.7201609,12.9807185 77.7201556,12.9806751 77.720307,12.9806575 77.7203123,12.980701 77.7201609,12.9807185</coordinates></LinearRing></outerBoundaryIs></Polygon></MultiGeometry>
  </Placemark>
  <Placemark>
	<Style><LineStyle><color>ff0000ff</color></LineStyle><PolyStyle><fill>0</fill></PolyStyle></Style>
	<ExtendedData><SchemaData schemaUrl="#amenity_parking_bengaluru_urban">
		<SimpleData name="full_id">w1233541854</SimpleData>
		<SimpleData name="osm_id">1233541854</SimpleData>
		<SimpleData name="osm_type">way</SimpleData>
		<SimpleData name="amenity">parking</SimpleData>
		<SimpleData name="parking">surface</SimpleData>
	</SchemaData></ExtendedData>
      <MultiGeometry><Polygon><outerBoundaryIs><LinearRing><coordinates>77.7304628,12.9597467 77.7304615,12.9596643 77.7311012,12.95965 77.7310958,12.9597715 77.7304628,12.9597467</coordinates></LinearRing></outerBoundaryIs></Polygon></MultiGeometry>
  </Placemark>
  <Placemark>
	<Style><LineStyle><color>ff0000ff</color></LineStyle><PolyStyle><fill>0</fill></PolyStyle></Style>
	<ExtendedData><SchemaData schemaUrl="#amenity_parking_bengaluru_urban">
		<SimpleData name="full_id">w1233541867</SimpleData>
		<SimpleData name="osm_id">1233541867</SimpleData>
		<SimpleData name="osm_type">way</SimpleData>
		<SimpleData name="amenity">parking</SimpleData>
		<SimpleData name="parking">surface</SimpleData>
		<SimpleData name="access">customers</SimpleData>
	</SchemaData></ExtendedData>
      <MultiGeometry><Polygon><outerBoundaryIs><LinearRing><coordinates>77.726756,12.9593363 77.7270538,12.959335 77.727043,12.9589978 77.7268553,12.9590043 77.726756,12.9593363</coordinates></LinearRing></outerBoundaryIs></Polygon></MultiGeometry>
  </Placemark>
  <Placemark>
	<Style><LineStyle><color>ff0000ff</color></LineStyle><PolyStyle><fill>0</fill></PolyStyle></Style>
	<ExtendedData><SchemaData schemaUrl="#amenity_parking_bengaluru_urban">
		<SimpleData name="full_id">w1233754522</SimpleData>
		<SimpleData name="osm_id">1233754522</SimpleData>
		<SimpleData name="osm_type">way</SimpleData>
		<SimpleData name="amenity">parking</SimpleData>
		<SimpleData name="parking">surface</SimpleData>
		<SimpleData name="access">permissive</SimpleData>
	</SchemaData></ExtendedData>
      <MultiGeometry><Polygon><outerBoundaryIs><LinearRing><coordinates>77.5878857,13.099952 77.5880214,13.1000084 77.5881445,13.0997278 77.5880088,13.0996714 77.5878857,13.099952</coordinates></LinearRing></outerBoundaryIs></Polygon></MultiGeometry>
  </Placemark>
  <Placemark>
	<Style><LineStyle><color>ff0000ff</color></LineStyle><PolyStyle><fill>0</fill></PolyStyle></Style>
	<ExtendedData><SchemaData schemaUrl="#amenity_parking_bengaluru_urban">
		<SimpleData name="full_id">w1234091086</SimpleData>
		<SimpleData name="osm_id">1234091086</SimpleData>
		<SimpleData name="osm_type">way</SimpleData>
		<SimpleData name="amenity">parking</SimpleData>
		<SimpleData name="parking">surface</SimpleData>
		<SimpleData name="access">customers</SimpleData>
	</SchemaData></ExtendedData>
      <MultiGeometry><Polygon><outerBoundaryIs><LinearRing><coordinates>77.6682478,12.9223733 77.6682584,12.9223509 77.6685563,12.9224847 77.6685457,12.9225071 77.6682478,12.9223733</coordinates></LinearRing></outerBoundaryIs></Polygon></MultiGeometry>
  </Placemark>
  <Placemark>
	<Style><LineStyle><color>ff0000ff</color></LineStyle><PolyStyle><fill>0</fill></PolyStyle></Style>
	<ExtendedData><SchemaData schemaUrl="#amenity_parking_bengaluru_urban">
		<SimpleData name="full_id">w1234104603</SimpleData>
		<SimpleData name="osm_id">1234104603</SimpleData>
		<SimpleData name="osm_type">way</SimpleData>
		<SimpleData name="amenity">parking</SimpleData>
		<SimpleData name="parking">surface</SimpleData>
		<SimpleData name="access">permissive</SimpleData>
	</SchemaData></ExtendedData>
      <MultiGeometry><Polygon><outerBoundaryIs><LinearRing><coordinates>77.69879,12.9665139 77.6992875,12.966578 77.6993336,12.9662383 77.698836,12.9661743 77.69879,12.9665139</coordinates></LinearRing></outerBoundaryIs></Polygon></MultiGeometry>
  </Placemark>
  <Placemark>
	<Style><LineStyle><color>ff0000ff</color></LineStyle><PolyStyle><fill>0</fill></PolyStyle></Style>
	<ExtendedData><SchemaData schemaUrl="#amenity_parking_bengaluru_urban">
		<SimpleData name="full_id">w1234946462</SimpleData>
		<SimpleData name="osm_id">1234946462</SimpleData>
		<SimpleData name="osm_type">way</SimpleData>
		<SimpleData name="amenity">parking</SimpleData>
		<SimpleData name="surface">paving_stones</SimpleData>
		<SimpleData name="parking">surface</SimpleData>
		<SimpleData name="fee">no</SimpleData>
		<SimpleData name="access">customers</SimpleData>
	</SchemaData></ExtendedData>
      <MultiGeometry><Polygon><outerBoundaryIs><LinearRing><coordinates>77.6972025,12.9421915 77.697255,12.9422869 77.6972774,12.9422752 77.6972249,12.9421798 77.6972025,12.9421915</coordinates></LinearRing></outerBoundaryIs></Polygon></MultiGeometry>
  </Placemark>
  <Placemark>
	<Style><LineStyle><color>ff0000ff</color></LineStyle><PolyStyle><fill>0</fill></PolyStyle></Style>
	<ExtendedData><SchemaData schemaUrl="#amenity_parking_bengaluru_urban">
		<SimpleData name="full_id">w1235735234</SimpleData>
		<SimpleData name="osm_id">1235735234</SimpleData>
		<SimpleData name="osm_type">way</SimpleData>
		<SimpleData name="amenity">parking</SimpleData>
		<SimpleData name="parking">surface</SimpleData>
		<SimpleData name="access">permissive</SimpleData>
	</SchemaData></ExtendedData>
      <MultiGeometry><Polygon><outerBoundaryIs><LinearRing><coordinates>77.7013554,12.9862165 77.7014034,12.9862028 77.7012619,12.9857335 77.700973,12.9858162 77.7011144,12.9862855 77.7013554,12.9862165</coordinates></LinearRing></outerBoundaryIs></Polygon></MultiGeometry>
  </Placemark>
  <Placemark>
	<Style><LineStyle><color>ff0000ff</color></LineStyle><PolyStyle><fill>0</fill></PolyStyle></Style>
	<ExtendedData><SchemaData schemaUrl="#amenity_parking_bengaluru_urban">
		<SimpleData name="full_id">w1235836659</SimpleData>
		<SimpleData name="osm_id">1235836659</SimpleData>
		<SimpleData name="osm_type">way</SimpleData>
		<SimpleData name="amenity">parking</SimpleData>
		<SimpleData name="parking">surface</SimpleData>
		<SimpleData name="fee">yes</SimpleData>
		<SimpleData name="access">private</SimpleData>
	</SchemaData></ExtendedData>
      <MultiGeometry><Polygon><outerBoundaryIs><LinearRing><coordinates>77.6085734,12.9758213 77.6084416,12.9753768 77.6089887,12.9752228 77.6091205,12.9756672 77.6085734,12.9758213</coordinates></LinearRing></outerBoundaryIs></Polygon></MultiGeometry>
  </Placemark>
  <Placemark>
	<Style><LineStyle><color>ff0000ff</color></LineStyle><PolyStyle><fill>0</fill></PolyStyle></Style>
	<ExtendedData><SchemaData schemaUrl="#amenity_parking_bengaluru_urban">
		<SimpleData name="full_id">w1235836664</SimpleData>
		<SimpleData name="osm_id">1235836664</SimpleData>
		<SimpleData name="osm_type">way</SimpleData>
		<SimpleData name="amenity">parking</SimpleData>
		<SimpleData name="parking">surface</SimpleData>
		<SimpleData name="access">customers</SimpleData>
	</SchemaData></ExtendedData>
      <MultiGeometry><Polygon><outerBoundaryIs><LinearRing><coordinates>77.6142756,12.9812558 77.6142632,12.9810943 77.6143226,12.981085 77.6143365,12.9812506 77.6142756,12.9812558</coordinates></LinearRing></outerBoundaryIs></Polygon></MultiGeometry>
  </Placemark>
  <Placemark>
	<Style><LineStyle><color>ff0000ff</color></LineStyle><PolyStyle><fill>0</fill></PolyStyle></Style>
	<ExtendedData><SchemaData schemaUrl="#amenity_parking_bengaluru_urban">
		<SimpleData name="full_id">w1235836665</SimpleData>
		<SimpleData name="osm_id">1235836665</SimpleData>
		<SimpleData name="osm_type">way</SimpleData>
		<SimpleData name="amenity">parking</SimpleData>
		<SimpleData name="parking">surface</SimpleData>
		<SimpleData name="access">customers</SimpleData>
	</SchemaData></ExtendedData>
      <MultiGeometry><Polygon><outerBoundaryIs><LinearRing><coordinates>77.6143781,12.9810798 77.6143673,12.9809918 77.6144762,12.9809453 77.6145384,12.9809364 77.6145481,12.9810638 77.6143781,12.9810798</coordinates></LinearRing></outerBoundaryIs></Polygon></MultiGeometry>
  </Placemark>
  <Placemark>
	<Style><LineStyle><color>ff0000ff</color></LineStyle><PolyStyle><fill>0</fill></PolyStyle></Style>
	<ExtendedData><SchemaData schemaUrl="#amenity_parking_bengaluru_urban">
		<SimpleData name="full_id">w1235866764</SimpleData>
		<SimpleData name="osm_id">1235866764</SimpleData>
		<SimpleData name="osm_type">way</SimpleData>
		<SimpleData name="amenity">parking</SimpleData>
		<SimpleData name="parking">surface</SimpleData>
		<SimpleData name="access">private</SimpleData>
	</SchemaData></ExtendedData>
      <MultiGeometry><Polygon><outerBoundaryIs><LinearRing><coordinates>77.6251133,12.9995219 77.6251854,12.9994745 77.6249202,12.9990719 77.6247858,12.9989629 77.6246595,12.9990736 77.6251133,12.9995219</coordinates></LinearRing></outerBoundaryIs></Polygon></MultiGeometry>
  </Placemark>
  <Placemark>
	<Style><LineStyle><color>ff0000ff</color></LineStyle><PolyStyle><fill>0</fill></PolyStyle></Style>
	<ExtendedData><SchemaData schemaUrl="#amenity_parking_bengaluru_urban">
		<SimpleData name="full_id">w1235866773</SimpleData>
		<SimpleData name="osm_id">1235866773</SimpleData>
		<SimpleData name="osm_type">way</SimpleData>
		<SimpleData name="amenity">parking</SimpleData>
		<SimpleData name="parking">surface</SimpleData>
		<SimpleData name="access">private</SimpleData>
	</SchemaData></ExtendedData>
      <MultiGeometry><Polygon><outerBoundaryIs><LinearRing><coordinates>77.6256227,12.9957104 77.6260361,12.995514 77.626149,12.9960341 77.6257583,12.9960341 77.6256227,12.9957104</coordinates></LinearRing></outerBoundaryIs></Polygon></MultiGeometry>
  </Placemark>
  <Placemark>
	<name>Urbanrise Parking</name>
	<Style><LineStyle><color>ff0000ff</color></LineStyle><PolyStyle><fill>0</fill></PolyStyle></Style>
	<ExtendedData><SchemaData schemaUrl="#amenity_parking_bengaluru_urban">
		<SimpleData name="full_id">w1236087654</SimpleData>
		<SimpleData name="osm_id">1236087654</SimpleData>
		<SimpleData name="osm_type">way</SimpleData>
		<SimpleData name="amenity">parking</SimpleData>
		<SimpleData name="parking">surface</SimpleData>
		<SimpleData name="access">private</SimpleData>
	</SchemaData></ExtendedData>
      <MultiGeometry><Polygon><outerBoundaryIs><LinearRing><coordinates>77.6440957,12.9154589 77.644081,12.915355 77.6439241,12.9153792 77.6439402,12.9154609 77.6440957,12.9154589</coordinates></LinearRing></outerBoundaryIs></Polygon></MultiGeometry>
  </Placemark>
  <Placemark>
	<Style><LineStyle><color>ff0000ff</color></LineStyle><PolyStyle><fill>0</fill></PolyStyle></Style>
	<ExtendedData><SchemaData schemaUrl="#amenity_parking_bengaluru_urban">
		<SimpleData name="full_id">w1236975225</SimpleData>
		<SimpleData name="osm_id">1236975225</SimpleData>
		<SimpleData name="osm_type">way</SimpleData>
		<SimpleData name="amenity">parking</SimpleData>
		<SimpleData name="parking">surface</SimpleData>
		<SimpleData name="fee">yes</SimpleData>
	</SchemaData></ExtendedData>
      <MultiGeometry><Polygon><outerBoundaryIs><LinearRing><coordinates>77.7324099,12.9566862 77.7324104,12.9566494 77.7326835,12.956653 77.732683,12.9566898 77.7324099,12.9566862</coordinates></LinearRing></outerBoundaryIs></Polygon></MultiGeometry>
  </Placemark>
  <Placemark>
	<Style><LineStyle><color>ff0000ff</color></LineStyle><PolyStyle><fill>0</fill></PolyStyle></Style>
	<ExtendedData><SchemaData schemaUrl="#amenity_parking_bengaluru_urban">
		<SimpleData name="full_id">w1237434577</SimpleData>
		<SimpleData name="osm_id">1237434577</SimpleData>
		<SimpleData name="osm_type">way</SimpleData>
		<SimpleData name="amenity">parking</SimpleData>
		<SimpleData name="parking">surface</SimpleData>
	</SchemaData></ExtendedData>
      <MultiGeometry><Polygon><outerBoundaryIs><LinearRing><coordinates>77.6278967,12.9395769 77.6281039,12.9396188 77.6281268,12.9395109 77.6279196,12.939469 77.6278967,12.9395769</coordinates></LinearRing></outerBoundaryIs></Polygon></MultiGeometry>
  </Placemark>
  <Placemark>
	<Style><LineStyle><color>ff0000ff</color></LineStyle><PolyStyle><fill>0</fill></PolyStyle></Style>
	<ExtendedData><SchemaData schemaUrl="#amenity_parking_bengaluru_urban">
		<SimpleData name="full_id">w1237972009</SimpleData>
		<SimpleData name="osm_id">1237972009</SimpleData>
		<SimpleData name="osm_type">way</SimpleData>
		<SimpleData name="amenity">parking</SimpleData>
		<SimpleData name="parking">surface</SimpleData>
	</SchemaData></ExtendedData>
      <MultiGeometry><Polygon><outerBoundaryIs><LinearRing><coordinates>77.5304173,12.8620031 77.5305713,12.8619247 77.5303289,12.8614974 77.5301635,12.8614504 77.5301173,12.8614684 77.5304173,12.8620031</coordinates></LinearRing></outerBoundaryIs></Polygon></MultiGeometry>
  </Placemark>
  <Placemark>
	<Style><LineStyle><color>ff0000ff</color></LineStyle><PolyStyle><fill>0</fill></PolyStyle></Style>
	<ExtendedData><SchemaData schemaUrl="#amenity_parking_bengaluru_urban">
		<SimpleData name="full_id">w1237972011</SimpleData>
		<SimpleData name="osm_id">1237972011</SimpleData>
		<SimpleData name="osm_type">way</SimpleData>
		<SimpleData name="amenity">parking</SimpleData>
		<SimpleData name="parking">surface</SimpleData>
	</SchemaData></ExtendedData>
      <MultiGeometry><Polygon><outerBoundaryIs><LinearRing><coordinates>77.5293012,12.861642 77.5292082,12.861403 77.5288603,12.8615317 77.5289464,12.8617529 77.5290535,12.8617133 77.5290604,12.8617311 77.5293012,12.861642</coordinates></LinearRing></outerBoundaryIs></Polygon></MultiGeometry>
  </Placemark>
  <Placemark>
	<Style><LineStyle><color>ff0000ff</color></LineStyle><PolyStyle><fill>0</fill></PolyStyle></Style>
	<ExtendedData><SchemaData schemaUrl="#amenity_parking_bengaluru_urban">
		<SimpleData name="full_id">w1238498368</SimpleData>
		<SimpleData name="osm_id">1238498368</SimpleData>
		<SimpleData name="osm_type">way</SimpleData>
		<SimpleData name="amenity">parking</SimpleData>
		<SimpleData name="parking">street_side</SimpleData>
		<SimpleData name="access">private</SimpleData>
	</SchemaData></ExtendedData>
      <MultiGeometry><Polygon><outerBoundaryIs><LinearRing><coordinates>77.6900547,12.941345 77.6900865,12.9413223 77.6898974,12.9410711 77.6898657,12.9410938 77.6900547,12.941345</coordinates></LinearRing></outerBoundaryIs></Polygon></MultiGeometry>
  </Placemark>
  <Placemark>
	<Style><LineStyle><color>ff0000ff</color></LineStyle><PolyStyle><fill>0</fill></PolyStyle></Style>
	<ExtendedData><SchemaData schemaUrl="#amenity_parking_bengaluru_urban">
		<SimpleData name="full_id">w1238498371</SimpleData>
		<SimpleData name="osm_id">1238498371</SimpleData>
		<SimpleData name="osm_type">way</SimpleData>
		<SimpleData name="amenity">parking</SimpleData>
		<SimpleData name="parking">street_side</SimpleData>
		<SimpleData name="access">private</SimpleData>
	</SchemaData></ExtendedData>
      <MultiGeometry><Polygon><outerBoundaryIs><LinearRing><coordinates>77.690054,12.94119 77.6900877,12.9411653 77.6899583,12.9409971 77.6899246,12.9410217 77.690054,12.94119</coordinates></LinearRing></outerBoundaryIs></Polygon></MultiGeometry>
  </Placemark>
  <Placemark>
	<Style><LineStyle><color>ff0000ff</color></LineStyle><PolyStyle><fill>0</fill></PolyStyle></Style>
	<ExtendedData><SchemaData schemaUrl="#amenity_parking_bengaluru_urban">
		<SimpleData name="full_id">w1238498375</SimpleData>
		<SimpleData name="osm_id">1238498375</SimpleData>
		<SimpleData name="osm_type">way</SimpleData>
		<SimpleData name="amenity">parking</SimpleData>
		<SimpleData name="parking">surface</SimpleData>
		<SimpleData name="access">permissive</SimpleData>
	</SchemaData></ExtendedData>
      <MultiGeometry><Polygon><outerBoundaryIs><LinearRing><coordinates>77.6904696,12.9429795 77.690579,12.943045 77.690709,12.9428388 77.6905995,12.9427733 77.6904696,12.9429795</coordinates></LinearRing></outerBoundaryIs></Polygon></MultiGeometry>
  </Placemark>
  <Placemark>
	<Style><LineStyle><color>ff0000ff</color></LineStyle><PolyStyle><fill>0</fill></PolyStyle></Style>
	<ExtendedData><SchemaData schemaUrl="#amenity_parking_bengaluru_urban">
		<SimpleData name="full_id">w1238636319</SimpleData>
		<SimpleData name="osm_id">1238636319</SimpleData>
		<SimpleData name="osm_type">way</SimpleData>
		<SimpleData name="amenity">parking</SimpleData>
		<SimpleData name="parking">surface</SimpleData>
		<SimpleData name="access">customers</SimpleData>
	</SchemaData></ExtendedData>
      <MultiGeometry><Polygon><outerBoundaryIs><LinearRing><coordinates>77.6127752,12.9163635 77.6129174,12.9163616 77.6129146,12.9161645 77.6127724,12.9161665 77.6127752,12.9163635</coordinates></LinearRing></outerBoundaryIs></Polygon></MultiGeometry>
  </Placemark>
  <Placemark>
	<Style><LineStyle><color>ff0000ff</color></LineStyle><PolyStyle><fill>0</fill></PolyStyle></Style>
	<ExtendedData><SchemaData schemaUrl="#amenity_parking_bengaluru_urban">
		<SimpleData name="full_id">w1238901224</SimpleData>
		<SimpleData name="osm_id">1238901224</SimpleData>
		<SimpleData name="osm_type">way</SimpleData>
		<SimpleData name="amenity">parking</SimpleData>
		<SimpleData name="parking">street_side</SimpleData>
		<SimpleData name="access">private</SimpleData>
	</SchemaData></ExtendedData>
      <MultiGeometry><Polygon><outerBoundaryIs><LinearRing><coordinates>77.6988308,12.9765985 77.6988719,12.9765806 77.6987991,12.9764228 77.6987581,12.9764408 77.6988308,12.9765985</coordinates></LinearRing></outerBoundaryIs></Polygon></MultiGeometry>
  </Placemark>
  <Placemark>
	<Style><LineStyle><color>ff0000ff</color></LineStyle><PolyStyle><fill>0</fill></PolyStyle></Style>
	<ExtendedData><SchemaData schemaUrl="#amenity_parking_bengaluru_urban">
		<SimpleData name="full_id">w1238901232</SimpleData>
		<SimpleData name="osm_id">1238901232</SimpleData>
		<SimpleData name="osm_type">way</SimpleData>
		<SimpleData name="amenity">parking</SimpleData>
		<SimpleData name="parking">street_side</SimpleData>
		<SimpleData name="access">private</SimpleData>
	</SchemaData></ExtendedData>
      <MultiGeometry><Polygon><outerBoundaryIs><LinearRing><coordinates>77.6988658,12.9756575 77.6989217,12.9756341 77.6988092,12.9753788 77.6986476,12.9754464 77.6986691,12.9754953 77.6987749,12.975451 77.6988658,12.9756575</coordinates></LinearRing></outerBoundaryIs></Polygon></MultiGeometry>
  </Placemark>
  <Placemark>
	<Style><LineStyle><color>ff0000ff</color></LineStyle><PolyStyle><fill>0</fill></PolyStyle></Style>
	<ExtendedData><SchemaData schemaUrl="#amenity_parking_bengaluru_urban">
		<SimpleData name="full_id">w1238901236</SimpleData>
		<SimpleData name="osm_id">1238901236</SimpleData>
		<SimpleData name="osm_type">way</SimpleData>
		<SimpleData name="amenity">parking</SimpleData>
		<SimpleData name="parking">surface</SimpleData>
	</SchemaData></ExtendedData>
      <MultiGeometry><Polygon><outerBoundaryIs><LinearRing><coordinates>77.6973866,12.9748198 77.6979498,12.9737964 77.6978369,12.9736608 77.6973787,12.9739128 77.6975074,12.9744539 77.6973092,12.9745102 77.6973866,12.9748198</coordinates></LinearRing></outerBoundaryIs></Polygon></MultiGeometry>
  </Placemark>
  <Placemark>
	<Style><LineStyle><color>ff0000ff</color></LineStyle><PolyStyle><fill>0</fill></PolyStyle></Style>
	<ExtendedData><SchemaData schemaUrl="#amenity_parking_bengaluru_urban">
		<SimpleData name="full_id">w1238904211</SimpleData>
		<SimpleData name="osm_id">1238904211</SimpleData>
		<SimpleData name="osm_type">way</SimpleData>
		<SimpleData name="amenity">parking</SimpleData>
		<SimpleData name="parking">surface</SimpleData>
		<SimpleData name="access">private</SimpleData>
	</SchemaData></ExtendedData>
      <MultiGeometry><Polygon><outerBoundaryIs><LinearRing><coordinates>77.7262757,12.9718981 77.7266905,12.9718286 77.7266668,12.9711876 77.7262264,12.9712588 77.7262757,12.9718981</coordinates></LinearRing></outerBoundaryIs></Polygon></MultiGeometry>
  </Placemark>
  <Placemark>
	<Style><LineStyle><color>ff0000ff</color></LineStyle><PolyStyle><fill>0</fill></PolyStyle></Style>
	<ExtendedData><SchemaData schemaUrl="#amenity_parking_bengaluru_urban">
		<SimpleData name="full_id">w1238904217</SimpleData>
		<SimpleData name="osm_id">1238904217</SimpleData>
		<SimpleData name="osm_type">way</SimpleData>
		<SimpleData name="amenity">parking</SimpleData>
		<SimpleData name="parking">surface</SimpleData>
		<SimpleData name="access">private</SimpleData>
	</SchemaData></ExtendedData>
      <MultiGeometry><Polygon><outerBoundaryIs><LinearRing><coordinates>77.728748,12.9732552 77.7292925,12.9738634 77.7294186,12.9737679 77.7295365,12.9737178 77.7298303,12.9735852 77.7298718,12.9735512 77.7298984,12.9735107 77.729656,12.9732196 77.7295332,12.9731646 77.7289555,12.9732374 77.728748,12.9732552</coordinates></LinearRing></outerBoundaryIs></Polygon></MultiGeometry>
  </Placemark>
  <Placemark>
	<Style><LineStyle><color>ff0000ff</color></LineStyle><PolyStyle><fill>0</fill></PolyStyle></Style>
	<ExtendedData><SchemaData schemaUrl="#amenity_parking_bengaluru_urban">
		<SimpleData name="full_id">w1239461209</SimpleData>
		<SimpleData name="osm_id">1239461209</SimpleData>
		<SimpleData name="osm_type">way</SimpleData>
		<SimpleData name="amenity">parking</SimpleData>
	</SchemaData></ExtendedData>
      <MultiGeometry><Polygon><outerBoundaryIs><LinearRing><coordinates>77.5116235,12.8160382 77.5116578,12.8157808 77.51213,12.8153078 77.5123232,12.8151069 77.5126837,12.8158268 77.5116235,12.8160382</coordinates></LinearRing></outerBoundaryIs></Polygon></MultiGeometry>
  </Placemark>
  <Placemark>
	<Style><LineStyle><color>ff0000ff</color></LineStyle><PolyStyle><fill>0</fill></PolyStyle></Style>
	<ExtendedData><SchemaData schemaUrl="#amenity_parking_bengaluru_urban">
		<SimpleData name="full_id">w1239808091</SimpleData>
		<SimpleData name="osm_id">1239808091</SimpleData>
		<SimpleData name="osm_type">way</SimpleData>
		<SimpleData name="amenity">parking</SimpleData>
		<SimpleData name="parking">surface</SimpleData>
		<SimpleData name="access">permissive</SimpleData>
	</SchemaData></ExtendedData>
      <MultiGeometry><Polygon><outerBoundaryIs><LinearRing><coordinates>77.6441091,13.192353 77.6448923,13.1923569 77.6448931,13.1922121 77.6441099,13.1922082 77.6441091,13.192353</coordinates></LinearRing></outerBoundaryIs></Polygon></MultiGeometry>
  </Placemark>
  <Placemark>
	<Style><LineStyle><color>ff0000ff</color></LineStyle><PolyStyle><fill>0</fill></PolyStyle></Style>
	<ExtendedData><SchemaData schemaUrl="#amenity_parking_bengaluru_urban">
		<SimpleData name="full_id">w1239808092</SimpleData>
		<SimpleData name="osm_id">1239808092</SimpleData>
		<SimpleData name="osm_type">way</SimpleData>
		<SimpleData name="amenity">parking</SimpleData>
		<SimpleData name="parking">surface</SimpleData>
		<SimpleData name="access">permissive</SimpleData>
	</SchemaData></ExtendedData>
      <MultiGeometry><Polygon><outerBoundaryIs><LinearRing><coordinates>77.6445436,13.1916466 77.6449594,13.1916479 77.6449881,13.1916658 77.6450117,13.1916897 77.6450284,13.191717 77.6450385,13.1917472 77.6450358,13.1921572 77.6450337,13.1921723 77.6450264,13.1921859 77.6450146,13.1921965 77.6449996,13.1922024 77.6449835,13.1922029 77.6449688,13.1923543 77.645115,13.1923548 77.6453215,13.1914873 77.6452357,13.191174 77.6445396,13.1915044 77.6445436,13.1916466</coordinates></LinearRing></outerBoundaryIs></Polygon></MultiGeometry>
  </Placemark>
  <Placemark>
	<Style><LineStyle><color>ff0000ff</color></LineStyle><PolyStyle><fill>0</fill></PolyStyle></Style>
	<ExtendedData><SchemaData schemaUrl="#amenity_parking_bengaluru_urban">
		<SimpleData name="full_id">w1239808093</SimpleData>
		<SimpleData name="osm_id">1239808093</SimpleData>
		<SimpleData name="osm_type">way</SimpleData>
		<SimpleData name="amenity">parking</SimpleData>
		<SimpleData name="parking">surface</SimpleData>
		<SimpleData name="access">permissive</SimpleData>
	</SchemaData></ExtendedData>
      <MultiGeometry><Polygon><outerBoundaryIs><LinearRing><coordinates>77.6445445,13.1938134 77.6446804,13.193237 77.6447931,13.1931364 77.6446644,13.1936851 77.6445445,13.1938134</coordinates></LinearRing></outerBoundaryIs></Polygon></MultiGeometry>
  </Placemark>
  <Placemark>
	<Style><LineStyle><color>ff0000ff</color></LineStyle><PolyStyle><fill>0</fill></PolyStyle></Style>
	<ExtendedData><SchemaData schemaUrl="#amenity_parking_bengaluru_urban">
		<SimpleData name="full_id">w1239916014</SimpleData>
		<SimpleData name="osm_id">1239916014</SimpleData>
		<SimpleData name="osm_type">way</SimpleData>
		<SimpleData name="amenity">parking</SimpleData>
		<SimpleData name="parking">surface</SimpleData>
		<SimpleData name="access">customers</SimpleData>
	</SchemaData></ExtendedData>
      <MultiGeometry><Polygon><outerBoundaryIs><LinearRing><coordinates>77.678354,12.9264859 77.6783945,12.9264987 77.6784786,12.9264912 77.6784764,12.9264198 77.678495,12.9264177 77.6784906,12.9262867 77.6783398,12.9262984 77.678354,12.9264859</coordinates></LinearRing></outerBoundaryIs></Polygon></MultiGeometry>
  </Placemark>
  <Placemark>
	<Style><LineStyle><color>ff0000ff</color></LineStyle><PolyStyle><fill>0</fill></PolyStyle></Style>
	<ExtendedData><SchemaData schemaUrl="#amenity_parking_bengaluru_urban">
		<SimpleData name="full_id">w1240091198</SimpleData>
		<SimpleData name="osm_id">1240091198</SimpleData>
		<SimpleData name="osm_type">way</SimpleData>
		<SimpleData name="amenity">parking</SimpleData>
		<SimpleData name="orientation">perpendicular</SimpleData>
		<SimpleData name="parking">street_side</SimpleData>
		<SimpleData name="access">private</SimpleData>
	</SchemaData></ExtendedData>
      <MultiGeometry><Polygon><outerBoundaryIs><LinearRing><coordinates>77.7174982,12.9490897 77.7175431,12.9490906 77.7175535,12.9485975 77.7175084,12.9485967 77.7174982,12.9490897</coordinates></LinearRing></outerBoundaryIs></Polygon></MultiGeometry>
  </Placemark>
  <Placemark>
	<Style><LineStyle><color>ff0000ff</color></LineStyle><PolyStyle><fill>0</fill></PolyStyle></Style>
	<ExtendedData><SchemaData schemaUrl="#amenity_parking_bengaluru_urban">
		<SimpleData name="full_id">w1240102703</SimpleData>
		<SimpleData name="osm_id">1240102703</SimpleData>
		<SimpleData name="osm_type">way</SimpleData>
		<SimpleData name="amenity">parking</SimpleData>
		<SimpleData name="parking">street_side</SimpleData>
		<SimpleData name="access">private</SimpleData>
	</SchemaData></ExtendedData>
      <MultiGeometry><Polygon><outerBoundaryIs><LinearRing><coordinates>77.7540484,12.9756307 77.7541039,12.9755976 77.753998,12.9754288 77.7539425,12.9754619 77.7540484,12.9756307</coordinates></LinearRing></outerBoundaryIs></Polygon></MultiGeometry>
  </Placemark>
  <Placemark>
	<Style><LineStyle><color>ff0000ff</color></LineStyle><PolyStyle><fill>0</fill></PolyStyle></Style>
	<ExtendedData><SchemaData schemaUrl="#amenity_parking_bengaluru_urban">
		<SimpleData name="full_id">w1240166715</SimpleData>
		<SimpleData name="osm_id">1240166715</SimpleData>
		<SimpleData name="osm_type">way</SimpleData>
		<SimpleData name="amenity">parking</SimpleData>
		<SimpleData name="parking">surface</SimpleData>
	</SchemaData></ExtendedData>
      <MultiGeometry><Polygon><outerBoundaryIs><LinearRing><coordinates>77.5881768,12.9757582 77.5880286,12.9758201 77.587925,12.9757055 77.5878874,12.9757353 77.5881811,12.9761323 77.5883298,12.9762008 77.5885581,12.9759141 77.5883651,12.9756688 77.5881768,12.9757582</coordinates></LinearRing></outerBoundaryIs></Polygon></MultiGeometry>
  </Placemark>
  <Placemark>
	<Style><LineStyle><color>ff0000ff</color></LineStyle><PolyStyle><fill>0</fill></PolyStyle></Style>
	<ExtendedData><SchemaData schemaUrl="#amenity_parking_bengaluru_urban">
		<SimpleData name="full_id">w1240365184</SimpleData>
		<SimpleData name="osm_id">1240365184</SimpleData>
		<SimpleData name="osm_type">way</SimpleData>
		<SimpleData name="amenity">parking</SimpleData>
		<SimpleData name="parking">street_side</SimpleData>
	</SchemaData></ExtendedData>
      <MultiGeometry><Polygon><outerBoundaryIs><LinearRing><coordinates>77.6655455,12.9238246 77.6655494,12.9237935 77.6658889,12.9238342 77.665885,12.9238652 77.6655455,12.9238246</coordinates></LinearRing></outerBoundaryIs></Polygon></MultiGeometry>
  </Placemark>
  <Placemark>
	<Style><LineStyle><color>ff0000ff</color></LineStyle><PolyStyle><fill>0</fill></PolyStyle></Style>
	<ExtendedData><SchemaData schemaUrl="#amenity_parking_bengaluru_urban">
		<SimpleData name="full_id">w1240374869</SimpleData>
		<SimpleData name="osm_id">1240374869</SimpleData>
		<SimpleData name="osm_type">way</SimpleData>
		<SimpleData name="amenity">parking</SimpleData>
		<SimpleData name="parking">street_side</SimpleData>
		<SimpleData name="fee">no</SimpleData>
		<SimpleData name="access">private</SimpleData>
	</SchemaData></ExtendedData>
      <MultiGeometry><Polygon><outerBoundaryIs><LinearRing><coordinates>77.6709501,12.9213297 77.6709974,12.9213231 77.6709737,12.9211605 77.6709263,12.9211671 77.6709501,12.9213297</coordinates></LinearRing></outerBoundaryIs></Polygon></MultiGeometry>
  </Placemark>
  <Placemark>
	<Style><LineStyle><color>ff0000ff</color></LineStyle><PolyStyle><fill>0</fill></PolyStyle></Style>
	<ExtendedData><SchemaData schemaUrl="#amenity_parking_bengaluru_urban">
		<SimpleData name="full_id">w1240542677</SimpleData>
		<SimpleData name="osm_id">1240542677</SimpleData>
		<SimpleData name="osm_type">way</SimpleData>
		<SimpleData name="amenity">parking</SimpleData>
		<SimpleData name="parking">surface</SimpleData>
		<SimpleData name="access">private</SimpleData>
	</SchemaData></ExtendedData>
      <MultiGeometry><Polygon><outerBoundaryIs><LinearRing><coordinates>77.7215181,13.1782631 77.7216732,13.1781643 77.7212826,13.1775832 77.7211275,13.1776821 77.7215181,13.1782631</coordinates></LinearRing></outerBoundaryIs></Polygon></MultiGeometry>
  </Placemark>
  <Placemark>
	<Style><LineStyle><color>ff0000ff</color></LineStyle><PolyStyle><fill>0</fill></PolyStyle></Style>
	<ExtendedData><SchemaData schemaUrl="#amenity_parking_bengaluru_urban">
		<SimpleData name="full_id">w1240542708</SimpleData>
		<SimpleData name="osm_id">1240542708</SimpleData>
		<SimpleData name="osm_type">way</SimpleData>
		<SimpleData name="amenity">parking</SimpleData>
		<SimpleData name="parking">surface</SimpleData>
		<SimpleData name="access">private</SimpleData>
	</SchemaData></ExtendedData>
      <MultiGeometry><Polygon><outerBoundaryIs><LinearRing><coordinates>77.7235709,13.1823955 77.724,13.1821168 77.7236326,13.1815805 77.7232034,13.1818592 77.7235709,13.1823955</coordinates></LinearRing></outerBoundaryIs></Polygon></MultiGeometry>
  </Placemark>
  <Placemark>
	<Style><LineStyle><color>ff0000ff</color></LineStyle><PolyStyle><fill>0</fill></PolyStyle></Style>
	<ExtendedData><SchemaData schemaUrl="#amenity_parking_bengaluru_urban">
		<SimpleData name="full_id">w1240542709</SimpleData>
		<SimpleData name="osm_id">1240542709</SimpleData>
		<SimpleData name="osm_type">way</SimpleData>
		<SimpleData name="amenity">parking</SimpleData>
		<SimpleData name="parking">surface</SimpleData>
		<SimpleData name="access">private</SimpleData>
	</SchemaData></ExtendedData>
      <MultiGeometry><Polygon><outerBoundaryIs><LinearRing><coordinates>77.7249143,13.1834289 77.7252167,13.1832325 77.7250706,13.1830193 77.7247683,13.1832157 77.7249143,13.1834289</coordinates></LinearRing></outerBoundaryIs></Polygon></MultiGeometry>
  </Placemark>
  <Placemark>
	<Style><LineStyle><color>ff0000ff</color></LineStyle><PolyStyle><fill>0</fill></PolyStyle></Style>
	<ExtendedData><SchemaData schemaUrl="#amenity_parking_bengaluru_urban">
		<SimpleData name="full_id">w1240542741</SimpleData>
		<SimpleData name="osm_id">1240542741</SimpleData>
		<SimpleData name="osm_type">way</SimpleData>
		<SimpleData name="amenity">parking</SimpleData>
		<SimpleData name="parking">surface</SimpleData>
		<SimpleData name="access">private</SimpleData>
	</SchemaData></ExtendedData>
      <MultiGeometry><Polygon><outerBoundaryIs><LinearRing><coordinates>77.7241516,13.184187 77.7243695,13.1840472 77.7245467,13.1839336 77.7248202,13.1837582 77.7249925,13.1836477 77.7247035,13.1832205 77.7245377,13.1833269 77.7242642,13.1835023 77.724087,13.1836159 77.7238626,13.1837598 77.7241516,13.184187</coordinates></LinearRing></outerBoundaryIs></Polygon></MultiGeometry>
  </Placemark>
  <Placemark>
	<Style><LineStyle><color>ff0000ff</color></LineStyle><PolyStyle><fill>0</fill></PolyStyle></Style>
	<ExtendedData><SchemaData schemaUrl="#amenity_parking_bengaluru_urban">
		<SimpleData name="full_id">w1240674139</SimpleData>
		<SimpleData name="osm_id">1240674139</SimpleData>
		<SimpleData name="osm_type">way</SimpleData>
		<SimpleData name="amenity">parking</SimpleData>
		<SimpleData name="parking">surface</SimpleData>
		<SimpleData name="access">permissive</SimpleData>
	</SchemaData></ExtendedData>
      <MultiGeometry><Polygon><outerBoundaryIs><LinearRing><coordinates>77.6444333,12.9485706 77.6448505,12.9483917 77.644748,12.9481648 77.6446953,12.948048 77.6442781,12.9482268 77.6444333,12.9485706</coordinates></LinearRing></outerBoundaryIs></Polygon></MultiGeometry>
  </Placemark>
  <Placemark>
	<Style><LineStyle><color>ff0000ff</color></LineStyle><PolyStyle><fill>0</fill></PolyStyle></Style>
	<ExtendedData><SchemaData schemaUrl="#amenity_parking_bengaluru_urban">
		<SimpleData name="full_id">w1240674157</SimpleData>
		<SimpleData name="osm_id">1240674157</SimpleData>
		<SimpleData name="osm_type">way</SimpleData>
		<SimpleData name="amenity">parking</SimpleData>
		<SimpleData name="parking">surface</SimpleData>
		<SimpleData name="access">private</SimpleData>
	</SchemaData></ExtendedData>
      <MultiGeometry><Polygon><outerBoundaryIs><LinearRing><coordinates>77.6406214,12.9524618 77.6405485,12.9523205 77.6414162,12.952148 77.6415557,12.9519702 77.641608,12.9518082 77.6416976,12.9518002 77.6418054,12.9522653 77.6406214,12.9524618</coordinates></LinearRing></outerBoundaryIs></Polygon></MultiGeometry>
  </Placemark>
  <Placemark>
	<Style><LineStyle><color>ff0000ff</color></LineStyle><PolyStyle><fill>0</fill></PolyStyle></Style>
	<ExtendedData><SchemaData schemaUrl="#amenity_parking_bengaluru_urban">
		<SimpleData name="full_id">w1240674158</SimpleData>
		<SimpleData name="osm_id">1240674158</SimpleData>
		<SimpleData name="osm_type">way</SimpleData>
		<SimpleData name="amenity">parking</SimpleData>
		<SimpleData name="parking">surface</SimpleData>
		<SimpleData name="access">private</SimpleData>
	</SchemaData></ExtendedData>
      <MultiGeometry><Polygon><outerBoundaryIs><LinearRing><coordinates>77.6417407,12.9517049 77.6422235,12.9516252 77.6421775,12.9513604 77.6416947,12.9514401 77.6417407,12.9517049</coordinates></LinearRing></outerBoundaryIs></Polygon></MultiGeometry>
  </Placemark>
  <Placemark>
	<Style><LineStyle><color>ff0000ff</color></LineStyle><PolyStyle><fill>0</fill></PolyStyle></Style>
	<ExtendedData><SchemaData schemaUrl="#amenity_parking_bengaluru_urban">
		<SimpleData name="full_id">w1240674161</SimpleData>
		<SimpleData name="osm_id">1240674161</SimpleData>
		<SimpleData name="osm_type">way</SimpleData>
		<SimpleData name="amenity">parking</SimpleData>
		<SimpleData name="parking">surface</SimpleData>
		<SimpleData name="access">private</SimpleData>
	</SchemaData></ExtendedData>
      <MultiGeometry><Polygon><outerBoundaryIs><LinearRing><coordinates>77.6438005,12.9516854 77.6444456,12.9517642 77.6444748,12.9515373 77.6438297,12.9514585 77.6438005,12.9516854</coordinates></LinearRing></outerBoundaryIs></Polygon></MultiGeometry>
  </Placemark>
  <Placemark>
	<Style><LineStyle><color>ff0000ff</color></LineStyle><PolyStyle><fill>0</fill></PolyStyle></Style>
	<ExtendedData><SchemaData schemaUrl="#amenity_parking_bengaluru_urban">
		<SimpleData name="full_id">w1240788927</SimpleData>
		<SimpleData name="osm_id">1240788927</SimpleData>
		<SimpleData name="osm_type">way</SimpleData>
		<SimpleData name="amenity">parking</SimpleData>
		<SimpleData name="parking">surface</SimpleData>
		<SimpleData name="access">permissive</SimpleData>
	</SchemaData></ExtendedData>
      <MultiGeometry><Polygon><outerBoundaryIs><LinearRing><coordinates>77.5956507,13.0438297 77.595875,13.0451721 77.5961459,13.0451447 77.5959501,13.0437846 77.5956507,13.0438297</coordinates></LinearRing></outerBoundaryIs></Polygon></MultiGeometry>
  </Placemark>
  <Placemark>
	<Style><LineStyle><color>ff0000ff</color></LineStyle><PolyStyle><fill>0</fill></PolyStyle></Style>
	<ExtendedData><SchemaData schemaUrl="#amenity_parking_bengaluru_urban">
		<SimpleData name="full_id">w1241006121</SimpleData>
		<SimpleData name="osm_id">1241006121</SimpleData>
		<SimpleData name="osm_type">way</SimpleData>
		<SimpleData name="amenity">parking</SimpleData>
		<SimpleData name="parking">surface</SimpleData>
		<SimpleData name="access">permissive</SimpleData>
	</SchemaData></ExtendedData>
      <MultiGeometry><Polygon><outerBoundaryIs><LinearRing><coordinates>77.5775127,13.0714311 77.5779658,13.0712926 77.5779172,13.0711419 77.5774642,13.0712804 77.5775127,13.0714311</coordinates></LinearRing></outerBoundaryIs></Polygon></MultiGeometry>
  </Placemark>
  <Placemark>
	<Style><LineStyle><color>ff0000ff</color></LineStyle><PolyStyle><fill>0</fill></PolyStyle></Style>
	<ExtendedData><SchemaData schemaUrl="#amenity_parking_bengaluru_urban">
		<SimpleData name="full_id">w1241434301</SimpleData>
		<SimpleData name="osm_id">1241434301</SimpleData>
		<SimpleData name="osm_type">way</SimpleData>
		<SimpleData name="amenity">parking</SimpleData>
		<SimpleData name="surface">concrete</SimpleData>
		<SimpleData name="parking">surface</SimpleData>
		<SimpleData name="access">private</SimpleData>
	</SchemaData></ExtendedData>
      <MultiGeometry><Polygon><outerBoundaryIs><LinearRing><coordinates>77.7240592,12.9790695 77.724535,12.9790594 77.7245304,12.9788525 77.7240546,12.9788626 77.7240592,12.9790695</coordinates></LinearRing></outerBoundaryIs></Polygon></MultiGeometry>
  </Placemark>
  <Placemark>
	<Style><LineStyle><color>ff0000ff</color></LineStyle><PolyStyle><fill>0</fill></PolyStyle></Style>
	<ExtendedData><SchemaData schemaUrl="#amenity_parking_bengaluru_urban">
		<SimpleData name="full_id">w1241445647</SimpleData>
		<SimpleData name="osm_id">1241445647</SimpleData>
		<SimpleData name="osm_type">way</SimpleData>
		<SimpleData name="amenity">parking</SimpleData>
		<SimpleData name="parking">surface</SimpleData>
		<SimpleData name="access">permissive</SimpleData>
	</SchemaData></ExtendedData>
      <MultiGeometry><Polygon><outerBoundaryIs><LinearRing><coordinates>77.6816506,12.9243168 77.6818932,12.9242987 77.6818873,12.9242233 77.6816447,12.9242415 77.6816506,12.9243168</coordinates></LinearRing></outerBoundaryIs></Polygon></MultiGeometry>
  </Placemark>
  <Placemark>
	<Style><LineStyle><color>ff0000ff</color></LineStyle><PolyStyle><fill>0</fill></PolyStyle></Style>
	<ExtendedData><SchemaData schemaUrl="#amenity_parking_bengaluru_urban">
		<SimpleData name="full_id">w1241445648</SimpleData>
		<SimpleData name="osm_id">1241445648</SimpleData>
		<SimpleData name="osm_type">way</SimpleData>
		<SimpleData name="amenity">parking</SimpleData>
		<SimpleData name="parking">surface</SimpleData>
		<SimpleData name="access">permissive</SimpleData>
	</SchemaData></ExtendedData>
      <MultiGeometry><Polygon><outerBoundaryIs><LinearRing><coordinates>77.681488,12.9246268 77.6816261,12.9246187 77.6816195,12.9245121 77.6818834,12.9244965 77.6818775,12.9244007 77.6814755,12.9244244 77.681488,12.9246268</coordinates></LinearRing></outerBoundaryIs></Polygon></MultiGeometry>
  </Placemark>
  <Placemark>
	<Style><LineStyle><color>ff0000ff</color></LineStyle><PolyStyle><fill>0</fill></PolyStyle></Style>
	<ExtendedData><SchemaData schemaUrl="#amenity_parking_bengaluru_urban">
		<SimpleData name="full_id">w1241445650</SimpleData>
		<SimpleData name="osm_id">1241445650</SimpleData>
		<SimpleData name="osm_type">way</SimpleData>
		<SimpleData name="amenity">parking</SimpleData>
		<SimpleData name="parking">surface</SimpleData>
		<SimpleData name="access">permissive</SimpleData>
	</SchemaData></ExtendedData>
      <MultiGeometry><Polygon><outerBoundaryIs><LinearRing><coordinates>77.6819295,12.925479 77.6821754,12.9253428 77.6823204,12.9253349 77.6823083,12.9255248 77.6819295,12.925479</coordinates></LinearRing></outerBoundaryIs></Polygon></MultiGeometry>
  </Placemark>
  <Placemark>
	<Style><LineStyle><color>ff0000ff</color></LineStyle><PolyStyle><fill>0</fill></PolyStyle></Style>
	<ExtendedData><SchemaData schemaUrl="#amenity_parking_bengaluru_urban">
		<SimpleData name="full_id">w1241445652</SimpleData>
		<SimpleData name="osm_id">1241445652</SimpleData>
		<SimpleData name="osm_type">way</SimpleData>
		<SimpleData name="amenity">parking</SimpleData>
		<SimpleData name="parking">surface</SimpleData>
		<SimpleData name="access">permissive</SimpleData>
	</SchemaData></ExtendedData>
      <MultiGeometry><Polygon><outerBoundaryIs><LinearRing><coordinates>77.6813903,12.9264174 77.6821844,12.9265305 77.6822081,12.9263721 77.6822633,12.9263799 77.6822721,12.9263213 77.6814229,12.9262002 77.6813903,12.9264174</coordinates></LinearRing></outerBoundaryIs></Polygon></MultiGeometry>
  </Placemark>
  <Placemark>
	<Style><LineStyle><color>ff0000ff</color></LineStyle><PolyStyle><fill>0</fill></PolyStyle></Style>
	<ExtendedData><SchemaData schemaUrl="#amenity_parking_bengaluru_urban">
		<SimpleData name="full_id">w1241445653</SimpleData>
		<SimpleData name="osm_id">1241445653</SimpleData>
		<SimpleData name="osm_type">way</SimpleData>
		<SimpleData name="amenity">parking</SimpleData>
		<SimpleData name="orientation">perpendicular</SimpleData>
		<SimpleData name="parking">street_side</SimpleData>
		<SimpleData name="access">private</SimpleData>
	</SchemaData></ExtendedData>
      <MultiGeometry><Polygon><outerBoundaryIs><LinearRing><coordinates>77.6813324,12.9268676 77.6813868,12.9268754 77.6814411,12.9265131 77.6813867,12.9265053 77.6813324,12.9268676</coordinates></LinearRing></outerBoundaryIs></Polygon></MultiGeometry>
  </Placemark>
  <Placemark>
	<Style><LineStyle><color>ff0000ff</color></LineStyle><PolyStyle><fill>0</fill></PolyStyle></Style>
	<ExtendedData><SchemaData schemaUrl="#amenity_parking_bengaluru_urban">
		<SimpleData name="full_id">w1241445654</SimpleData>
		<SimpleData name="osm_id">1241445654</SimpleData>
		<SimpleData name="osm_type">way</SimpleData>
		<SimpleData name="amenity">parking</SimpleData>
		<SimpleData name="parking">street_side</SimpleData>
		<SimpleData name="access">private</SimpleData>
	</SchemaData></ExtendedData>
      <MultiGeometry><Polygon><outerBoundaryIs><LinearRing><coordinates>77.6813284,12.9278776 77.6813342,12.9278425 77.6817934,12.927915 77.6817876,12.9279502 77.6813284,12.9278776</coordinates></LinearRing></outerBoundaryIs></Polygon></MultiGeometry>
  </Placemark>
  <Placemark>
	<Style><LineStyle><color>ff0000ff</color></LineStyle><PolyStyle><fill>0</fill></PolyStyle></Style>
	<ExtendedData><SchemaData schemaUrl="#amenity_parking_bengaluru_urban">
		<SimpleData name="full_id">w1241445655</SimpleData>
		<SimpleData name="osm_id">1241445655</SimpleData>
		<SimpleData name="osm_type">way</SimpleData>
		<SimpleData name="amenity">parking</SimpleData>
		<SimpleData name="parking">street_side</SimpleData>
		<SimpleData name="access">private</SimpleData>
	</SchemaData></ExtendedData>
      <MultiGeometry><Polygon><outerBoundaryIs><LinearRing><coordinates>77.6813608,12.9277775 77.6813666,12.9277424 77.6818259,12.9278149 77.68182,12.9278501 77.6813608,12.9277775</coordinates></LinearRing></outerBoundaryIs></Polygon></MultiGeometry>
  </Placemark>
  <Placemark>
	<Style><LineStyle><color>ff0000ff</color></LineStyle><PolyStyle><fill>0</fill></PolyStyle></Style>
	<ExtendedData><SchemaData schemaUrl="#amenity_parking_bengaluru_urban">
		<SimpleData name="full_id">w1241445658</SimpleData>
		<SimpleData name="osm_id">1241445658</SimpleData>
		<SimpleData name="osm_type">way</SimpleData>
		<SimpleData name="amenity">parking</SimpleData>
		<SimpleData name="parking">street_side</SimpleData>
		<SimpleData name="fee">yes</SimpleData>
		<SimpleData name="access">customers</SimpleData>
	</SchemaData></ExtendedData>
      <MultiGeometry><Polygon><outerBoundaryIs><LinearRing><coordinates>77.6852881,12.9213629 77.6853257,12.9213614 77.6852951,12.9206215 77.6852575,12.920623 77.6852881,12.9213629</coordinates></LinearRing></outerBoundaryIs></Polygon></MultiGeometry>
  </Placemark>
  <Placemark>
	<Style><LineStyle><color>ff0000ff</color></LineStyle><PolyStyle><fill>0</fill></PolyStyle></Style>
	<ExtendedData><SchemaData schemaUrl="#amenity_parking_bengaluru_urban">
		<SimpleData name="full_id">w1241625385</SimpleData>
		<SimpleData name="osm_id">1241625385</SimpleData>
		<SimpleData name="osm_type">way</SimpleData>
		<SimpleData name="amenity">parking</SimpleData>
		<SimpleData name="parking">surface</SimpleData>
		<SimpleData name="access">customers</SimpleData>
	</SchemaData></ExtendedData>
      <MultiGeometry><Polygon><outerBoundaryIs><LinearRing><coordinates>77.736623,12.9572309 77.7367761,12.9572551 77.7367873,12.9571876 77.7366342,12.9571634 77.736623,12.9572309</coordinates></LinearRing></outerBoundaryIs></Polygon></MultiGeometry>
  </Placemark>
  <Placemark>
	<Style><LineStyle><color>ff0000ff</color></LineStyle><PolyStyle><fill>0</fill></PolyStyle></Style>
	<ExtendedData><SchemaData schemaUrl="#amenity_parking_bengaluru_urban">
		<SimpleData name="full_id">w1241625386</SimpleData>
		<SimpleData name="osm_id">1241625386</SimpleData>
		<SimpleData name="osm_type">way</SimpleData>
		<SimpleData name="amenity">parking</SimpleData>
		<SimpleData name="parking">surface</SimpleData>
		<SimpleData name="access">customers</SimpleData>
	</SchemaData></ExtendedData>
      <MultiGeometry><Polygon><outerBoundaryIs><LinearRing><coordinates>77.7362091,12.9571545 77.7363623,12.9571786 77.7363735,12.9571112 77.7362203,12.957087 77.7362091,12.9571545</coordinates></LinearRing></outerBoundaryIs></Polygon></MultiGeometry>
  </Placemark>
  <Placemark>
	<Style><LineStyle><color>ff0000ff</color></LineStyle><PolyStyle><fill>0</fill></PolyStyle></Style>
	<ExtendedData><SchemaData schemaUrl="#amenity_parking_bengaluru_urban">
		<SimpleData name="full_id">w1242182559</SimpleData>
		<SimpleData name="osm_id">1242182559</SimpleData>
		<SimpleData name="osm_type">way</SimpleData>
		<SimpleData name="amenity">parking</SimpleData>
		<SimpleData name="parking">surface</SimpleData>
		<SimpleData name="access">permissive</SimpleData>
	</SchemaData></ExtendedData>
      <MultiGeometry><Polygon><outerBoundaryIs><LinearRing><coordinates>77.617038,12.9316607 77.6175778,12.9314418 77.6174778,12.9311991 77.6178494,12.9310374 77.6177824,12.9307295 77.6172855,12.9309179 77.6172025,12.9307497 77.6168619,12.9308725 77.617038,12.9316607</coordinates></LinearRing></outerBoundaryIs></Polygon></MultiGeometry>
  </Placemark>
  <Placemark>
	<Style><LineStyle><color>ff0000ff</color></LineStyle><PolyStyle><fill>0</fill></PolyStyle></Style>
	<ExtendedData><SchemaData schemaUrl="#amenity_parking_bengaluru_urban">
		<SimpleData name="full_id">w1242203373</SimpleData>
		<SimpleData name="osm_id">1242203373</SimpleData>
		<SimpleData name="osm_type">way</SimpleData>
		<SimpleData name="amenity">parking</SimpleData>
		<SimpleData name="parking">surface</SimpleData>
		<SimpleData name="access">permissive</SimpleData>
	</SchemaData></ExtendedData>
      <MultiGeometry><Polygon><outerBoundaryIs><LinearRing><coordinates>77.5987574,12.9194694 77.5989324,12.9194607 77.5989346,12.9195024 77.5989753,12.9195004 77.5989882,12.9197463 77.5993911,12.9197263 77.5993871,12.9196484 77.5995378,12.9196409 77.5995199,12.9192998 77.5998849,12.9192816 77.5999059,12.919958 77.5993641,12.9199755 77.5993623,12.9198736 77.5987694,12.9198835 77.5987574,12.9194694</coordinates></LinearRing></outerBoundaryIs></Polygon></MultiGeometry>
  </Placemark>
  <Placemark>
	<Style><LineStyle><color>ff0000ff</color></LineStyle><PolyStyle><fill>0</fill></PolyStyle></Style>
	<ExtendedData><SchemaData schemaUrl="#amenity_parking_bengaluru_urban">
		<SimpleData name="full_id">w1242696396</SimpleData>
		<SimpleData name="osm_id">1242696396</SimpleData>
		<SimpleData name="osm_type">way</SimpleData>
		<SimpleData name="amenity">parking</SimpleData>
		<SimpleData name="parking">street_side</SimpleData>
		<SimpleData name="access">private</SimpleData>
	</SchemaData></ExtendedData>
      <MultiGeometry><Polygon><outerBoundaryIs><LinearRing><coordinates>77.7393474,12.9325161 77.7393553,12.9324796 77.7394075,12.9324885 77.7394291,12.9325006 77.7394563,12.9325272 77.7395039,12.9326245 77.7394688,12.9326466 77.73942,12.9325581 77.7394075,12.9325404 77.7393882,12.9325261 77.7393474,12.9325161</coordinates></LinearRing></outerBoundaryIs></Polygon></MultiGeometry>
  </Placemark>
  <Placemark>
	<Style><LineStyle><color>ff0000ff</color></LineStyle><PolyStyle><fill>0</fill></PolyStyle></Style>
	<ExtendedData><SchemaData schemaUrl="#amenity_parking_bengaluru_urban">
		<SimpleData name="full_id">w1242696400</SimpleData>
		<SimpleData name="osm_id">1242696400</SimpleData>
		<SimpleData name="osm_type">way</SimpleData>
		<SimpleData name="amenity">parking</SimpleData>
		<SimpleData name="orientation">perpendicular</SimpleData>
		<SimpleData name="parking">street_side</SimpleData>
		<SimpleData name="access">private</SimpleData>
	</SchemaData></ExtendedData>
      <MultiGeometry><Polygon><outerBoundaryIs><LinearRing><coordinates>77.7373955,12.9299847 77.7373487,12.9298104 77.7372909,12.9298251 77.7373377,12.9299994 77.7373955,12.9299847</coordinates></LinearRing></outerBoundaryIs></Polygon></MultiGeometry>
  </Placemark>
  <Placemark>
	<Style><LineStyle><color>ff0000ff</color></LineStyle><PolyStyle><fill>0</fill></PolyStyle></Style>
	<ExtendedData><SchemaData schemaUrl="#amenity_parking_bengaluru_urban">
		<SimpleData name="full_id">w1243179643</SimpleData>
		<SimpleData name="osm_id">1243179643</SimpleData>
		<SimpleData name="osm_type">way</SimpleData>
		<SimpleData name="amenity">parking</SimpleData>
		<SimpleData name="parking">street_side</SimpleData>
		<SimpleData name="fee">yes</SimpleData>
		<SimpleData name="access">customers</SimpleData>
	</SchemaData></ExtendedData>
      <MultiGeometry><Polygon><outerBoundaryIs><LinearRing><coordinates>77.6853461,12.9198798 77.6854071,12.9198784 77.6854034,12.9197144 77.6853424,12.9197157 77.6853461,12.9198798</coordinates></LinearRing></outerBoundaryIs></Polygon></MultiGeometry>
  </Placemark>
  <Placemark>
	<Style><LineStyle><color>ff0000ff</color></LineStyle><PolyStyle><fill>0</fill></PolyStyle></Style>
	<ExtendedData><SchemaData schemaUrl="#amenity_parking_bengaluru_urban">
		<SimpleData name="full_id">w1243256082</SimpleData>
		<SimpleData name="osm_id">1243256082</SimpleData>
		<SimpleData name="osm_type">way</SimpleData>
		<SimpleData name="amenity">parking</SimpleData>
		<SimpleData name="parking">surface</SimpleData>
		<SimpleData name="access">private</SimpleData>
	</SchemaData></ExtendedData>
      <MultiGeometry><Polygon><outerBoundaryIs><LinearRing><coordinates>77.6733157,12.9219875 77.6736362,12.9219235 77.673552,12.9215228 77.6732314,12.9215869 77.6733157,12.9219875</coordinates></LinearRing></outerBoundaryIs></Polygon></MultiGeometry>
  </Placemark>
  <Placemark>
	<Style><LineStyle><color>ff0000ff</color></LineStyle><PolyStyle><fill>0</fill></PolyStyle></Style>
	<ExtendedData><SchemaData schemaUrl="#amenity_parking_bengaluru_urban">
		<SimpleData name="full_id">w1243274913</SimpleData>
		<SimpleData name="osm_id">1243274913</SimpleData>
		<SimpleData name="osm_type">way</SimpleData>
		<SimpleData name="amenity">parking</SimpleData>
		<SimpleData name="parking">surface</SimpleData>
		<SimpleData name="access">private</SimpleData>
	</SchemaData></ExtendedData>
      <MultiGeometry><Polygon><outerBoundaryIs><LinearRing><coordinates>77.5907117,13.0871384 77.5908284,13.0871122 77.5907475,13.0867695 77.5906308,13.0867956 77.5907117,13.0871384</coordinates></LinearRing></outerBoundaryIs></Polygon></MultiGeometry>
  </Placemark>
  <Placemark>
	<Style><LineStyle><color>ff0000ff</color></LineStyle><PolyStyle><fill>0</fill></PolyStyle></Style>
	<ExtendedData><SchemaData schemaUrl="#amenity_parking_bengaluru_urban">
		<SimpleData name="full_id">w1243491035</SimpleData>
		<SimpleData name="osm_id">1243491035</SimpleData>
		<SimpleData name="osm_type">way</SimpleData>
		<SimpleData name="amenity">parking</SimpleData>
		<SimpleData name="parking">surface</SimpleData>
	</SchemaData></ExtendedData>
      <MultiGeometry><Polygon><outerBoundaryIs><LinearRing><coordinates>77.5687227,13.1343883 77.5687601,13.1343269 77.5685395,13.1341696 77.5687286,13.1339183 77.5690241,13.134018 77.5690872,13.1343557 77.5690241,13.1343346 77.5688212,13.1344478 77.5687227,13.1343883</coordinates></LinearRing></outerBoundaryIs></Polygon></MultiGeometry>
  </Placemark>
  <Placemark>
	<Style><LineStyle><color>ff0000ff</color></LineStyle><PolyStyle><fill>0</fill></PolyStyle></Style>
	<ExtendedData><SchemaData schemaUrl="#amenity_parking_bengaluru_urban">
		<SimpleData name="full_id">w1244274382</SimpleData>
		<SimpleData name="osm_id">1244274382</SimpleData>
		<SimpleData name="osm_type">way</SimpleData>
		<SimpleData name="amenity">parking</SimpleData>
		<SimpleData name="parking">surface</SimpleData>
		<SimpleData name="access">private</SimpleData>
	</SchemaData></ExtendedData>
      <MultiGeometry><Polygon><outerBoundaryIs><LinearRing><coordinates>77.6069999,13.1160897 77.606956,13.1159454 77.6069263,13.115954 77.6068648,13.1157519 77.6069922,13.1157152 77.6070975,13.1160615 77.6070397,13.1160782 77.6069999,13.1160897</coordinates></LinearRing></outerBoundaryIs></Polygon></MultiGeometry>
  </Placemark>
  <Placemark>
	<Style><LineStyle><color>ff0000ff</color></LineStyle><PolyStyle><fill>0</fill></PolyStyle></Style>
	<ExtendedData><SchemaData schemaUrl="#amenity_parking_bengaluru_urban">
		<SimpleData name="full_id">w1245778216</SimpleData>
		<SimpleData name="osm_id">1245778216</SimpleData>
		<SimpleData name="osm_type">way</SimpleData>
		<SimpleData name="amenity">parking</SimpleData>
		<SimpleData name="parking">surface</SimpleData>
		<SimpleData name="access">private</SimpleData>
	</SchemaData></ExtendedData>
      <MultiGeometry><Polygon><outerBoundaryIs><LinearRing><coordinates>77.6026542,13.1100421 77.6026936,13.1100195 77.6025919,13.1098514 77.6025525,13.109874 77.6026542,13.1100421</coordinates></LinearRing></outerBoundaryIs></Polygon></MultiGeometry>
  </Placemark>
  <Placemark>
	<Style><LineStyle><color>ff0000ff</color></LineStyle><PolyStyle><fill>0</fill></PolyStyle></Style>
	<ExtendedData><SchemaData schemaUrl="#amenity_parking_bengaluru_urban">
		<SimpleData name="full_id">w1245778217</SimpleData>
		<SimpleData name="osm_id">1245778217</SimpleData>
		<SimpleData name="osm_type">way</SimpleData>
		<SimpleData name="amenity">parking</SimpleData>
		<SimpleData name="parking">surface</SimpleData>
		<SimpleData name="access">private</SimpleData>
	</SchemaData></ExtendedData>
      <MultiGeometry><Polygon><outerBoundaryIs><LinearRing><coordinates>77.6027756,13.1102413 77.6028155,13.1102184 77.6027689,13.1101414 77.602729,13.1101643 77.6027756,13.1102413</coordinates></LinearRing></outerBoundaryIs></Polygon></MultiGeometry>
  </Placemark>
  <Placemark>
	<Style><LineStyle><color>ff0000ff</color></LineStyle><PolyStyle><fill>0</fill></PolyStyle></Style>
	<ExtendedData><SchemaData schemaUrl="#amenity_parking_bengaluru_urban">
		<SimpleData name="full_id">w1245778218</SimpleData>
		<SimpleData name="osm_id">1245778218</SimpleData>
		<SimpleData name="osm_type">way</SimpleData>
		<SimpleData name="amenity">parking</SimpleData>
		<SimpleData name="parking">surface</SimpleData>
		<SimpleData name="access">private</SimpleData>
	</SchemaData></ExtendedData>
      <MultiGeometry><Polygon><outerBoundaryIs><LinearRing><coordinates>77.6029573,13.1105522 77.6029949,13.1105306 77.6028366,13.110269 77.602799,13.1102906 77.6029573,13.1105522</coordinates></LinearRing></outerBoundaryIs></Polygon></MultiGeometry>
  </Placemark>
  <Placemark>
	<Style><LineStyle><color>ff0000ff</color></LineStyle><PolyStyle><fill>0</fill></PolyStyle></Style>
	<ExtendedData><SchemaData schemaUrl="#amenity_parking_bengaluru_urban">
		<SimpleData name="full_id">w1246801077</SimpleData>
		<SimpleData name="osm_id">1246801077</SimpleData>
		<SimpleData name="osm_type">way</SimpleData>
		<SimpleData name="amenity">parking</SimpleData>
		<SimpleData name="parking">surface</SimpleData>
		<SimpleData name="access">permissive</SimpleData>
	</SchemaData></ExtendedData>
      <MultiGeometry><Polygon><outerBoundaryIs><LinearRing><coordinates>77.4615701,12.8947908 77.4614923,12.8942563 77.4624042,12.8938719 77.462488,12.8941265 77.4626161,12.8944665 77.4615701,12.8947908</coordinates></LinearRing></outerBoundaryIs></Polygon></MultiGeometry>
  </Placemark>
  <Placemark>
	<Style><LineStyle><color>ff0000ff</color></LineStyle><PolyStyle><fill>0</fill></PolyStyle></Style>
	<ExtendedData><SchemaData schemaUrl="#amenity_parking_bengaluru_urban">
		<SimpleData name="full_id">w1246801078</SimpleData>
		<SimpleData name="osm_id">1246801078</SimpleData>
		<SimpleData name="osm_type">way</SimpleData>
		<SimpleData name="amenity">parking</SimpleData>
		<SimpleData name="parking">surface</SimpleData>
		<SimpleData name="access">permissive</SimpleData>
	</SchemaData></ExtendedData>
      <MultiGeometry><Polygon><outerBoundaryIs><LinearRing><coordinates>77.4626268,12.8957113 77.4630117,12.8952577 77.4628709,12.8950655 77.4625316,12.8953714 77.4625075,12.8955819 77.4626268,12.8957113</coordinates></LinearRing></outerBoundaryIs></Polygon></MultiGeometry>
  </Placemark>
  <Placemark>
	<Style><LineStyle><color>ff0000ff</color></LineStyle><PolyStyle><fill>0</fill></PolyStyle></Style>
	<ExtendedData><SchemaData schemaUrl="#amenity_parking_bengaluru_urban">
		<SimpleData name="full_id">w1247547657</SimpleData>
		<SimpleData name="osm_id">1247547657</SimpleData>
		<SimpleData name="osm_type">way</SimpleData>
		<SimpleData name="amenity">parking</SimpleData>
		<SimpleData name="parking">surface</SimpleData>
		<SimpleData name="access">private</SimpleData>
	</SchemaData></ExtendedData>
      <MultiGeometry><Polygon><outerBoundaryIs><LinearRing><coordinates>77.4691817,12.8822262 77.4693321,12.8820822 77.4694908,12.8819441 77.469656,12.8818135 77.4698275,12.8816907 77.4700047,12.881576 77.4701873,12.8814697 77.47035,12.8813842 77.4705161,12.8813055 77.4706853,12.8812335 77.4708575,12.8811684 77.4710323,12.8811103 77.4712094,12.8810592 77.4713868,12.8810158 77.4714071,12.8810942 77.4712313,12.8811372 77.4710575,12.8811873 77.4708859,12.8812444 77.4707169,12.8813083 77.4705508,12.8813789 77.4703878,12.8814562 77.4702282,12.88154 77.470049,12.8816444 77.469875,12.881757 77.4697067,12.8818775 77.4695445,12.8820057 77.4693888,12.8821412 77.4692398,12.8822839 77.4691817,12.8822262</coordinates></LinearRing></outerBoundaryIs></Polygon></MultiGeometry>
  </Placemark>
  <Placemark>
	<Style><LineStyle><color>ff0000ff</color></LineStyle><PolyStyle><fill>0</fill></PolyStyle></Style>
	<ExtendedData><SchemaData schemaUrl="#amenity_parking_bengaluru_urban">
		<SimpleData name="full_id">w1248868633</SimpleData>
		<SimpleData name="osm_id">1248868633</SimpleData>
		<SimpleData name="osm_type">way</SimpleData>
		<SimpleData name="amenity">parking</SimpleData>
		<SimpleData name="parking">surface</SimpleData>
		<SimpleData name="access">permissive</SimpleData>
	</SchemaData></ExtendedData>
      <MultiGeometry><Polygon><outerBoundaryIs><LinearRing><coordinates>77.6914367,12.9435283 77.6917537,12.9436404 77.6917912,12.9435398 77.6914742,12.9434277 77.6914367,12.9435283</coordinates></LinearRing></outerBoundaryIs></Polygon></MultiGeometry>
  </Placemark>
  <Placemark>
	<Style><LineStyle><color>ff0000ff</color></LineStyle><PolyStyle><fill>0</fill></PolyStyle></Style>
	<ExtendedData><SchemaData schemaUrl="#amenity_parking_bengaluru_urban">
		<SimpleData name="full_id">w1248868636</SimpleData>
		<SimpleData name="osm_id">1248868636</SimpleData>
		<SimpleData name="osm_type">way</SimpleData>
		<SimpleData name="amenity">parking</SimpleData>
		<SimpleData name="parking">surface</SimpleData>
		<SimpleData name="access">private</SimpleData>
	</SchemaData></ExtendedData>
      <MultiGeometry><Polygon><outerBoundaryIs><LinearRing><coordinates>77.6942024,12.9445647 77.6950655,12.9449324 77.6951397,12.9447669 77.6942766,12.9443992 77.6942024,12.9445647</coordinates></LinearRing></outerBoundaryIs></Polygon></MultiGeometry>
  </Placemark>
  <Placemark>
	<Style><LineStyle><color>ff0000ff</color></LineStyle><PolyStyle><fill>0</fill></PolyStyle></Style>
	<ExtendedData><SchemaData schemaUrl="#amenity_parking_bengaluru_urban">
		<SimpleData name="full_id">w1248881534</SimpleData>
		<SimpleData name="osm_id">1248881534</SimpleData>
		<SimpleData name="osm_type">way</SimpleData>
		<SimpleData name="amenity">parking</SimpleData>
		<SimpleData name="parking">surface</SimpleData>
		<SimpleData name="access">private</SimpleData>
	</SchemaData></ExtendedData>
      <MultiGeometry><Polygon><outerBoundaryIs><LinearRing><coordinates>77.6950557,12.9374682 77.6955128,12.9373972 77.6955049,12.9373492 77.6950478,12.9374202 77.6950557,12.9374682</coordinates></LinearRing></outerBoundaryIs></Polygon></MultiGeometry>
  </Placemark>
  <Placemark>
	<Style><LineStyle><color>ff0000ff</color></LineStyle><PolyStyle><fill>0</fill></PolyStyle></Style>
	<ExtendedData><SchemaData schemaUrl="#amenity_parking_bengaluru_urban">
		<SimpleData name="full_id">w1248881535</SimpleData>
		<SimpleData name="osm_id">1248881535</SimpleData>
		<SimpleData name="osm_type">way</SimpleData>
		<SimpleData name="amenity">parking</SimpleData>
		<SimpleData name="parking">surface</SimpleData>
		<SimpleData name="access">private</SimpleData>
	</SchemaData></ExtendedData>
      <MultiGeometry><Polygon><outerBoundaryIs><LinearRing><coordinates>77.6954211,12.9368898 77.6962928,12.9367545 77.6962848,12.9367051 77.695413,12.9368403 77.6954211,12.9368898</coordinates></LinearRing></outerBoundaryIs></Polygon></MultiGeometry>
  </Placemark>
  <Placemark>
	<Style><LineStyle><color>ff0000ff</color></LineStyle><PolyStyle><fill>0</fill></PolyStyle></Style>
	<ExtendedData><SchemaData schemaUrl="#amenity_parking_bengaluru_urban">
		<SimpleData name="full_id">w1248881539</SimpleData>
		<SimpleData name="osm_id">1248881539</SimpleData>
		<SimpleData name="osm_type">way</SimpleData>
		<SimpleData name="amenity">parking</SimpleData>
		<SimpleData name="parking">surface</SimpleData>
		<SimpleData name="access">private</SimpleData>
	</SchemaData></ExtendedData>
      <MultiGeometry><Polygon><outerBoundaryIs><LinearRing><coordinates>77.6951516,12.9375767 77.6956565,12.9377525 77.6957001,12.9377414 77.6957242,12.9376747 77.6952676,12.937512 77.695165,12.9375244 77.6951516,12.9375767</coordinates></LinearRing></outerBoundaryIs></Polygon></MultiGeometry>
  </Placemark>
  <Placemark>
	<Style><LineStyle><color>ff0000ff</color></LineStyle><PolyStyle><fill>0</fill></PolyStyle></Style>
	<ExtendedData><SchemaData schemaUrl="#amenity_parking_bengaluru_urban">
		<SimpleData name="full_id">w1248881540</SimpleData>
		<SimpleData name="osm_id">1248881540</SimpleData>
		<SimpleData name="osm_type">way</SimpleData>
		<SimpleData name="amenity">parking</SimpleData>
		<SimpleData name="parking">surface</SimpleData>
		<SimpleData name="access">private</SimpleData>
	</SchemaData></ExtendedData>
      <MultiGeometry><Polygon><outerBoundaryIs><LinearRing><coordinates>77.6955083,12.9375224 77.6957805,12.9374799 77.6957724,12.9374306 77.6955002,12.9374731 77.6955083,12.9375224</coordinates></LinearRing></outerBoundaryIs></Polygon></MultiGeometry>
  </Placemark>
  <Placemark>
	<Style><LineStyle><color>ff0000ff</color></LineStyle><PolyStyle><fill>0</fill></PolyStyle></Style>
	<ExtendedData><SchemaData schemaUrl="#amenity_parking_bengaluru_urban">
		<SimpleData name="full_id">w1248881541</SimpleData>
		<SimpleData name="osm_id">1248881541</SimpleData>
		<SimpleData name="osm_type">way</SimpleData>
		<SimpleData name="amenity">parking</SimpleData>
		<SimpleData name="parking">surface</SimpleData>
		<SimpleData name="access">private</SimpleData>
	</SchemaData></ExtendedData>
      <MultiGeometry><Polygon><outerBoundaryIs><LinearRing><coordinates>77.6957081,12.937595 77.6959703,12.9375146 77.6959554,12.9374685 77.6956933,12.9375489 77.6957081,12.937595</coordinates></LinearRing></outerBoundaryIs></Polygon></MultiGeometry>
  </Placemark>
  <Placemark>
	<Style><LineStyle><color>ff0000ff</color></LineStyle><PolyStyle><fill>0</fill></PolyStyle></Style>
	<ExtendedData><SchemaData schemaUrl="#amenity_parking_bengaluru_urban">
		<SimpleData name="full_id">w1248881542</SimpleData>
		<SimpleData name="osm_id">1248881542</SimpleData>
		<SimpleData name="osm_type">way</SimpleData>
		<SimpleData name="amenity">parking</SimpleData>
		<SimpleData name="parking">surface</SimpleData>
		<SimpleData name="access">private</SimpleData>
	</SchemaData></ExtendedData>
      <MultiGeometry><Polygon><outerBoundaryIs><LinearRing><coordinates>77.6963827,12.9371839 77.6966389,12.9371519 77.6966327,12.9371053 77.6963766,12.9371373 77.6963827,12.9371839</coordinates></LinearRing></outerBoundaryIs></Polygon></MultiGeometry>
  </Placemark>
  <Placemark>
	<Style><LineStyle><color>ff0000ff</color></LineStyle><PolyStyle><fill>0</fill></PolyStyle></Style>
	<ExtendedData><SchemaData schemaUrl="#amenity_parking_bengaluru_urban">
		<SimpleData name="full_id">w1248881543</SimpleData>
		<SimpleData name="osm_id">1248881543</SimpleData>
		<SimpleData name="osm_type">way</SimpleData>
		<SimpleData name="amenity">parking</SimpleData>
		<SimpleData name="parking">surface</SimpleData>
		<SimpleData name="access">private</SimpleData>
	</SchemaData></ExtendedData>
      <MultiGeometry><Polygon><outerBoundaryIs><LinearRing><coordinates>77.6963961,12.93738 77.6967099,12.9372832 77.6966576,12.937193 77.696384,12.937227 77.6963961,12.93738</coordinates></LinearRing></outerBoundaryIs></Polygon></MultiGeometry>
  </Placemark>
  <Placemark>
	<Style><LineStyle><color>ff0000ff</color></LineStyle><PolyStyle><fill>0</fill></PolyStyle></Style>
	<ExtendedData><SchemaData schemaUrl="#amenity_parking_bengaluru_urban">
		<SimpleData name="full_id">w1248898223</SimpleData>
		<SimpleData name="osm_id">1248898223</SimpleData>
		<SimpleData name="osm_type">way</SimpleData>
		<SimpleData name="amenity">parking</SimpleData>
		<SimpleData name="parking">surface</SimpleData>
		<SimpleData name="access">permissive</SimpleData>
	</SchemaData></ExtendedData>
      <MultiGeometry><Polygon><outerBoundaryIs><LinearRing><coordinates>77.6805845,13.1443752 77.6782102,13.1443923 77.6782107,13.1444587 77.680585,13.1444416 77.6805845,13.1443752</coordinates></LinearRing></outerBoundaryIs></Polygon></MultiGeometry>
  </Placemark>
  <Placemark>
	<Style><LineStyle><color>ff0000ff</color></LineStyle><PolyStyle><fill>0</fill></PolyStyle></Style>
	<ExtendedData><SchemaData schemaUrl="#amenity_parking_bengaluru_urban">
		<SimpleData name="full_id">w1248898224</SimpleData>
		<SimpleData name="osm_id">1248898224</SimpleData>
		<SimpleData name="osm_type">way</SimpleData>
		<SimpleData name="amenity">parking</SimpleData>
		<SimpleData name="parking">surface</SimpleData>
		<SimpleData name="access">permissive</SimpleData>
	</SchemaData></ExtendedData>
      <MultiGeometry><Polygon><outerBoundaryIs><LinearRing><coordinates>77.6777977,13.144289 77.6777929,13.143664 77.6776984,13.1436647 77.6777032,13.1442897 77.6777977,13.144289</coordinates></LinearRing></outerBoundaryIs></Polygon></MultiGeometry>
  </Placemark>
  <Placemark>
	<Style><LineStyle><color>ff0000ff</color></LineStyle><PolyStyle><fill>0</fill></PolyStyle></Style>
	<ExtendedData><SchemaData schemaUrl="#amenity_parking_bengaluru_urban">
		<SimpleData name="full_id">w1248898228</SimpleData>
		<SimpleData name="osm_id">1248898228</SimpleData>
		<SimpleData name="osm_type">way</SimpleData>
		<SimpleData name="amenity">parking</SimpleData>
		<SimpleData name="parking">surface</SimpleData>
		<SimpleData name="access">permissive</SimpleData>
	</SchemaData></ExtendedData>
      <MultiGeometry><Polygon><outerBoundaryIs><LinearRing><coordinates>77.678868,13.1454186 77.6788665,13.1449864 77.678699,13.1449869 77.6787016,13.1457673 77.6787472,13.1457672 77.6787472,13.1454186 77.678868,13.1454186</coordinates></LinearRing></outerBoundaryIs></Polygon></MultiGeometry>
  </Placemark>
  <Placemark>
	<Style><LineStyle><color>ff0000ff</color></LineStyle><PolyStyle><fill>0</fill></PolyStyle></Style>
	<ExtendedData><SchemaData schemaUrl="#amenity_parking_bengaluru_urban">
		<SimpleData name="full_id">w1248898231</SimpleData>
		<SimpleData name="osm_id">1248898231</SimpleData>
		<SimpleData name="osm_type">way</SimpleData>
		<SimpleData name="amenity">parking</SimpleData>
		<SimpleData name="parking">surface</SimpleData>
		<SimpleData name="access">permissive</SimpleData>
	</SchemaData></ExtendedData>
      <MultiGeometry><Polygon><outerBoundaryIs><LinearRing><coordinates>77.6781517,13.145685 77.6781474,13.1451191 77.6780833,13.1451196 77.6780876,13.1456855 77.6781517,13.145685</coordinates></LinearRing></outerBoundaryIs></Polygon></MultiGeometry>
  </Placemark>
  <Placemark>
	<Style><LineStyle><color>ff0000ff</color></LineStyle><PolyStyle><fill>0</fill></PolyStyle></Style>
	<ExtendedData><SchemaData schemaUrl="#amenity_parking_bengaluru_urban">
		<SimpleData name="full_id">w1248898232</SimpleData>
		<SimpleData name="osm_id">1248898232</SimpleData>
		<SimpleData name="osm_type">way</SimpleData>
		<SimpleData name="amenity">parking</SimpleData>
		<SimpleData name="parking">surface</SimpleData>
		<SimpleData name="access">permissive</SimpleData>
	</SchemaData></ExtendedData>
      <MultiGeometry><Polygon><outerBoundaryIs><LinearRing><coordinates>77.6794861,13.1458104 77.6785376,13.1458173 77.678538,13.14586 77.6794865,13.1458532 77.6794861,13.1458104</coordinates></LinearRing></outerBoundaryIs></Polygon></MultiGeometry>
  </Placemark>
  <Placemark>
	<Style><LineStyle><color>ff0000ff</color></LineStyle><PolyStyle><fill>0</fill></PolyStyle></Style>
	<ExtendedData><SchemaData schemaUrl="#amenity_parking_bengaluru_urban">
		<SimpleData name="full_id">w1248898233</SimpleData>
		<SimpleData name="osm_id">1248898233</SimpleData>
		<SimpleData name="osm_type">way</SimpleData>
		<SimpleData name="amenity">parking</SimpleData>
		<SimpleData name="parking">surface</SimpleData>
		<SimpleData name="access">permissive</SimpleData>
	</SchemaData></ExtendedData>
      <MultiGeometry><Polygon><outerBoundaryIs><LinearRing><coordinates>77.6801205,13.1458339 77.6806988,13.1458297 77.6806985,13.1457869 77.6801201,13.1457911 77.6801205,13.1458339</coordinates></LinearRing></outerBoundaryIs></Polygon></MultiGeometry>
  </Placemark>
  <Placemark>
	<Style><LineStyle><color>ff0000ff</color></LineStyle><PolyStyle><fill>0</fill></PolyStyle></Style>
	<ExtendedData><SchemaData schemaUrl="#amenity_parking_bengaluru_urban">
		<SimpleData name="full_id">w1248898234</SimpleData>
		<SimpleData name="osm_id">1248898234</SimpleData>
		<SimpleData name="osm_type">way</SimpleData>
		<SimpleData name="amenity">parking</SimpleData>
		<SimpleData name="parking">surface</SimpleData>
		<SimpleData name="access">permissive</SimpleData>
	</SchemaData></ExtendedData>
      <MultiGeometry><Polygon><outerBoundaryIs><LinearRing><coordinates>77.6807494,13.1452711 77.6808737,13.1452702 77.6808715,13.1449746 77.6807472,13.1449755 77.6807494,13.1452711</coordinates></LinearRing></outerBoundaryIs></Polygon></MultiGeometry>
  </Placemark>
  <Placemark>
	<Style><LineStyle><color>ff0000ff</color></LineStyle><PolyStyle><fill>0</fill></PolyStyle></Style>
	<ExtendedData><SchemaData schemaUrl="#amenity_parking_bengaluru_urban">
		<SimpleData name="full_id">w1248898246</SimpleData>
		<SimpleData name="osm_id">1248898246</SimpleData>
		<SimpleData name="osm_type">way</SimpleData>
		<SimpleData name="amenity">parking</SimpleData>
		<SimpleData name="parking">surface</SimpleData>
		<SimpleData name="access">permissive</SimpleData>
	</SchemaData></ExtendedData>
      <MultiGeometry><Polygon><outerBoundaryIs><LinearRing><coordinates>77.6806971,13.1448897 77.6806965,13.1448064 77.6789322,13.1448192 77.6789329,13.1449025 77.6806971,13.1448897</coordinates></LinearRing></outerBoundaryIs></Polygon></MultiGeometry>
  </Placemark>
  <Placemark>
	<Style><LineStyle><color>ff0000ff</color></LineStyle><PolyStyle><fill>0</fill></PolyStyle></Style>
	<ExtendedData><SchemaData schemaUrl="#amenity_parking_bengaluru_urban">
		<SimpleData name="full_id">w1248898257</SimpleData>
		<SimpleData name="osm_id">1248898257</SimpleData>
		<SimpleData name="osm_type">way</SimpleData>
		<SimpleData name="amenity">parking</SimpleData>
		<SimpleData name="parking">surface</SimpleData>
		<SimpleData name="access">permissive</SimpleData>
	</SchemaData></ExtendedData>
      <MultiGeometry><Polygon><outerBoundaryIs><LinearRing><coordinates>77.6781339,13.1436058 77.6808633,13.143586 77.6808613,13.1433174 77.6781318,13.1433372 77.6781339,13.1436058</coordinates></LinearRing></outerBoundaryIs></Polygon></MultiGeometry>
  </Placemark>
  <Placemark>
	<Style><LineStyle><color>ff0000ff</color></LineStyle><PolyStyle><fill>0</fill></PolyStyle></Style>
	<ExtendedData><SchemaData schemaUrl="#amenity_parking_bengaluru_urban">
		<SimpleData name="full_id">w1248898268</SimpleData>
		<SimpleData name="osm_id">1248898268</SimpleData>
		<SimpleData name="osm_type">way</SimpleData>
		<SimpleData name="amenity">parking</SimpleData>
		<SimpleData name="parking">surface</SimpleData>
		<SimpleData name="access">permissive</SimpleData>
	</SchemaData></ExtendedData>
      <MultiGeometry><Polygon><outerBoundaryIs><LinearRing><coordinates>77.6823224,13.141357 77.6822563,13.1413574 77.6822607,13.1420293 77.6823268,13.1420289 77.6823224,13.141357</coordinates></LinearRing></outerBoundaryIs></Polygon></MultiGeometry>
  </Placemark>
  <Placemark>
	<Style><LineStyle><color>ff0000ff</color></LineStyle><PolyStyle><fill>0</fill></PolyStyle></Style>
	<ExtendedData><SchemaData schemaUrl="#amenity_parking_bengaluru_urban">
		<SimpleData name="full_id">w1248898294</SimpleData>
		<SimpleData name="osm_id">1248898294</SimpleData>
		<SimpleData name="osm_type">way</SimpleData>
		<SimpleData name="amenity">parking</SimpleData>
		<SimpleData name="parking">surface</SimpleData>
		<SimpleData name="access">permissive</SimpleData>
	</SchemaData></ExtendedData>
      <MultiGeometry><Polygon><outerBoundaryIs><LinearRing><coordinates>77.6819948,13.1425967 77.6819958,13.1427658 77.682276,13.1427642 77.6822753,13.1426544 77.6829235,13.1426507 77.6829231,13.1425914 77.6819948,13.1425967</coordinates></LinearRing></outerBoundaryIs></Polygon></MultiGeometry>
  </Placemark>
  <Placemark>
	<Style><LineStyle><color>ff0000ff</color></LineStyle><PolyStyle><fill>0</fill></PolyStyle></Style>
	<ExtendedData><SchemaData schemaUrl="#amenity_parking_bengaluru_urban">
		<SimpleData name="full_id">w1248898295</SimpleData>
		<SimpleData name="osm_id">1248898295</SimpleData>
		<SimpleData name="osm_type">way</SimpleData>
		<SimpleData name="amenity">parking</SimpleData>
		<SimpleData name="parking">surface</SimpleData>
		<SimpleData name="access">permissive</SimpleData>
	</SchemaData></ExtendedData>
      <MultiGeometry><Polygon><outerBoundaryIs><LinearRing><coordinates>77.6822546,13.1411389 77.6822563,13.1413574 77.6822607,13.1420293 77.6821925,13.1420297 77.6820813,13.1420303 77.6820837,13.1418626 77.6821696,13.141864 77.6821611,13.1414319 77.6819981,13.141429 77.681996,13.1411994 77.6820329,13.1411858 77.6821321,13.1411494 77.6822073,13.1411429 77.6822546,13.1411389</coordinates></LinearRing></outerBoundaryIs></Polygon></MultiGeometry>
  </Placemark>
  <Placemark>
	<Style><LineStyle><color>ff0000ff</color></LineStyle><PolyStyle><fill>0</fill></PolyStyle></Style>
	<ExtendedData><SchemaData schemaUrl="#amenity_parking_bengaluru_urban">
		<SimpleData name="full_id">w1250177472</SimpleData>
		<SimpleData name="osm_id">1250177472</SimpleData>
		<SimpleData name="osm_type">way</SimpleData>
		<SimpleData name="amenity">parking</SimpleData>
		<SimpleData name="capacity">12</SimpleData>
		<SimpleData name="surface">concrete</SimpleData>
		<SimpleData name="parking">surface</SimpleData>
		<SimpleData name="fee">no</SimpleData>
		<SimpleData name="access">customers</SimpleData>
	</SchemaData></ExtendedData>
      <MultiGeometry><Polygon><outerBoundaryIs><LinearRing><coordinates>77.5404585,12.8566535 77.5405921,12.8565991 77.5405193,12.856431 77.5403857,12.8564912 77.5404585,12.8566535</coordinates></LinearRing></outerBoundaryIs></Polygon></MultiGeometry>
  </Placemark>
  <Placemark>
	<Style><LineStyle><color>ff0000ff</color></LineStyle><PolyStyle><fill>0</fill></PolyStyle></Style>
	<ExtendedData><SchemaData schemaUrl="#amenity_parking_bengaluru_urban">
		<SimpleData name="full_id">w1250395178</SimpleData>
		<SimpleData name="osm_id">1250395178</SimpleData>
		<SimpleData name="osm_type">way</SimpleData>
		<SimpleData name="amenity">parking</SimpleData>
		<SimpleData name="parking">surface</SimpleData>
		<SimpleData name="access">private</SimpleData>
	</SchemaData></ExtendedData>
      <MultiGeometry><Polygon><outerBoundaryIs><LinearRing><coordinates>77.7036683,12.8878337 77.7037333,12.8878207 77.7036277,12.8873173 77.7035627,12.8873303 77.7036683,12.8878337</coordinates></LinearRing></outerBoundaryIs></Polygon></MultiGeometry>
  </Placemark>
  <Placemark>
	<Style><LineStyle><color>ff0000ff</color></LineStyle><PolyStyle><fill>0</fill></PolyStyle></Style>
	<ExtendedData><SchemaData schemaUrl="#amenity_parking_bengaluru_urban">
		<SimpleData name="full_id">w1250711422</SimpleData>
		<SimpleData name="osm_id">1250711422</SimpleData>
		<SimpleData name="osm_type">way</SimpleData>
		<SimpleData name="amenity">parking</SimpleData>
		<SimpleData name="operator">BMRCL</SimpleData>
		<SimpleData name="parking">surface</SimpleData>
		<SimpleData name="access">customers</SimpleData>
	</SchemaData></ExtendedData>
      <MultiGeometry><Polygon><outerBoundaryIs><LinearRing><coordinates>77.5195447,13.0401656 77.5205545,13.0396312 77.5204568,13.039456 77.5194469,13.0399903 77.5195447,13.0401656</coordinates></LinearRing></outerBoundaryIs></Polygon></MultiGeometry>
  </Placemark>
  <Placemark>
	<Style><LineStyle><color>ff0000ff</color></LineStyle><PolyStyle><fill>0</fill></PolyStyle></Style>
	<ExtendedData><SchemaData schemaUrl="#amenity_parking_bengaluru_urban">
		<SimpleData name="full_id">w1252334764</SimpleData>
		<SimpleData name="osm_id">1252334764</SimpleData>
		<SimpleData name="osm_type">way</SimpleData>
		<SimpleData name="amenity">parking</SimpleData>
		<SimpleData name="parking">surface</SimpleData>
		<SimpleData name="access">customers</SimpleData>
	</SchemaData></ExtendedData>
      <MultiGeometry><Polygon><outerBoundaryIs><LinearRing><coordinates>77.7353979,12.9690886 77.7355399,12.969069 77.7355073,12.96896 77.7353678,12.9689882 77.7353979,12.9690886</coordinates></LinearRing></outerBoundaryIs></Polygon></MultiGeometry>
  </Placemark>
  <Placemark>
	<Style><LineStyle><color>ff0000ff</color></LineStyle><PolyStyle><fill>0</fill></PolyStyle></Style>
	<ExtendedData><SchemaData schemaUrl="#amenity_parking_bengaluru_urban">
		<SimpleData name="full_id">w1252731184</SimpleData>
		<SimpleData name="osm_id">1252731184</SimpleData>
		<SimpleData name="osm_type">way</SimpleData>
		<SimpleData name="amenity">parking</SimpleData>
		<SimpleData name="parking">surface</SimpleData>
		<SimpleData name="access">permissive</SimpleData>
	</SchemaData></ExtendedData>
      <MultiGeometry><Polygon><outerBoundaryIs><LinearRing><coordinates>77.6406169,13.0813521 77.6412982,13.0810525 77.6412716,13.0809951 77.6405903,13.0812948 77.6406169,13.0813521</coordinates></LinearRing></outerBoundaryIs></Polygon></MultiGeometry>
  </Placemark>
  <Placemark>
	<Style><LineStyle><color>ff0000ff</color></LineStyle><PolyStyle><fill>0</fill></PolyStyle></Style>
	<ExtendedData><SchemaData schemaUrl="#amenity_parking_bengaluru_urban">
		<SimpleData name="full_id">w1252731185</SimpleData>
		<SimpleData name="osm_id">1252731185</SimpleData>
		<SimpleData name="osm_type">way</SimpleData>
		<SimpleData name="amenity">parking</SimpleData>
		<SimpleData name="parking">surface</SimpleData>
		<SimpleData name="access">permissive</SimpleData>
	</SchemaData></ExtendedData>
      <MultiGeometry><Polygon><outerBoundaryIs><LinearRing><coordinates>77.6398686,13.0801641 77.6401032,13.0801994 77.6412968,13.080087 77.6412959,13.0800203 77.6400966,13.0801319 77.6398777,13.0801009 77.6398686,13.0801641</coordinates></LinearRing></outerBoundaryIs></Polygon></MultiGeometry>
  </Placemark>
  <Placemark>
	<Style><LineStyle><color>ff0000ff</color></LineStyle><PolyStyle><fill>0</fill></PolyStyle></Style>
	<ExtendedData><SchemaData schemaUrl="#amenity_parking_bengaluru_urban">
		<SimpleData name="full_id">w1252777840</SimpleData>
		<SimpleData name="osm_id">1252777840</SimpleData>
		<SimpleData name="osm_type">way</SimpleData>
		<SimpleData name="amenity">parking</SimpleData>
		<SimpleData name="parking">surface</SimpleData>
		<SimpleData name="access">permissive</SimpleData>
	</SchemaData></ExtendedData>
      <MultiGeometry><Polygon><outerBoundaryIs><LinearRing><coordinates>77.6434724,13.0851924 77.6435212,13.0851865 77.6436565,13.0862474 77.6436077,13.0862533 77.6434724,13.0851924</coordinates></LinearRing></outerBoundaryIs></Polygon></MultiGeometry>
  </Placemark>
  <Placemark>
	<Style><LineStyle><color>ff0000ff</color></LineStyle><PolyStyle><fill>0</fill></PolyStyle></Style>
	<ExtendedData><SchemaData schemaUrl="#amenity_parking_bengaluru_urban">
		<SimpleData name="full_id">w1253120679</SimpleData>
		<SimpleData name="osm_id">1253120679</SimpleData>
		<SimpleData name="osm_type">way</SimpleData>
		<SimpleData name="amenity">parking</SimpleData>
		<SimpleData name="parking">surface</SimpleData>
		<SimpleData name="access">permissive</SimpleData>
	</SchemaData></ExtendedData>
      <MultiGeometry><Polygon><outerBoundaryIs><LinearRing><coordinates>77.5027661,13.0708604 77.5028707,13.0693528 77.5029267,13.0693555 77.502864,13.07088 77.5027661,13.0708604</coordinates></LinearRing></outerBoundaryIs></Polygon></MultiGeometry>
  </Placemark>
  <Placemark>
	<Style><LineStyle><color>ff0000ff</color></LineStyle><PolyStyle><fill>0</fill></PolyStyle></Style>
	<ExtendedData><SchemaData schemaUrl="#amenity_parking_bengaluru_urban">
		<SimpleData name="full_id">w1253120680</SimpleData>
		<SimpleData name="osm_id">1253120680</SimpleData>
		<SimpleData name="osm_type">way</SimpleData>
		<SimpleData name="amenity">parking</SimpleData>
		<SimpleData name="parking">surface</SimpleData>
		<SimpleData name="access">permissive</SimpleData>
	</SchemaData></ExtendedData>
      <MultiGeometry><Polygon><outerBoundaryIs><LinearRing><coordinates>77.502552,13.071624 77.5031282,13.0718127 77.5032972,13.0709936 77.5029485,13.0710302 77.502816,13.0709945 77.502552,13.071624</coordinates></LinearRing></outerBoundaryIs></Polygon></MultiGeometry>
  </Placemark>
  <Placemark>
	<Style><LineStyle><color>ff0000ff</color></LineStyle><PolyStyle><fill>0</fill></PolyStyle></Style>
	<ExtendedData><SchemaData schemaUrl="#amenity_parking_bengaluru_urban">
		<SimpleData name="full_id">w1253579859</SimpleData>
		<SimpleData name="osm_id">1253579859</SimpleData>
		<SimpleData name="osm_type">way</SimpleData>
		<SimpleData name="amenity">parking</SimpleData>
		<SimpleData name="parking">surface</SimpleData>
		<SimpleData name="access">permissive</SimpleData>
	</SchemaData></ExtendedData>
      <MultiGeometry><Polygon><outerBoundaryIs><LinearRing><coordinates>77.5957321,12.9913583 77.5959118,12.9910539 77.5958605,12.9910251 77.5956808,12.9913296 77.5957321,12.9913583</coordinates></LinearRing></outerBoundaryIs></Polygon></MultiGeometry>
  </Placemark>
  <Placemark>
	<Style><LineStyle><color>ff0000ff</color></LineStyle><PolyStyle><fill>0</fill></PolyStyle></Style>
	<ExtendedData><SchemaData schemaUrl="#amenity_parking_bengaluru_urban">
		<SimpleData name="full_id">w1253579860</SimpleData>
		<SimpleData name="osm_id">1253579860</SimpleData>
		<SimpleData name="osm_type">way</SimpleData>
		<SimpleData name="amenity">parking</SimpleData>
		<SimpleData name="parking">surface</SimpleData>
		<SimpleData name="access">permissive</SimpleData>
	</SchemaData></ExtendedData>
      <MultiGeometry><Polygon><outerBoundaryIs><LinearRing><coordinates>77.5950918,12.9918484 77.5949737,12.992013 77.5948584,12.9918928 77.5948249,12.9919216 77.5946814,12.9918222 77.5948074,12.9916654 77.5950918,12.9918484</coordinates></LinearRing></outerBoundaryIs></Polygon></MultiGeometry>
  </Placemark>
  <Placemark>
	<Style><LineStyle><color>ff0000ff</color></LineStyle><PolyStyle><fill>0</fill></PolyStyle></Style>
	<ExtendedData><SchemaData schemaUrl="#amenity_parking_bengaluru_urban">
		<SimpleData name="full_id">w1253838405</SimpleData>
		<SimpleData name="osm_id">1253838405</SimpleData>
		<SimpleData name="osm_type">way</SimpleData>
		<SimpleData name="amenity">parking</SimpleData>
		<SimpleData name="parking">surface</SimpleData>
	</SchemaData></ExtendedData>
      <MultiGeometry><Polygon><outerBoundaryIs><LinearRing><coordinates>77.6864041,12.93266 77.6863858,12.932354 77.686526,12.932346 77.6865443,12.9326521 77.6864041,12.93266</coordinates></LinearRing></outerBoundaryIs></Polygon></MultiGeometry>
  </Placemark>
  <Placemark>
	<Style><LineStyle><color>ff0000ff</color></LineStyle><PolyStyle><fill>0</fill></PolyStyle></Style>
	<ExtendedData><SchemaData schemaUrl="#amenity_parking_bengaluru_urban">
		<SimpleData name="full_id">w1253845513</SimpleData>
		<SimpleData name="osm_id">1253845513</SimpleData>
		<SimpleData name="osm_type">way</SimpleData>
		<SimpleData name="amenity">parking</SimpleData>
		<SimpleData name="parking">surface</SimpleData>
		<SimpleData name="fee">no</SimpleData>
		<SimpleData name="access">customers</SimpleData>
	</SchemaData></ExtendedData>
      <MultiGeometry><Polygon><outerBoundaryIs><LinearRing><coordinates>77.5812127,13.0718976 77.5813052,13.0714835 77.5815131,13.0715253 77.5815761,13.0715632 77.5816579,13.071737 77.5812127,13.0718976</coordinates></LinearRing></outerBoundaryIs></Polygon></MultiGeometry>
  </Placemark>
  <Placemark>
	<Style><LineStyle><color>ff0000ff</color></LineStyle><PolyStyle><fill>0</fill></PolyStyle></Style>
	<ExtendedData><SchemaData schemaUrl="#amenity_parking_bengaluru_urban">
		<SimpleData name="full_id">w1254768891</SimpleData>
		<SimpleData name="osm_id">1254768891</SimpleData>
		<SimpleData name="osm_type">way</SimpleData>
		<SimpleData name="amenity">parking</SimpleData>
		<SimpleData name="orientation">perpendicular</SimpleData>
		<SimpleData name="parking">street_side</SimpleData>
		<SimpleData name="fee">no</SimpleData>
		<SimpleData name="access">yes</SimpleData>
	</SchemaData></ExtendedData>
      <MultiGeometry><Polygon><outerBoundaryIs><LinearRing><coordinates>77.5993575,12.9901763 77.5993988,12.9901622 77.5992272,12.9896844 77.599186,12.9896985 77.5993575,12.9901763</coordinates></LinearRing></outerBoundaryIs></Polygon></MultiGeometry>
  </Placemark>
  <Placemark>
	<Style><LineStyle><color>ff0000ff</color></LineStyle><PolyStyle><fill>0</fill></PolyStyle></Style>
	<ExtendedData><SchemaData schemaUrl="#amenity_parking_bengaluru_urban">
		<SimpleData name="full_id">w1254920422</SimpleData>
		<SimpleData name="osm_id">1254920422</SimpleData>
		<SimpleData name="osm_type">way</SimpleData>
		<SimpleData name="amenity">parking</SimpleData>
	</SchemaData></ExtendedData>
      <MultiGeometry><Polygon><outerBoundaryIs><LinearRing><coordinates>77.730637,12.7912557 77.7306082,12.7911654 77.7307971,12.7910813 77.7308384,12.7911471 77.730637,12.7912557</coordinates></LinearRing></outerBoundaryIs></Polygon></MultiGeometry>
  </Placemark>
  <Placemark>
	<Style><LineStyle><color>ff0000ff</color></LineStyle><PolyStyle><fill>0</fill></PolyStyle></Style>
	<ExtendedData><SchemaData schemaUrl="#amenity_parking_bengaluru_urban">
		<SimpleData name="full_id">w1254925111</SimpleData>
		<SimpleData name="osm_id">1254925111</SimpleData>
		<SimpleData name="osm_type">way</SimpleData>
		<SimpleData name="amenity">parking</SimpleData>
		<SimpleData name="access">private</SimpleData>
	</SchemaData></ExtendedData>
      <MultiGeometry><Polygon><outerBoundaryIs><LinearRing><coordinates>77.6848525,12.961761 77.6859317,12.9618439 77.6859978,12.9610263 77.6849186,12.9609433 77.6848525,12.961761</coordinates></LinearRing></outerBoundaryIs></Polygon></MultiGeometry>
  </Placemark>
  <Placemark>
	<Style><LineStyle><color>ff0000ff</color></LineStyle><PolyStyle><fill>0</fill></PolyStyle></Style>
	<ExtendedData><SchemaData schemaUrl="#amenity_parking_bengaluru_urban">
		<SimpleData name="full_id">w1254925113</SimpleData>
		<SimpleData name="osm_id">1254925113</SimpleData>
		<SimpleData name="osm_type">way</SimpleData>
		<SimpleData name="amenity">parking</SimpleData>
		<SimpleData name="parking">street_side</SimpleData>
		<SimpleData name="access">private</SimpleData>
	</SchemaData></ExtendedData>
      <MultiGeometry><Polygon><outerBoundaryIs><LinearRing><coordinates>77.6845241,12.9613563 77.6845401,12.9611078 77.6845866,12.9611106 77.6845707,12.9613591 77.6845241,12.9613563</coordinates></LinearRing></outerBoundaryIs></Polygon></MultiGeometry>
  </Placemark>
  <Placemark>
	<Style><LineStyle><color>ff0000ff</color></LineStyle><PolyStyle><fill>0</fill></PolyStyle></Style>
	<ExtendedData><SchemaData schemaUrl="#amenity_parking_bengaluru_urban">
		<SimpleData name="full_id">w1255138228</SimpleData>
		<SimpleData name="osm_id">1255138228</SimpleData>
		<SimpleData name="osm_type">way</SimpleData>
		<SimpleData name="amenity">parking</SimpleData>
		<SimpleData name="parking">surface</SimpleData>
		<SimpleData name="access">customers</SimpleData>
	</SchemaData></ExtendedData>
      <MultiGeometry><Polygon><outerBoundaryIs><LinearRing><coordinates>77.6382929,12.8981588 77.6386171,12.8981535 77.6386086,12.8976697 77.6382846,12.897675 77.6382929,12.8981588</coordinates></LinearRing></outerBoundaryIs></Polygon></MultiGeometry>
  </Placemark>
  <Placemark>
	<Style><LineStyle><color>ff0000ff</color></LineStyle><PolyStyle><fill>0</fill></PolyStyle></Style>
	<ExtendedData><SchemaData schemaUrl="#amenity_parking_bengaluru_urban">
		<SimpleData name="full_id">w1256004256</SimpleData>
		<SimpleData name="osm_id">1256004256</SimpleData>
		<SimpleData name="osm_type">way</SimpleData>
		<SimpleData name="amenity">parking</SimpleData>
		<SimpleData name="operator">BBMP</SimpleData>
		<SimpleData name="parking">surface</SimpleData>
		<SimpleData name="access">yes</SimpleData>
	</SchemaData></ExtendedData>
      <MultiGeometry><Polygon><outerBoundaryIs><LinearRing><coordinates>77.5909339,12.9868145 77.5911948,12.9866992 77.5911829,12.9866736 77.590922,12.986789 77.5909339,12.9868145</coordinates></LinearRing></outerBoundaryIs></Polygon></MultiGeometry>
  </Placemark>
  <Placemark>
	<Style><LineStyle><color>ff0000ff</color></LineStyle><PolyStyle><fill>0</fill></PolyStyle></Style>
	<ExtendedData><SchemaData schemaUrl="#amenity_parking_bengaluru_urban">
		<SimpleData name="full_id">w1256004257</SimpleData>
		<SimpleData name="osm_id">1256004257</SimpleData>
		<SimpleData name="osm_type">way</SimpleData>
		<SimpleData name="amenity">parking</SimpleData>
		<SimpleData name="operator">BBMP</SimpleData>
		<SimpleData name="parking">surface</SimpleData>
		<SimpleData name="fee">yes</SimpleData>
		<SimpleData name="access">yes</SimpleData>
	</SchemaData></ExtendedData>
      <MultiGeometry><Polygon><outerBoundaryIs><LinearRing><coordinates>77.5905377,12.9869202 77.5907985,12.9868048 77.5907867,12.9867793 77.5905258,12.9868946 77.5905377,12.9869202</coordinates></LinearRing></outerBoundaryIs></Polygon></MultiGeometry>
  </Placemark>
  <Placemark>
	<Style><LineStyle><color>ff0000ff</color></LineStyle><PolyStyle><fill>0</fill></PolyStyle></Style>
	<ExtendedData><SchemaData schemaUrl="#amenity_parking_bengaluru_urban">
		<SimpleData name="full_id">w1256756143</SimpleData>
		<SimpleData name="osm_id">1256756143</SimpleData>
		<SimpleData name="osm_type">way</SimpleData>
		<SimpleData name="amenity">parking</SimpleData>
		<SimpleData name="parking">surface</SimpleData>
		<SimpleData name="access">customers</SimpleData>
	</SchemaData></ExtendedData>
      <MultiGeometry><Polygon><outerBoundaryIs><LinearRing><coordinates>77.7284196,12.9874446 77.7285813,12.9872263 77.7294222,12.9877634 77.7293792,12.9884155 77.728951,12.9884445 77.729248,12.9879849 77.7284196,12.9874446</coordinates></LinearRing></outerBoundaryIs></Polygon></MultiGeometry>
  </Placemark>
  <Placemark>
	<Style><LineStyle><color>ff0000ff</color></LineStyle><PolyStyle><fill>0</fill></PolyStyle></Style>
	<ExtendedData><SchemaData schemaUrl="#amenity_parking_bengaluru_urban">
		<SimpleData name="full_id">w1256797188</SimpleData>
		<SimpleData name="osm_id">1256797188</SimpleData>
		<SimpleData name="osm_type">way</SimpleData>
		<SimpleData name="amenity">parking</SimpleData>
		<SimpleData name="parking">surface</SimpleData>
		<SimpleData name="access">private</SimpleData>
	</SchemaData></ExtendedData>
      <MultiGeometry><Polygon><outerBoundaryIs><LinearRing><coordinates>77.7130137,12.9893201 77.7129864,12.9886986 77.713423,12.9886805 77.7134502,12.9893019 77.7130137,12.9893201</coordinates></LinearRing></outerBoundaryIs></Polygon></MultiGeometry>
  </Placemark>
  <Placemark>
	<Style><LineStyle><color>ff0000ff</color></LineStyle><PolyStyle><fill>0</fill></PolyStyle></Style>
	<ExtendedData><SchemaData schemaUrl="#amenity_parking_bengaluru_urban">
		<SimpleData name="full_id">w1257318362</SimpleData>
		<SimpleData name="osm_id">1257318362</SimpleData>
		<SimpleData name="osm_type">way</SimpleData>
		<SimpleData name="amenity">parking</SimpleData>
		<SimpleData name="parking">surface</SimpleData>
		<SimpleData name="access">private</SimpleData>
	</SchemaData></ExtendedData>
      <MultiGeometry><Polygon><outerBoundaryIs><LinearRing><coordinates>77.5874219,12.9719855 77.5876849,12.9720221 77.5877065,12.9718748 77.5874434,12.9718382 77.5874219,12.9719855</coordinates></LinearRing></outerBoundaryIs></Polygon></MultiGeometry>
  </Placemark>
  <Placemark>
	<Style><LineStyle><color>ff0000ff</color></LineStyle><PolyStyle><fill>0</fill></PolyStyle></Style>
	<ExtendedData><SchemaData schemaUrl="#amenity_parking_bengaluru_urban">
		<SimpleData name="full_id">w1257330711</SimpleData>
		<SimpleData name="osm_id">1257330711</SimpleData>
		<SimpleData name="osm_type">way</SimpleData>
		<SimpleData name="amenity">parking</SimpleData>
		<SimpleData name="parking">surface</SimpleData>
	</SchemaData></ExtendedData>
      <MultiGeometry><Polygon><outerBoundaryIs><LinearRing><coordinates>77.6431677,12.885968 77.6437189,12.8862699 77.6439375,12.8858581 77.6434238,12.885632 77.6431891,12.8856176 77.6430644,12.8859052 77.6431677,12.885968</coordinates></LinearRing></outerBoundaryIs></Polygon></MultiGeometry>
  </Placemark>
  <Placemark>
	<Style><LineStyle><color>ff0000ff</color></LineStyle><PolyStyle><fill>0</fill></PolyStyle></Style>
	<ExtendedData><SchemaData schemaUrl="#amenity_parking_bengaluru_urban">
		<SimpleData name="full_id">w1257687997</SimpleData>
		<SimpleData name="osm_id">1257687997</SimpleData>
		<SimpleData name="osm_type">way</SimpleData>
		<SimpleData name="amenity">parking</SimpleData>
		<SimpleData name="parking">surface</SimpleData>
	</SchemaData></ExtendedData>
      <MultiGeometry><Polygon><outerBoundaryIs><LinearRing><coordinates>77.6941511,12.9363252 77.6941927,12.9363281 77.6942047,12.936167 77.6941632,12.936164 77.6941511,12.9363252</coordinates></LinearRing></outerBoundaryIs></Polygon></MultiGeometry>
  </Placemark>
  <Placemark>
	<Style><LineStyle><color>ff0000ff</color></LineStyle><PolyStyle><fill>0</fill></PolyStyle></Style>
	<ExtendedData><SchemaData schemaUrl="#amenity_parking_bengaluru_urban">
		<SimpleData name="full_id">w1257687998</SimpleData>
		<SimpleData name="osm_id">1257687998</SimpleData>
		<SimpleData name="osm_type">way</SimpleData>
		<SimpleData name="amenity">parking</SimpleData>
		<SimpleData name="parking">surface</SimpleData>
	</SchemaData></ExtendedData>
      <MultiGeometry><Polygon><outerBoundaryIs><LinearRing><coordinates>77.6936198,12.9365347 77.6941662,12.9365736 77.6941795,12.9363966 77.6936331,12.9363577 77.6936198,12.9365347</coordinates></LinearRing></outerBoundaryIs></Polygon></MultiGeometry>
  </Placemark>
  <Placemark>
	<Style><LineStyle><color>ff0000ff</color></LineStyle><PolyStyle><fill>0</fill></PolyStyle></Style>
	<ExtendedData><SchemaData schemaUrl="#amenity_parking_bengaluru_urban">
		<SimpleData name="full_id">w1257687999</SimpleData>
		<SimpleData name="osm_id">1257687999</SimpleData>
		<SimpleData name="osm_type">way</SimpleData>
		<SimpleData name="amenity">parking</SimpleData>
		<SimpleData name="parking">surface</SimpleData>
	</SchemaData></ExtendedData>
      <MultiGeometry><Polygon><outerBoundaryIs><LinearRing><coordinates>77.6937357,12.9363133 77.69398,12.9363371 77.6939894,12.9362457 77.6937451,12.9362219 77.6937357,12.9363133</coordinates></LinearRing></outerBoundaryIs></Polygon></MultiGeometry>
  </Placemark>
  <Placemark>
	<Style><LineStyle><color>ff0000ff</color></LineStyle><PolyStyle><fill>0</fill></PolyStyle></Style>
	<ExtendedData><SchemaData schemaUrl="#amenity_parking_bengaluru_urban">
		<SimpleData name="full_id">w1257688046</SimpleData>
		<SimpleData name="osm_id">1257688046</SimpleData>
		<SimpleData name="osm_type">way</SimpleData>
		<SimpleData name="amenity">parking</SimpleData>
		<SimpleData name="parking">surface</SimpleData>
		<SimpleData name="access">permissive</SimpleData>
	</SchemaData></ExtendedData>
      <MultiGeometry><Polygon><outerBoundaryIs><LinearRing><coordinates>77.6787008,12.9310558 77.6794404,12.9312093 77.6794521,12.9311557 77.6787126,12.9310022 77.6787008,12.9310558</coordinates></LinearRing></outerBoundaryIs></Polygon></MultiGeometry>
  </Placemark>
  <Placemark>
	<Style><LineStyle><color>ff0000ff</color></LineStyle><PolyStyle><fill>0</fill></PolyStyle></Style>
	<ExtendedData><SchemaData schemaUrl="#amenity_parking_bengaluru_urban">
		<SimpleData name="full_id">w1257696667</SimpleData>
		<SimpleData name="osm_id">1257696667</SimpleData>
		<SimpleData name="osm_type">way</SimpleData>
		<SimpleData name="amenity">parking</SimpleData>
		<SimpleData name="parking">surface</SimpleData>
	</SchemaData></ExtendedData>
      <MultiGeometry><Polygon><outerBoundaryIs><LinearRing><coordinates>77.586329,12.9700896 77.5860272,12.969789 77.586329,12.9695355 77.5865114,12.9697093 77.5865717,12.969891 77.586329,12.9700896</coordinates></LinearRing></outerBoundaryIs></Polygon></MultiGeometry>
  </Placemark>
  <Placemark>
	<Style><LineStyle><color>ff0000ff</color></LineStyle><PolyStyle><fill>0</fill></PolyStyle></Style>
	<ExtendedData><SchemaData schemaUrl="#amenity_parking_bengaluru_urban">
		<SimpleData name="full_id">w1257700353</SimpleData>
		<SimpleData name="osm_id">1257700353</SimpleData>
		<SimpleData name="osm_type">way</SimpleData>
		<SimpleData name="amenity">parking</SimpleData>
		<SimpleData name="orientation">diagonal</SimpleData>
		<SimpleData name="surface">asphalt</SimpleData>
		<SimpleData name="parking">street_side</SimpleData>
		<SimpleData name="fee">yes</SimpleData>
		<SimpleData name="access">permissive</SimpleData>
	</SchemaData></ExtendedData>
      <MultiGeometry><Polygon><outerBoundaryIs><LinearRing><coordinates>77.5874357,12.9787748 77.5874721,12.9787932 77.5878368,12.9781055 77.5878005,12.9780872 77.5874357,12.9787748</coordinates></LinearRing></outerBoundaryIs></Polygon></MultiGeometry>
  </Placemark>
  <Placemark>
	<Style><LineStyle><color>ff0000ff</color></LineStyle><PolyStyle><fill>0</fill></PolyStyle></Style>
	<ExtendedData><SchemaData schemaUrl="#amenity_parking_bengaluru_urban">
		<SimpleData name="full_id">w1257700354</SimpleData>
		<SimpleData name="osm_id">1257700354</SimpleData>
		<SimpleData name="osm_type">way</SimpleData>
		<SimpleData name="amenity">parking</SimpleData>
		<SimpleData name="parking">surface</SimpleData>
		<SimpleData name="access">permissive</SimpleData>
	</SchemaData></ExtendedData>
      <MultiGeometry><Polygon><outerBoundaryIs><LinearRing><coordinates>77.5881985,12.9792089 77.5884287,12.9792724 77.5884836,12.9790834 77.5882533,12.97902 77.5881985,12.9792089</coordinates></LinearRing></outerBoundaryIs></Polygon></MultiGeometry>
  </Placemark>
  <Placemark>
	<Style><LineStyle><color>ff0000ff</color></LineStyle><PolyStyle><fill>0</fill></PolyStyle></Style>
	<ExtendedData><SchemaData schemaUrl="#amenity_parking_bengaluru_urban">
		<SimpleData name="full_id">w1258329948</SimpleData>
		<SimpleData name="osm_id">1258329948</SimpleData>
		<SimpleData name="osm_type">way</SimpleData>
		<SimpleData name="amenity">parking</SimpleData>
		<SimpleData name="surface">dirt</SimpleData>
		<SimpleData name="parking">surface</SimpleData>
		<SimpleData name="fee">no</SimpleData>
		<SimpleData name="access">customers</SimpleData>
	</SchemaData></ExtendedData>
      <MultiGeometry><Polygon><outerBoundaryIs><LinearRing><coordinates>77.7194465,12.9565792 77.7194309,12.9562539 77.7192874,12.9562365 77.7191227,12.9562495 77.7191349,12.9560045 77.7193875,12.9559925 77.7193987,12.9561411 77.7195622,12.9561303 77.7195889,12.9563634 77.7197302,12.9563666 77.7197247,12.956551 77.7194465,12.9565792</coordinates></LinearRing></outerBoundaryIs></Polygon></MultiGeometry>
  </Placemark>
  <Placemark>
	<Style><LineStyle><color>ff0000ff</color></LineStyle><PolyStyle><fill>0</fill></PolyStyle></Style>
	<ExtendedData><SchemaData schemaUrl="#amenity_parking_bengaluru_urban">
		<SimpleData name="full_id">w1258329949</SimpleData>
		<SimpleData name="osm_id">1258329949</SimpleData>
		<SimpleData name="osm_type">way</SimpleData>
		<SimpleData name="amenity">parking</SimpleData>
		<SimpleData name="surface">paving_stones</SimpleData>
		<SimpleData name="parking">surface</SimpleData>
		<SimpleData name="fee">no</SimpleData>
		<SimpleData name="access">customers</SimpleData>
	</SchemaData></ExtendedData>
      <MultiGeometry><Polygon><outerBoundaryIs><LinearRing><coordinates>77.7187894,12.9560709 77.718837,12.9560686 77.7188291,12.9559141 77.7187815,12.9559164 77.7187894,12.9560709</coordinates></LinearRing></outerBoundaryIs></Polygon></MultiGeometry>
  </Placemark>
  <Placemark>
	<Style><LineStyle><color>ff0000ff</color></LineStyle><PolyStyle><fill>0</fill></PolyStyle></Style>
	<ExtendedData><SchemaData schemaUrl="#amenity_parking_bengaluru_urban">
		<SimpleData name="full_id">w1259003513</SimpleData>
		<SimpleData name="osm_id">1259003513</SimpleData>
		<SimpleData name="osm_type">way</SimpleData>
		<SimpleData name="amenity">parking</SimpleData>
		<SimpleData name="parking">surface</SimpleData>
		<SimpleData name="access">permissive</SimpleData>
	</SchemaData></ExtendedData>
      <MultiGeometry><Polygon><outerBoundaryIs><LinearRing><coordinates>77.6052945,12.9437571 77.6051464,12.9429689 77.605392,12.9429251 77.6055151,12.9435801 77.6054502,12.9435917 77.6054753,12.9437248 77.6052945,12.9437571</coordinates></LinearRing></outerBoundaryIs></Polygon></MultiGeometry>
  </Placemark>
  <Placemark>
	<Style><LineStyle><color>ff0000ff</color></LineStyle><PolyStyle><fill>0</fill></PolyStyle></Style>
	<ExtendedData><SchemaData schemaUrl="#amenity_parking_bengaluru_urban">
		<SimpleData name="full_id">w1259592547</SimpleData>
		<SimpleData name="osm_id">1259592547</SimpleData>
		<SimpleData name="osm_type">way</SimpleData>
		<SimpleData name="amenity">parking</SimpleData>
		<SimpleData name="parking">surface</SimpleData>
		<SimpleData name="access">permissive</SimpleData>
	</SchemaData></ExtendedData>
      <MultiGeometry><Polygon><outerBoundaryIs><LinearRing><coordinates>77.5431615,12.8769328 77.5430596,12.8763968 77.5428611,12.8758817 77.5436336,12.8757405 77.5439635,12.8761223 77.5442183,12.8765668 77.5431615,12.8769328</coordinates></LinearRing></outerBoundaryIs></Polygon></MultiGeometry>
  </Placemark>
  <Placemark>
	<Style><LineStyle><color>ff0000ff</color></LineStyle><PolyStyle><fill>0</fill></PolyStyle></Style>
	<ExtendedData><SchemaData schemaUrl="#amenity_parking_bengaluru_urban">
		<SimpleData name="full_id">w1260444081</SimpleData>
		<SimpleData name="osm_id">1260444081</SimpleData>
		<SimpleData name="osm_type">way</SimpleData>
		<SimpleData name="amenity">parking</SimpleData>
		<SimpleData name="parking">surface</SimpleData>
		<SimpleData name="access">private</SimpleData>
	</SchemaData></ExtendedData>
      <MultiGeometry><Polygon><outerBoundaryIs><LinearRing><coordinates>77.6647468,12.8402688 77.6647511,12.8399478 77.665196,12.839979 77.6652361,12.8402646 77.6652836,12.840252 77.6653024,12.8403346 77.6647424,12.8402884 77.6647468,12.8402688</coordinates></LinearRing></outerBoundaryIs></Polygon></MultiGeometry>
  </Placemark>
  <Placemark>
	<Style><LineStyle><color>ff0000ff</color></LineStyle><PolyStyle><fill>0</fill></PolyStyle></Style>
	<ExtendedData><SchemaData schemaUrl="#amenity_parking_bengaluru_urban">
		<SimpleData name="full_id">w1260444149</SimpleData>
		<SimpleData name="osm_id">1260444149</SimpleData>
		<SimpleData name="osm_type">way</SimpleData>
		<SimpleData name="amenity">parking</SimpleData>
		<SimpleData name="parking">surface</SimpleData>
		<SimpleData name="access">private</SimpleData>
	</SchemaData></ExtendedData>
      <MultiGeometry><Polygon><outerBoundaryIs><LinearRing><coordinates>77.6643203,12.8397461 77.6645655,12.8397834 77.6646342,12.8397746 77.6646837,12.8395399 77.6643731,12.8394773 77.6643203,12.8397461</coordinates></LinearRing></outerBoundaryIs></Polygon></MultiGeometry>
  </Placemark>
  <Placemark>
	<Style><LineStyle><color>ff0000ff</color></LineStyle><PolyStyle><fill>0</fill></PolyStyle></Style>
	<ExtendedData><SchemaData schemaUrl="#amenity_parking_bengaluru_urban">
		<SimpleData name="full_id">w1260444152</SimpleData>
		<SimpleData name="osm_id">1260444152</SimpleData>
		<SimpleData name="osm_type">way</SimpleData>
		<SimpleData name="amenity">parking</SimpleData>
		<SimpleData name="parking">surface</SimpleData>
		<SimpleData name="access">private</SimpleData>
	</SchemaData></ExtendedData>
      <MultiGeometry><Polygon><outerBoundaryIs><LinearRing><coordinates>77.6646709,12.8397883 77.6648764,12.8398111 77.664968,12.8396411 77.6650323,12.839302 77.6648969,12.8392669 77.6647693,12.8392735 77.6646709,12.8397883</coordinates></LinearRing></outerBoundaryIs></Polygon></MultiGeometry>
  </Placemark>
  <Placemark>
	<Style><LineStyle><color>ff0000ff</color></LineStyle><PolyStyle><fill>0</fill></PolyStyle></Style>
	<ExtendedData><SchemaData schemaUrl="#amenity_parking_bengaluru_urban">
		<SimpleData name="full_id">w1261422250</SimpleData>
		<SimpleData name="osm_id">1261422250</SimpleData>
		<SimpleData name="osm_type">way</SimpleData>
		<SimpleData name="amenity">parking</SimpleData>
		<SimpleData name="parking">surface</SimpleData>
		<SimpleData name="access">permissive</SimpleData>
	</SchemaData></ExtendedData>
      <MultiGeometry><Polygon><outerBoundaryIs><LinearRing><coordinates>77.6196581,12.8739625 77.6198985,12.8739338 77.6198921,12.8738827 77.6196517,12.8739114 77.6196581,12.8739625</coordinates></LinearRing></outerBoundaryIs></Polygon></MultiGeometry>
  </Placemark>
  <Placemark>
	<Style><LineStyle><color>ff0000ff</color></LineStyle><PolyStyle><fill>0</fill></PolyStyle></Style>
	<ExtendedData><SchemaData schemaUrl="#amenity_parking_bengaluru_urban">
		<SimpleData name="full_id">w1261422251</SimpleData>
		<SimpleData name="osm_id">1261422251</SimpleData>
		<SimpleData name="osm_type">way</SimpleData>
		<SimpleData name="amenity">parking</SimpleData>
		<SimpleData name="parking">surface</SimpleData>
		<SimpleData name="access">permissive</SimpleData>
	</SchemaData></ExtendedData>
      <MultiGeometry><Polygon><outerBoundaryIs><LinearRing><coordinates>77.6196031,12.8738644 77.6198874,12.8738305 77.6198794,12.8737663 77.6195951,12.8738002 77.6196031,12.8738644</coordinates></LinearRing></outerBoundaryIs></Polygon></MultiGeometry>
  </Placemark>
  <Placemark>
	<Style><LineStyle><color>ff0000ff</color></LineStyle><PolyStyle><fill>0</fill></PolyStyle></Style>
	<ExtendedData><SchemaData schemaUrl="#amenity_parking_bengaluru_urban">
		<SimpleData name="full_id">w1261422252</SimpleData>
		<SimpleData name="osm_id">1261422252</SimpleData>
		<SimpleData name="osm_type">way</SimpleData>
		<SimpleData name="amenity">parking</SimpleData>
		<SimpleData name="parking">surface</SimpleData>
		<SimpleData name="access">permissive</SimpleData>
	</SchemaData></ExtendedData>
      <MultiGeometry><Polygon><outerBoundaryIs><LinearRing><coordinates>77.6195723,12.8743442 77.6196215,12.8743383 77.6195562,12.8738173 77.6195069,12.8738232 77.6195723,12.8743442</coordinates></LinearRing></outerBoundaryIs></Polygon></MultiGeometry>
  </Placemark>
  <Placemark>
	<Style><LineStyle><color>ff0000ff</color></LineStyle><PolyStyle><fill>0</fill></PolyStyle></Style>
	<ExtendedData><SchemaData schemaUrl="#amenity_parking_bengaluru_urban">
		<SimpleData name="full_id">w1261422253</SimpleData>
		<SimpleData name="osm_id">1261422253</SimpleData>
		<SimpleData name="osm_type">way</SimpleData>
		<SimpleData name="amenity">parking</SimpleData>
		<SimpleData name="parking">surface</SimpleData>
		<SimpleData name="access">permissive</SimpleData>
	</SchemaData></ExtendedData>
      <MultiGeometry><Polygon><outerBoundaryIs><LinearRing><coordinates>77.6179945,12.8729878 77.6181243,12.8729723 77.6181172,12.8729152 77.6179873,12.8729307 77.6179945,12.8729878</coordinates></LinearRing></outerBoundaryIs></Polygon></MultiGeometry>
  </Placemark>
  <Placemark>
	<Style><LineStyle><color>ff0000ff</color></LineStyle><PolyStyle><fill>0</fill></PolyStyle></Style>
	<ExtendedData><SchemaData schemaUrl="#amenity_parking_bengaluru_urban">
		<SimpleData name="full_id">w1261422254</SimpleData>
		<SimpleData name="osm_id">1261422254</SimpleData>
		<SimpleData name="osm_type">way</SimpleData>
		<SimpleData name="amenity">parking</SimpleData>
		<SimpleData name="parking">surface</SimpleData>
		<SimpleData name="access">permissive</SimpleData>
	</SchemaData></ExtendedData>
      <MultiGeometry><Polygon><outerBoundaryIs><LinearRing><coordinates>77.6189916,12.8739749 77.6192658,12.8739422 77.6192364,12.8737072 77.6189621,12.8737399 77.6189916,12.8739749</coordinates></LinearRing></outerBoundaryIs></Polygon></MultiGeometry>
  </Placemark>
  <Placemark>
	<Style><LineStyle><color>ff0000ff</color></LineStyle><PolyStyle><fill>0</fill></PolyStyle></Style>
	<ExtendedData><SchemaData schemaUrl="#amenity_parking_bengaluru_urban">
		<SimpleData name="full_id">w1261422255</SimpleData>
		<SimpleData name="osm_id">1261422255</SimpleData>
		<SimpleData name="osm_type">way</SimpleData>
		<SimpleData name="amenity">parking</SimpleData>
		<SimpleData name="parking">surface</SimpleData>
		<SimpleData name="access">permissive</SimpleData>
	</SchemaData></ExtendedData>
      <MultiGeometry><Polygon><outerBoundaryIs><LinearRing><coordinates>77.6186416,12.8739696 77.6186953,12.8739636 77.6186617,12.873682 77.618608,12.8736881 77.6186416,12.8739696</coordinates></LinearRing></outerBoundaryIs></Polygon></MultiGeometry>
  </Placemark>
  <Placemark>
	<Style><LineStyle><color>ff0000ff</color></LineStyle><PolyStyle><fill>0</fill></PolyStyle></Style>
	<ExtendedData><SchemaData schemaUrl="#amenity_parking_bengaluru_urban">
		<SimpleData name="full_id">w1261422256</SimpleData>
		<SimpleData name="osm_id">1261422256</SimpleData>
		<SimpleData name="osm_type">way</SimpleData>
		<SimpleData name="amenity">parking</SimpleData>
		<SimpleData name="parking">surface</SimpleData>
		<SimpleData name="access">permissive</SimpleData>
	</SchemaData></ExtendedData>
      <MultiGeometry><Polygon><outerBoundaryIs><LinearRing><coordinates>77.6181608,12.8740978 77.6182158,12.8740915 77.6181802,12.8737931 77.6181252,12.8737994 77.6181608,12.8740978</coordinates></LinearRing></outerBoundaryIs></Polygon></MultiGeometry>
  </Placemark>
  <Placemark>
	<Style><LineStyle><color>ff0000ff</color></LineStyle><PolyStyle><fill>0</fill></PolyStyle></Style>
	<ExtendedData><SchemaData schemaUrl="#amenity_parking_bengaluru_urban">
		<SimpleData name="full_id">w1261422257</SimpleData>
		<SimpleData name="osm_id">1261422257</SimpleData>
		<SimpleData name="osm_type">way</SimpleData>
		<SimpleData name="amenity">parking</SimpleData>
		<SimpleData name="parking">surface</SimpleData>
		<SimpleData name="access">permissive</SimpleData>
	</SchemaData></ExtendedData>
      <MultiGeometry><Polygon><outerBoundaryIs><LinearRing><coordinates>77.6182895,12.8741063 77.6183421,12.8741003 77.6183036,12.8737775 77.618251,12.8737834 77.6182895,12.8741063</coordinates></LinearRing></outerBoundaryIs></Polygon></MultiGeometry>
  </Placemark>
  <Placemark>
	<Style><LineStyle><color>ff0000ff</color></LineStyle><PolyStyle><fill>0</fill></PolyStyle></Style>
	<ExtendedData><SchemaData schemaUrl="#amenity_parking_bengaluru_urban">
		<SimpleData name="full_id">w1261422258</SimpleData>
		<SimpleData name="osm_id">1261422258</SimpleData>
		<SimpleData name="osm_type">way</SimpleData>
		<SimpleData name="amenity">parking</SimpleData>
		<SimpleData name="parking">surface</SimpleData>
		<SimpleData name="access">permissive</SimpleData>
	</SchemaData></ExtendedData>
      <MultiGeometry><Polygon><outerBoundaryIs><LinearRing><coordinates>77.6185403,12.8741808 77.618595,12.8741746 77.6185765,12.87402 77.6185219,12.8740262 77.6185403,12.8741808</coordinates></LinearRing></outerBoundaryIs></Polygon></MultiGeometry>
  </Placemark>
  <Placemark>
	<Style><LineStyle><color>ff0000ff</color></LineStyle><PolyStyle><fill>0</fill></PolyStyle></Style>
	<ExtendedData><SchemaData schemaUrl="#amenity_parking_bengaluru_urban">
		<SimpleData name="full_id">w1261422259</SimpleData>
		<SimpleData name="osm_id">1261422259</SimpleData>
		<SimpleData name="osm_type">way</SimpleData>
		<SimpleData name="amenity">parking</SimpleData>
		<SimpleData name="parking">surface</SimpleData>
		<SimpleData name="access">permissive</SimpleData>
	</SchemaData></ExtendedData>
      <MultiGeometry><Polygon><outerBoundaryIs><LinearRing><coordinates>77.6184498,12.8742801 77.6185074,12.8742736 77.6184691,12.8739524 77.6184115,12.873959 77.6184498,12.8742801</coordinates></LinearRing></outerBoundaryIs></Polygon></MultiGeometry>
  </Placemark>
  <Placemark>
	<Style><LineStyle><color>ff0000ff</color></LineStyle><PolyStyle><fill>0</fill></PolyStyle></Style>
	<ExtendedData><SchemaData schemaUrl="#amenity_parking_bengaluru_urban">
		<SimpleData name="full_id">w1261422260</SimpleData>
		<SimpleData name="osm_id">1261422260</SimpleData>
		<SimpleData name="osm_type">way</SimpleData>
		<SimpleData name="amenity">parking</SimpleData>
		<SimpleData name="parking">surface</SimpleData>
		<SimpleData name="access">permissive</SimpleData>
	</SchemaData></ExtendedData>
      <MultiGeometry><Polygon><outerBoundaryIs><LinearRing><coordinates>77.6181018,12.8768027 77.6184337,12.8766799 77.6183921,12.8765732 77.6180602,12.8766961 77.6181018,12.8768027</coordinates></LinearRing></outerBoundaryIs></Polygon></MultiGeometry>
  </Placemark>
  <Placemark>
	<Style><LineStyle><color>ff0000ff</color></LineStyle><PolyStyle><fill>0</fill></PolyStyle></Style>
	<ExtendedData><SchemaData schemaUrl="#amenity_parking_bengaluru_urban">
		<SimpleData name="full_id">w1261916603</SimpleData>
		<SimpleData name="osm_id">1261916603</SimpleData>
		<SimpleData name="osm_type">way</SimpleData>
		<SimpleData name="amenity">parking</SimpleData>
		<SimpleData name="parking">surface</SimpleData>
	</SchemaData></ExtendedData>
      <MultiGeometry><Polygon><outerBoundaryIs><LinearRing><coordinates>77.649204,12.8727008 77.6491959,12.8724263 77.6509447,12.8723883 77.6507422,12.8726381 77.649204,12.8727008</coordinates></LinearRing></outerBoundaryIs></Polygon></MultiGeometry>
  </Placemark>
  <Placemark>
	<Style><LineStyle><color>ff0000ff</color></LineStyle><PolyStyle><fill>0</fill></PolyStyle></Style>
	<ExtendedData><SchemaData schemaUrl="#amenity_parking_bengaluru_urban">
		<SimpleData name="full_id">w1262043647</SimpleData>
		<SimpleData name="osm_id">1262043647</SimpleData>
		<SimpleData name="osm_type">way</SimpleData>
		<SimpleData name="amenity">parking</SimpleData>
		<SimpleData name="parking">surface</SimpleData>
		<SimpleData name="access">customers</SimpleData>
	</SchemaData></ExtendedData>
      <MultiGeometry><Polygon><outerBoundaryIs><LinearRing><coordinates>77.7149651,12.9556921 77.7150882,12.9556971 77.7150924,12.9556002 77.7149693,12.9555951 77.7149651,12.9556921</coordinates></LinearRing></outerBoundaryIs></Polygon></MultiGeometry>
  </Placemark>
  <Placemark>
	<Style><LineStyle><color>ff0000ff</color></LineStyle><PolyStyle><fill>0</fill></PolyStyle></Style>
	<ExtendedData><SchemaData schemaUrl="#amenity_parking_bengaluru_urban">
		<SimpleData name="full_id">w1262419862</SimpleData>
		<SimpleData name="osm_id">1262419862</SimpleData>
		<SimpleData name="osm_type">way</SimpleData>
		<SimpleData name="amenity">parking</SimpleData>
	</SchemaData></ExtendedData>
      <MultiGeometry><Polygon><outerBoundaryIs><LinearRing><coordinates>77.6304185,12.7812034 77.6304185,12.7811163 77.6302228,12.7811033 77.6302304,12.7809403 77.6304166,12.7809496 77.6303159,12.7804976 77.6305021,12.7804772 77.6306635,12.7811811 77.630618,12.7812108 77.6304185,12.7812034</coordinates></LinearRing></outerBoundaryIs></Polygon></MultiGeometry>
  </Placemark>
  <Placemark>
	<Style><LineStyle><color>ff0000ff</color></LineStyle><PolyStyle><fill>0</fill></PolyStyle></Style>
	<ExtendedData><SchemaData schemaUrl="#amenity_parking_bengaluru_urban">
		<SimpleData name="full_id">w1262419889</SimpleData>
		<SimpleData name="osm_id">1262419889</SimpleData>
		<SimpleData name="osm_type">way</SimpleData>
		<SimpleData name="amenity">parking</SimpleData>
		<SimpleData name="parking">surface</SimpleData>
		<SimpleData name="access">private</SimpleData>
	</SchemaData></ExtendedData>
      <MultiGeometry><Polygon><outerBoundaryIs><LinearRing><coordinates>77.6308451,12.7808992 77.631212,12.7808198 77.631193,12.7807365 77.6310718,12.7807627 77.63104,12.7806229 77.6307944,12.780676 77.6308451,12.7808992</coordinates></LinearRing></outerBoundaryIs></Polygon></MultiGeometry>
  </Placemark>
  <Placemark>
	<Style><LineStyle><color>ff0000ff</color></LineStyle><PolyStyle><fill>0</fill></PolyStyle></Style>
	<ExtendedData><SchemaData schemaUrl="#amenity_parking_bengaluru_urban">
		<SimpleData name="full_id">w1262435886</SimpleData>
		<SimpleData name="osm_id">1262435886</SimpleData>
		<SimpleData name="osm_type">way</SimpleData>
		<SimpleData name="amenity">parking</SimpleData>
		<SimpleData name="operator:type">university</SimpleData>
		<SimpleData name="surface">paved</SimpleData>
		<SimpleData name="operator">HKBK</SimpleData>
		<SimpleData name="parking">surface</SimpleData>
	</SchemaData></ExtendedData>
      <MultiGeometry><Polygon><outerBoundaryIs><LinearRing><coordinates>77.6195653,13.037762 77.6195353,13.0374167 77.6198048,13.0373778 77.6198423,13.0376793 77.6197849,13.0377328 77.6195653,13.037762</coordinates></LinearRing></outerBoundaryIs></Polygon></MultiGeometry>
  </Placemark>
  <Placemark>
	<Style><LineStyle><color>ff0000ff</color></LineStyle><PolyStyle><fill>0</fill></PolyStyle></Style>
	<ExtendedData><SchemaData schemaUrl="#amenity_parking_bengaluru_urban">
		<SimpleData name="full_id">w1263143678</SimpleData>
		<SimpleData name="osm_id">1263143678</SimpleData>
		<SimpleData name="osm_type">way</SimpleData>
		<SimpleData name="amenity">parking</SimpleData>
		<SimpleData name="parking">surface</SimpleData>
		<SimpleData name="access">customers</SimpleData>
	</SchemaData></ExtendedData>
      <MultiGeometry><Polygon><outerBoundaryIs><LinearRing><coordinates>77.7239571,12.9522147 77.7243072,12.9522526 77.7243541,12.9519611 77.7240363,12.9519245 77.7239571,12.9522147</coordinates></LinearRing></outerBoundaryIs></Polygon></MultiGeometry>
  </Placemark>
  <Placemark>
	<Style><LineStyle><color>ff0000ff</color></LineStyle><PolyStyle><fill>0</fill></PolyStyle></Style>
	<ExtendedData><SchemaData schemaUrl="#amenity_parking_bengaluru_urban">
		<SimpleData name="full_id">w1263537983</SimpleData>
		<SimpleData name="osm_id">1263537983</SimpleData>
		<SimpleData name="osm_type">way</SimpleData>
		<SimpleData name="amenity">parking</SimpleData>
		<SimpleData name="parking">surface</SimpleData>
		<SimpleData name="access">permissive</SimpleData>
	</SchemaData></ExtendedData>
      <MultiGeometry><Polygon><outerBoundaryIs><LinearRing><coordinates>77.587776,12.9751472 77.5878565,12.9746389 77.5881314,12.9747016 77.5879504,12.9752034 77.587776,12.9751472</coordinates></LinearRing></outerBoundaryIs></Polygon></MultiGeometry>
  </Placemark>
  <Placemark>
	<Style><LineStyle><color>ff0000ff</color></LineStyle><PolyStyle><fill>0</fill></PolyStyle></Style>
	<ExtendedData><SchemaData schemaUrl="#amenity_parking_bengaluru_urban">
		<SimpleData name="full_id">w1263618604</SimpleData>
		<SimpleData name="osm_id">1263618604</SimpleData>
		<SimpleData name="osm_type">way</SimpleData>
		<SimpleData name="amenity">parking</SimpleData>
		<SimpleData name="parking">surface</SimpleData>
	</SchemaData></ExtendedData>
      <MultiGeometry><Polygon><outerBoundaryIs><LinearRing><coordinates>77.646585,12.9596884 77.6468564,12.9597465 77.6468868,12.9597275 77.6467469,12.9593611 77.6465546,12.9594014 77.6465607,12.9595378 77.6463904,12.9595508 77.6464013,12.9596255 77.6465631,12.9596066 77.646585,12.9596884</coordinates></LinearRing></outerBoundaryIs></Polygon></MultiGeometry>
  </Placemark>
  <Placemark>
	<Style><LineStyle><color>ff0000ff</color></LineStyle><PolyStyle><fill>0</fill></PolyStyle></Style>
	<ExtendedData><SchemaData schemaUrl="#amenity_parking_bengaluru_urban">
		<SimpleData name="full_id">w1265440959</SimpleData>
		<SimpleData name="osm_id">1265440959</SimpleData>
		<SimpleData name="osm_type">way</SimpleData>
		<SimpleData name="amenity">parking</SimpleData>
		<SimpleData name="parking">surface</SimpleData>
		<SimpleData name="access">private</SimpleData>
	</SchemaData></ExtendedData>
      <MultiGeometry><Polygon><outerBoundaryIs><LinearRing><coordinates>77.5447816,13.0668969 77.544689,13.0668799 77.5446354,13.0665154 77.5448191,13.0666709 77.5448285,13.0667231 77.5447816,13.0668969</coordinates></LinearRing></outerBoundaryIs></Polygon></MultiGeometry>
  </Placemark>
  <Placemark>
	<name>Nayandahalli Metro Station Parking</name>
	<Style><LineStyle><color>ff0000ff</color></LineStyle><PolyStyle><fill>0</fill></PolyStyle></Style>
	<ExtendedData><SchemaData schemaUrl="#amenity_parking_bengaluru_urban">
		<SimpleData name="full_id">w1265721096</SimpleData>
		<SimpleData name="osm_id">1265721096</SimpleData>
		<SimpleData name="osm_type">way</SimpleData>
		<SimpleData name="amenity">parking</SimpleData>
		<SimpleData name="operator">BMRCL</SimpleData>
		<SimpleData name="parking">surface</SimpleData>
		<SimpleData name="fee">yes</SimpleData>
		<SimpleData name="access">yes</SimpleData>
	</SchemaData></ExtendedData>
      <MultiGeometry><Polygon><outerBoundaryIs><LinearRing><coordinates>77.5251559,12.9412761 77.5252081,12.9413547 77.5253208,12.941437 77.5255528,12.9418514 77.5256976,12.9417847 77.5255454,12.9414858 77.5253935,12.941173 77.5251559,12.9412761</coordinates></LinearRing></outerBoundaryIs></Polygon></MultiGeometry>
  </Placemark>
  <Placemark>
	<Style><LineStyle><color>ff0000ff</color></LineStyle><PolyStyle><fill>0</fill></PolyStyle></Style>
	<ExtendedData><SchemaData schemaUrl="#amenity_parking_bengaluru_urban">
		<SimpleData name="full_id">w1265724895</SimpleData>
		<SimpleData name="osm_id">1265724895</SimpleData>
		<SimpleData name="osm_type">way</SimpleData>
		<SimpleData name="amenity">parking</SimpleData>
		<SimpleData name="parking">surface</SimpleData>
		<SimpleData name="access">permissive</SimpleData>
	</SchemaData></ExtendedData>
      <MultiGeometry><Polygon><outerBoundaryIs><LinearRing><coordinates>77.5013217,12.9177249 77.5017938,12.9180177 77.5022712,12.917304 77.501539,12.9174269 77.5013217,12.9177249</coordinates></LinearRing></outerBoundaryIs></Polygon></MultiGeometry>
  </Placemark>
  <Placemark>
	<Style><LineStyle><color>ff0000ff</color></LineStyle><PolyStyle><fill>0</fill></PolyStyle></Style>
	<ExtendedData><SchemaData schemaUrl="#amenity_parking_bengaluru_urban">
		<SimpleData name="full_id">w1266460898</SimpleData>
		<SimpleData name="osm_id">1266460898</SimpleData>
		<SimpleData name="osm_type">way</SimpleData>
		<SimpleData name="amenity">parking</SimpleData>
	</SchemaData></ExtendedData>
      <MultiGeometry><Polygon><outerBoundaryIs><LinearRing><coordinates>77.6641581,13.0433157 77.6654327,13.0427891 77.6655507,13.0444418 77.6645436,13.0443938 77.6643079,13.044379 77.6641581,13.0433157</coordinates></LinearRing></outerBoundaryIs></Polygon></MultiGeometry>
  </Placemark>
  <Placemark>
	<name>MLCP</name>
	<Style><LineStyle><color>ff0000ff</color></LineStyle><PolyStyle><fill>0</fill></PolyStyle></Style>
	<ExtendedData><SchemaData schemaUrl="#amenity_parking_bengaluru_urban">
		<SimpleData name="full_id">w1267672107</SimpleData>
		<SimpleData name="osm_id">1267672107</SimpleData>
		<SimpleData name="osm_type">way</SimpleData>
		<SimpleData name="amenity">parking</SimpleData>
		<SimpleData name="parking">multi-storey</SimpleData>
		<SimpleData name="building">parking</SimpleData>
		<SimpleData name="access">private</SimpleData>
	</SchemaData></ExtendedData>
      <MultiGeometry><Polygon><outerBoundaryIs><LinearRing><coordinates>77.6181199,13.1276634 77.6186093,13.1275369 77.6184511,13.1269568 77.6179617,13.1270834 77.6181199,13.1276634</coordinates></LinearRing></outerBoundaryIs></Polygon></MultiGeometry>
  </Placemark>
  <Placemark>
	<Style><LineStyle><color>ff0000ff</color></LineStyle><PolyStyle><fill>0</fill></PolyStyle></Style>
	<ExtendedData><SchemaData schemaUrl="#amenity_parking_bengaluru_urban">
		<SimpleData name="full_id">w1267710991</SimpleData>
		<SimpleData name="osm_id">1267710991</SimpleData>
		<SimpleData name="osm_type">way</SimpleData>
		<SimpleData name="amenity">parking</SimpleData>
		<SimpleData name="parking">surface</SimpleData>
		<SimpleData name="access">permissive</SimpleData>
	</SchemaData></ExtendedData>
      <MultiGeometry><Polygon><outerBoundaryIs><LinearRing><coordinates>77.6875373,12.9960159 77.6881671,12.9956837 77.6879963,12.9953584 77.6873919,12.995558 77.6875373,12.9960159</coordinates></LinearRing></outerBoundaryIs></Polygon></MultiGeometry>
  </Placemark>
  <Placemark>
	<Style><LineStyle><color>ff0000ff</color></LineStyle><PolyStyle><fill>0</fill></PolyStyle></Style>
	<ExtendedData><SchemaData schemaUrl="#amenity_parking_bengaluru_urban">
		<SimpleData name="full_id">w1267728592</SimpleData>
		<SimpleData name="osm_id">1267728592</SimpleData>
		<SimpleData name="osm_type">way</SimpleData>
		<SimpleData name="amenity">parking</SimpleData>
		<SimpleData name="parking">surface</SimpleData>
		<SimpleData name="access">permissive</SimpleData>
	</SchemaData></ExtendedData>
      <MultiGeometry><Polygon><outerBoundaryIs><LinearRing><coordinates>77.7027882,12.9965411 77.7028611,12.9973105 77.7031581,12.9972629 77.703008,12.9970717 77.7028882,12.9965321 77.7027882,12.9965411</coordinates></LinearRing></outerBoundaryIs></Polygon></MultiGeometry>
  </Placemark>
  <Placemark>
	<Style><LineStyle><color>ff0000ff</color></LineStyle><PolyStyle><fill>0</fill></PolyStyle></Style>
	<ExtendedData><SchemaData schemaUrl="#amenity_parking_bengaluru_urban">
		<SimpleData name="full_id">w1268354208</SimpleData>
		<SimpleData name="osm_id">1268354208</SimpleData>
		<SimpleData name="osm_type">way</SimpleData>
		<SimpleData name="amenity">parking</SimpleData>
		<SimpleData name="parking">surface</SimpleData>
	</SchemaData></ExtendedData>
      <MultiGeometry><Polygon><outerBoundaryIs><LinearRing><coordinates>77.6420331,12.9566466 77.6421706,12.9566433 77.6421639,12.9564251 77.6420244,12.9564257 77.6420331,12.9566466</coordinates></LinearRing></outerBoundaryIs></Polygon></MultiGeometry>
  </Placemark>
  <Placemark>
	<Style><LineStyle><color>ff0000ff</color></LineStyle><PolyStyle><fill>0</fill></PolyStyle></Style>
	<ExtendedData><SchemaData schemaUrl="#amenity_parking_bengaluru_urban">
		<SimpleData name="full_id">w1268426522</SimpleData>
		<SimpleData name="osm_id">1268426522</SimpleData>
		<SimpleData name="osm_type">way</SimpleData>
		<SimpleData name="amenity">parking</SimpleData>
		<SimpleData name="surface">earth</SimpleData>
		<SimpleData name="parking">surface</SimpleData>
	</SchemaData></ExtendedData>
      <MultiGeometry><Polygon><outerBoundaryIs><LinearRing><coordinates>77.7169071,12.9597476 77.7170453,12.9597375 77.7170306,12.9595452 77.7168923,12.9595553 77.7169071,12.9597476</coordinates></LinearRing></outerBoundaryIs></Polygon></MultiGeometry>
  </Placemark>
  <Placemark>
	<Style><LineStyle><color>ff0000ff</color></LineStyle><PolyStyle><fill>0</fill></PolyStyle></Style>
	<ExtendedData><SchemaData schemaUrl="#amenity_parking_bengaluru_urban">
		<SimpleData name="full_id">w1268945173</SimpleData>
		<SimpleData name="osm_id">1268945173</SimpleData>
		<SimpleData name="osm_type">way</SimpleData>
		<SimpleData name="amenity">parking</SimpleData>
		<SimpleData name="operator">Bagmane Group</SimpleData>
		<SimpleData name="parking">surface</SimpleData>
		<SimpleData name="access">permissive</SimpleData>
	</SchemaData></ExtendedData>
      <MultiGeometry><Polygon><outerBoundaryIs><LinearRing><coordinates>77.6909928,12.9859659 77.6910311,12.9859891 77.6912695,12.9856168 77.6912312,12.9855935 77.6909928,12.9859659</coordinates></LinearRing></outerBoundaryIs></Polygon></MultiGeometry>
  </Placemark>
  <Placemark>
	<Style><LineStyle><color>ff0000ff</color></LineStyle><PolyStyle><fill>0</fill></PolyStyle></Style>
	<ExtendedData><SchemaData schemaUrl="#amenity_parking_bengaluru_urban">
		<SimpleData name="full_id">w1268945174</SimpleData>
		<SimpleData name="osm_id">1268945174</SimpleData>
		<SimpleData name="osm_type">way</SimpleData>
		<SimpleData name="amenity">parking</SimpleData>
		<SimpleData name="operator">Bagmane Group</SimpleData>
		<SimpleData name="parking">surface</SimpleData>
		<SimpleData name="access">permissive</SimpleData>
	</SchemaData></ExtendedData>
      <MultiGeometry><Polygon><outerBoundaryIs><LinearRing><coordinates>77.6919463,12.9844761 77.6919924,12.9845041 77.6922394,12.9841184 77.6921933,12.9840903 77.6919463,12.9844761</coordinates></LinearRing></outerBoundaryIs></Polygon></MultiGeometry>
  </Placemark>
  <Placemark>
	<Style><LineStyle><color>ff0000ff</color></LineStyle><PolyStyle><fill>0</fill></PolyStyle></Style>
	<ExtendedData><SchemaData schemaUrl="#amenity_parking_bengaluru_urban">
		<SimpleData name="full_id">w1268945190</SimpleData>
		<SimpleData name="osm_id">1268945190</SimpleData>
		<SimpleData name="osm_type">way</SimpleData>
		<SimpleData name="amenity">parking</SimpleData>
		<SimpleData name="parking">surface</SimpleData>
		<SimpleData name="access">permissive</SimpleData>
	</SchemaData></ExtendedData>
      <MultiGeometry><Polygon><outerBoundaryIs><LinearRing><coordinates>77.6939017,12.9881267 77.6940492,12.9880966 77.6940814,12.9882417 77.6941766,12.9882312 77.6943819,12.9885874 77.694197,12.9886233 77.6941283,12.9886337 77.6938963,12.9881972 77.6939017,12.9881267</coordinates></LinearRing></outerBoundaryIs></Polygon></MultiGeometry>
  </Placemark>
  <Placemark>
	<Style><LineStyle><color>ff0000ff</color></LineStyle><PolyStyle><fill>0</fill></PolyStyle></Style>
	<ExtendedData><SchemaData schemaUrl="#amenity_parking_bengaluru_urban">
		<SimpleData name="full_id">w1269085015</SimpleData>
		<SimpleData name="osm_id">1269085015</SimpleData>
		<SimpleData name="osm_type">way</SimpleData>
		<SimpleData name="amenity">parking</SimpleData>
		<SimpleData name="parking">surface</SimpleData>
		<SimpleData name="access">private</SimpleData>
	</SchemaData></ExtendedData>
      <MultiGeometry><Polygon><outerBoundaryIs><LinearRing><coordinates>77.7204522,12.96262 77.7208235,12.9625159 77.7208076,12.9624618 77.7204362,12.9625659 77.7204522,12.96262</coordinates></LinearRing></outerBoundaryIs></Polygon></MultiGeometry>
  </Placemark>
  <Placemark>
	<Style><LineStyle><color>ff0000ff</color></LineStyle><PolyStyle><fill>0</fill></PolyStyle></Style>
	<ExtendedData><SchemaData schemaUrl="#amenity_parking_bengaluru_urban">
		<SimpleData name="full_id">w1269085016</SimpleData>
		<SimpleData name="osm_id">1269085016</SimpleData>
		<SimpleData name="osm_type">way</SimpleData>
		<SimpleData name="amenity">parking</SimpleData>
		<SimpleData name="parking">surface</SimpleData>
		<SimpleData name="access">private</SimpleData>
	</SchemaData></ExtendedData>
      <MultiGeometry><Polygon><outerBoundaryIs><LinearRing><coordinates>77.7202544,12.9625664 77.7205935,12.9624714 77.7205776,12.9624174 77.7202384,12.9625124 77.7202544,12.9625664</coordinates></LinearRing></outerBoundaryIs></Polygon></MultiGeometry>
  </Placemark>
  <Placemark>
	<Style><LineStyle><color>ff0000ff</color></LineStyle><PolyStyle><fill>0</fill></PolyStyle></Style>
	<ExtendedData><SchemaData schemaUrl="#amenity_parking_bengaluru_urban">
		<SimpleData name="full_id">w1269085017</SimpleData>
		<SimpleData name="osm_id">1269085017</SimpleData>
		<SimpleData name="osm_type">way</SimpleData>
		<SimpleData name="amenity">parking</SimpleData>
		<SimpleData name="parking">surface</SimpleData>
		<SimpleData name="access">private</SimpleData>
	</SchemaData></ExtendedData>
      <MultiGeometry><Polygon><outerBoundaryIs><LinearRing><coordinates>77.7201462,12.9627901 77.720199,12.9627753 77.7201365,12.9625633 77.7200837,12.9625781 77.7201462,12.9627901</coordinates></LinearRing></outerBoundaryIs></Polygon></MultiGeometry>
  </Placemark>
  <Placemark>
	<Style><LineStyle><color>ff0000ff</color></LineStyle><PolyStyle><fill>0</fill></PolyStyle></Style>
	<ExtendedData><SchemaData schemaUrl="#amenity_parking_bengaluru_urban">
		<SimpleData name="full_id">w1269259650</SimpleData>
		<SimpleData name="osm_id">1269259650</SimpleData>
		<SimpleData name="osm_type">way</SimpleData>
		<SimpleData name="amenity">parking</SimpleData>
		<SimpleData name="parking">surface</SimpleData>
		<SimpleData name="access">private</SimpleData>
	</SchemaData></ExtendedData>
      <MultiGeometry><Polygon><outerBoundaryIs><LinearRing><coordinates>77.6895095,12.9333895 77.689553,12.9334283 77.6897435,12.9332257 77.6897,12.9331869 77.6895095,12.9333895</coordinates></LinearRing></outerBoundaryIs></Polygon></MultiGeometry>
  </Placemark>
  <Placemark>
	<Style><LineStyle><color>ff0000ff</color></LineStyle><PolyStyle><fill>0</fill></PolyStyle></Style>
	<ExtendedData><SchemaData schemaUrl="#amenity_parking_bengaluru_urban">
		<SimpleData name="full_id">w1270407977</SimpleData>
		<SimpleData name="osm_id">1270407977</SimpleData>
		<SimpleData name="osm_type">way</SimpleData>
		<SimpleData name="amenity">parking</SimpleData>
		<SimpleData name="parking">surface</SimpleData>
		<SimpleData name="access">customers</SimpleData>
	</SchemaData></ExtendedData>
      <MultiGeometry><Polygon><outerBoundaryIs><LinearRing><coordinates>77.5640714,12.9077815 77.5642166,12.9077389 77.5641679,12.9075814 77.5639763,12.9076377 77.5639908,12.9076847 77.5640373,12.907671 77.5640714,12.9077815</coordinates></LinearRing></outerBoundaryIs></Polygon></MultiGeometry>
  </Placemark>
  <Placemark>
	<Style><LineStyle><color>ff0000ff</color></LineStyle><PolyStyle><fill>0</fill></PolyStyle></Style>
	<ExtendedData><SchemaData schemaUrl="#amenity_parking_bengaluru_urban">
		<SimpleData name="full_id">w1270560979</SimpleData>
		<SimpleData name="osm_id">1270560979</SimpleData>
		<SimpleData name="osm_type">way</SimpleData>
		<SimpleData name="amenity">parking</SimpleData>
		<SimpleData name="parking">surface</SimpleData>
		<SimpleData name="access">permissive</SimpleData>
	</SchemaData></ExtendedData>
      <MultiGeometry><Polygon><outerBoundaryIs><LinearRing><coordinates>77.5680739,12.9091485 77.5676326,12.9092883 77.5676313,12.9086922 77.5680283,12.9086622 77.5680739,12.9091485</coordinates></LinearRing></outerBoundaryIs></Polygon></MultiGeometry>
  </Placemark>
  <Placemark>
	<Style><LineStyle><color>ff0000ff</color></LineStyle><PolyStyle><fill>0</fill></PolyStyle></Style>
	<ExtendedData><SchemaData schemaUrl="#amenity_parking_bengaluru_urban">
		<SimpleData name="full_id">w1270560980</SimpleData>
		<SimpleData name="osm_id">1270560980</SimpleData>
		<SimpleData name="osm_type">way</SimpleData>
		<SimpleData name="amenity">parking</SimpleData>
		<SimpleData name="parking">surface</SimpleData>
		<SimpleData name="access">permissive</SimpleData>
	</SchemaData></ExtendedData>
      <MultiGeometry><Polygon><outerBoundaryIs><LinearRing><coordinates>77.5658464,12.9094591 77.5658275,12.9093288 77.5656264,12.9090517 77.5657444,12.9089746 77.5661896,12.9089171 77.5662151,12.9091563 77.5663374,12.9094382 77.5658464,12.9094591</coordinates></LinearRing></outerBoundaryIs></Polygon></MultiGeometry>
  </Placemark>
  <Placemark>
	<Style><LineStyle><color>ff0000ff</color></LineStyle><PolyStyle><fill>0</fill></PolyStyle></Style>
	<ExtendedData><SchemaData schemaUrl="#amenity_parking_bengaluru_urban">
		<SimpleData name="full_id">w1270575630</SimpleData>
		<SimpleData name="osm_id">1270575630</SimpleData>
		<SimpleData name="osm_type">way</SimpleData>
		<SimpleData name="amenity">parking</SimpleData>
		<SimpleData name="parking">street_side</SimpleData>
	</SchemaData></ExtendedData>
      <MultiGeometry><Polygon><outerBoundaryIs><LinearRing><coordinates>77.7100513,12.977199 77.7100685,12.9772041 77.7100853,12.9771503 77.7100682,12.9771452 77.7100513,12.977199</coordinates></LinearRing></outerBoundaryIs></Polygon></MultiGeometry>
  </Placemark>
  <Placemark>
	<Style><LineStyle><color>ff0000ff</color></LineStyle><PolyStyle><fill>0</fill></PolyStyle></Style>
	<ExtendedData><SchemaData schemaUrl="#amenity_parking_bengaluru_urban">
		<SimpleData name="full_id">w1270893909</SimpleData>
		<SimpleData name="osm_id">1270893909</SimpleData>
		<SimpleData name="osm_type">way</SimpleData>
		<SimpleData name="amenity">parking</SimpleData>
		<SimpleData name="parking">surface</SimpleData>
		<SimpleData name="access">permissive</SimpleData>
	</SchemaData></ExtendedData>
      <MultiGeometry><Polygon><outerBoundaryIs><LinearRing><coordinates>77.7062586,12.9054163 77.7064599,12.905433 77.7065416,12.9044974 77.7063403,12.9044807 77.7062586,12.9054163</coordinates></LinearRing></outerBoundaryIs></Polygon></MultiGeometry>
  </Placemark>
  <Placemark>
	<Style><LineStyle><color>ff0000ff</color></LineStyle><PolyStyle><fill>0</fill></PolyStyle></Style>
	<ExtendedData><SchemaData schemaUrl="#amenity_parking_bengaluru_urban">
		<SimpleData name="full_id">w1272039724</SimpleData>
		<SimpleData name="osm_id">1272039724</SimpleData>
		<SimpleData name="osm_type">way</SimpleData>
		<SimpleData name="amenity">parking</SimpleData>
		<SimpleData name="parking">surface</SimpleData>
		<SimpleData name="access">private</SimpleData>
	</SchemaData></ExtendedData>
      <MultiGeometry><Polygon><outerBoundaryIs><LinearRing><coordinates>77.7514293,12.9857963 77.7516481,12.9858787 77.7514768,12.9859525 77.7514293,12.9857963</coordinates></LinearRing></outerBoundaryIs></Polygon></MultiGeometry>
  </Placemark>
  <Placemark>
	<Style><LineStyle><color>ff0000ff</color></LineStyle><PolyStyle><fill>0</fill></PolyStyle></Style>
	<ExtendedData><SchemaData schemaUrl="#amenity_parking_bengaluru_urban">
		<SimpleData name="full_id">w1272039725</SimpleData>
		<SimpleData name="osm_id">1272039725</SimpleData>
		<SimpleData name="osm_type">way</SimpleData>
		<SimpleData name="amenity">parking</SimpleData>
		<SimpleData name="parking">surface</SimpleData>
		<SimpleData name="access">private</SimpleData>
	</SchemaData></ExtendedData>
      <MultiGeometry><Polygon><outerBoundaryIs><LinearRing><coordinates>77.7512984,12.985015 77.7512137,12.9852281 77.751138,12.9850612 77.7512984,12.985015</coordinates></LinearRing></outerBoundaryIs></Polygon></MultiGeometry>
  </Placemark>
  <Placemark>
	<Style><LineStyle><color>ff0000ff</color></LineStyle><PolyStyle><fill>0</fill></PolyStyle></Style>
	<ExtendedData><SchemaData schemaUrl="#amenity_parking_bengaluru_urban">
		<SimpleData name="full_id">w1272039733</SimpleData>
		<SimpleData name="osm_id">1272039733</SimpleData>
		<SimpleData name="osm_type">way</SimpleData>
		<SimpleData name="amenity">parking</SimpleData>
		<SimpleData name="parking">surface</SimpleData>
		<SimpleData name="access">private</SimpleData>
	</SchemaData></ExtendedData>
      <MultiGeometry><Polygon><outerBoundaryIs><LinearRing><coordinates>77.7507444,12.984465 77.7488578,12.9851263 77.7488843,12.9851981 77.7507709,12.9845368 77.7507444,12.984465</coordinates></LinearRing></outerBoundaryIs></Polygon></MultiGeometry>
  </Placemark>
  <Placemark>
	<Style><LineStyle><color>ff0000ff</color></LineStyle><PolyStyle><fill>0</fill></PolyStyle></Style>
	<ExtendedData><SchemaData schemaUrl="#amenity_parking_bengaluru_urban">
		<SimpleData name="full_id">w1272039735</SimpleData>
		<SimpleData name="osm_id">1272039735</SimpleData>
		<SimpleData name="osm_type">way</SimpleData>
		<SimpleData name="amenity">parking</SimpleData>
		<SimpleData name="parking">surface</SimpleData>
		<SimpleData name="access">private</SimpleData>
	</SchemaData></ExtendedData>
      <MultiGeometry><Polygon><outerBoundaryIs><LinearRing><coordinates>77.7510649,12.9843513 77.7508247,12.9844355 77.7508489,12.984501 77.7510891,12.9844168 77.7510649,12.9843513</coordinates></LinearRing></outerBoundaryIs></Polygon></MultiGeometry>
  </Placemark>
  <Placemark>
	<Style><LineStyle><color>ff0000ff</color></LineStyle><PolyStyle><fill>0</fill></PolyStyle></Style>
	<ExtendedData><SchemaData schemaUrl="#amenity_parking_bengaluru_urban">
		<SimpleData name="full_id">w1272139275</SimpleData>
		<SimpleData name="osm_id">1272139275</SimpleData>
		<SimpleData name="osm_type">way</SimpleData>
		<SimpleData name="amenity">parking</SimpleData>
		<SimpleData name="parking">surface</SimpleData>
		<SimpleData name="access">customers</SimpleData>
	</SchemaData></ExtendedData>
      <MultiGeometry><Polygon><outerBoundaryIs><LinearRing><coordinates>77.7171958,12.9765555 77.7174715,12.9765202 77.7174452,12.9762519 77.7174378,12.9761608 77.7174211,12.9759548 77.7171355,12.976022 77.7171958,12.9765555</coordinates></LinearRing></outerBoundaryIs></Polygon></MultiGeometry>
  </Placemark>
  <Placemark>
	<Style><LineStyle><color>ff0000ff</color></LineStyle><PolyStyle><fill>0</fill></PolyStyle></Style>
	<ExtendedData><SchemaData schemaUrl="#amenity_parking_bengaluru_urban">
		<SimpleData name="full_id">w1272698799</SimpleData>
		<SimpleData name="osm_id">1272698799</SimpleData>
		<SimpleData name="osm_type">way</SimpleData>
		<SimpleData name="amenity">parking</SimpleData>
		<SimpleData name="orientation">perpendicular</SimpleData>
		<SimpleData name="parking">street_side</SimpleData>
		<SimpleData name="access">private</SimpleData>
	</SchemaData></ExtendedData>
      <MultiGeometry><Polygon><outerBoundaryIs><LinearRing><coordinates>77.7182257,12.9509614 77.7185507,12.9509968 77.7185551,12.950958 77.7182302,12.9509225 77.7182257,12.9509614</coordinates></LinearRing></outerBoundaryIs></Polygon></MultiGeometry>
  </Placemark>
  <Placemark>
	<Style><LineStyle><color>ff0000ff</color></LineStyle><PolyStyle><fill>0</fill></PolyStyle></Style>
	<ExtendedData><SchemaData schemaUrl="#amenity_parking_bengaluru_urban">
		<SimpleData name="full_id">w1272698800</SimpleData>
		<SimpleData name="osm_id">1272698800</SimpleData>
		<SimpleData name="osm_type">way</SimpleData>
		<SimpleData name="amenity">parking</SimpleData>
		<SimpleData name="orientation">perpendicular</SimpleData>
		<SimpleData name="parking">street_side</SimpleData>
		<SimpleData name="access">private</SimpleData>
	</SchemaData></ExtendedData>
      <MultiGeometry><Polygon><outerBoundaryIs><LinearRing><coordinates>77.7182265,12.9501557 77.7184365,12.9501825 77.7184409,12.95015 77.7182308,12.9501232 77.7182265,12.9501557</coordinates></LinearRing></outerBoundaryIs></Polygon></MultiGeometry>
  </Placemark>
  <Placemark>
	<Style><LineStyle><color>ff0000ff</color></LineStyle><PolyStyle><fill>0</fill></PolyStyle></Style>
	<ExtendedData><SchemaData schemaUrl="#amenity_parking_bengaluru_urban">
		<SimpleData name="full_id">w1272747338</SimpleData>
		<SimpleData name="osm_id">1272747338</SimpleData>
		<SimpleData name="osm_type">way</SimpleData>
		<SimpleData name="amenity">parking</SimpleData>
		<SimpleData name="parking">surface</SimpleData>
		<SimpleData name="fee">yes</SimpleData>
	</SchemaData></ExtendedData>
      <MultiGeometry><Polygon><outerBoundaryIs><LinearRing><coordinates>77.6792702,13.1840472 77.6790167,13.1840668 77.6791683,13.1851702 77.6793051,13.1855593 77.6795867,13.1855045 77.679525,13.1849952 77.6796538,13.1849796 77.6795948,13.1845043 77.6793507,13.1845095 77.6792702,13.1840472</coordinates></LinearRing></outerBoundaryIs></Polygon></MultiGeometry>
  </Placemark>
  <Placemark>
	<Style><LineStyle><color>ff0000ff</color></LineStyle><PolyStyle><fill>0</fill></PolyStyle></Style>
	<ExtendedData><SchemaData schemaUrl="#amenity_parking_bengaluru_urban">
		<SimpleData name="full_id">w1272828068</SimpleData>
		<SimpleData name="osm_id">1272828068</SimpleData>
		<SimpleData name="osm_type">way</SimpleData>
		<SimpleData name="amenity">parking</SimpleData>
		<SimpleData name="parking">surface</SimpleData>
		<SimpleData name="access">private</SimpleData>
	</SchemaData></ExtendedData>
      <MultiGeometry><Polygon><outerBoundaryIs><LinearRing><coordinates>77.6120192,13.1211383 77.6122156,13.1211049 77.6120326,13.120083 77.6118362,13.1201163 77.6120192,13.1211383</coordinates></LinearRing></outerBoundaryIs></Polygon></MultiGeometry>
  </Placemark>
  <Placemark>
	<Style><LineStyle><color>ff0000ff</color></LineStyle><PolyStyle><fill>0</fill></PolyStyle></Style>
	<ExtendedData><SchemaData schemaUrl="#amenity_parking_bengaluru_urban">
		<SimpleData name="full_id">w1272839438</SimpleData>
		<SimpleData name="osm_id">1272839438</SimpleData>
		<SimpleData name="osm_type">way</SimpleData>
		<SimpleData name="amenity">parking</SimpleData>
		<SimpleData name="parking">surface</SimpleData>
		<SimpleData name="access">permissive</SimpleData>
	</SchemaData></ExtendedData>
      <MultiGeometry><Polygon><outerBoundaryIs><LinearRing><coordinates>77.6295219,13.1641245 77.6296653,13.1640168 77.6293981,13.1636797 77.6292547,13.1637874 77.6295219,13.1641245</coordinates></LinearRing></outerBoundaryIs></Polygon></MultiGeometry>
  </Placemark>
  <Placemark>
	<Style><LineStyle><color>ff0000ff</color></LineStyle><PolyStyle><fill>0</fill></PolyStyle></Style>
	<ExtendedData><SchemaData schemaUrl="#amenity_parking_bengaluru_urban">
		<SimpleData name="full_id">w1272839480</SimpleData>
		<SimpleData name="osm_id">1272839480</SimpleData>
		<SimpleData name="osm_type">way</SimpleData>
		<SimpleData name="amenity">parking</SimpleData>
		<SimpleData name="parking">surface</SimpleData>
		<SimpleData name="access">private</SimpleData>
	</SchemaData></ExtendedData>
      <MultiGeometry><Polygon><outerBoundaryIs><LinearRing><coordinates>77.6188425,13.146953 77.618828,13.1470485 77.6185088,13.1471817 77.618431,13.1468499 77.6188425,13.146953</coordinates></LinearRing></outerBoundaryIs></Polygon></MultiGeometry>
  </Placemark>
  <Placemark>
	<Style><LineStyle><color>ff0000ff</color></LineStyle><PolyStyle><fill>0</fill></PolyStyle></Style>
	<ExtendedData><SchemaData schemaUrl="#amenity_parking_bengaluru_urban">
		<SimpleData name="full_id">w1272848373</SimpleData>
		<SimpleData name="osm_id">1272848373</SimpleData>
		<SimpleData name="osm_type">way</SimpleData>
		<SimpleData name="amenity">parking</SimpleData>
		<SimpleData name="orientation">parallel</SimpleData>
		<SimpleData name="surface">paving_stones</SimpleData>
		<SimpleData name="parking">street_side</SimpleData>
	</SchemaData></ExtendedData>
      <MultiGeometry><Polygon><outerBoundaryIs><LinearRing><coordinates>77.5964463,12.9747371 77.5964626,12.9747166 77.5968512,12.975009 77.596835,12.9750294 77.5964463,12.9747371</coordinates></LinearRing></outerBoundaryIs></Polygon></MultiGeometry>
  </Placemark>
  <Placemark>
	<Style><LineStyle><color>ff0000ff</color></LineStyle><PolyStyle><fill>0</fill></PolyStyle></Style>
	<ExtendedData><SchemaData schemaUrl="#amenity_parking_bengaluru_urban">
		<SimpleData name="full_id">w1272848374</SimpleData>
		<SimpleData name="osm_id">1272848374</SimpleData>
		<SimpleData name="osm_type">way</SimpleData>
		<SimpleData name="amenity">parking</SimpleData>
		<SimpleData name="orientation">parallel</SimpleData>
		<SimpleData name="surface">paving_stones</SimpleData>
		<SimpleData name="parking">street_side</SimpleData>
	</SchemaData></ExtendedData>
      <MultiGeometry><Polygon><outerBoundaryIs><LinearRing><coordinates>77.5959768,12.9743292 77.5959945,12.9743098 77.5963613,12.9746278 77.5963438,12.974647 77.5959768,12.9743292</coordinates></LinearRing></outerBoundaryIs></Polygon></MultiGeometry>
  </Placemark>
  <Placemark>
	<Style><LineStyle><color>ff0000ff</color></LineStyle><PolyStyle><fill>0</fill></PolyStyle></Style>
	<ExtendedData><SchemaData schemaUrl="#amenity_parking_bengaluru_urban">
		<SimpleData name="full_id">w1273452287</SimpleData>
		<SimpleData name="osm_id">1273452287</SimpleData>
		<SimpleData name="osm_type">way</SimpleData>
		<SimpleData name="amenity">parking</SimpleData>
		<SimpleData name="parking">surface</SimpleData>
	</SchemaData></ExtendedData>
      <MultiGeometry><Polygon><outerBoundaryIs><LinearRing><coordinates>77.6310282,13.0327329 77.6312176,13.0325517 77.6311069,13.0324419 77.6309175,13.0326231 77.6310282,13.0327329</coordinates></LinearRing></outerBoundaryIs></Polygon></MultiGeometry>
  </Placemark>
  <Placemark>
	<Style><LineStyle><color>ff0000ff</color></LineStyle><PolyStyle><fill>0</fill></PolyStyle></Style>
	<ExtendedData><SchemaData schemaUrl="#amenity_parking_bengaluru_urban">
		<SimpleData name="full_id">w1273452295</SimpleData>
		<SimpleData name="osm_id">1273452295</SimpleData>
		<SimpleData name="osm_type">way</SimpleData>
		<SimpleData name="amenity">parking</SimpleData>
		<SimpleData name="parking">surface</SimpleData>
	</SchemaData></ExtendedData>
      <MultiGeometry><Polygon><outerBoundaryIs><LinearRing><coordinates>77.6304389,13.0320911 77.6306049,13.0319319 77.630708,13.0320339 77.6305419,13.0321931 77.6304389,13.0320911</coordinates></LinearRing></outerBoundaryIs></Polygon></MultiGeometry>
  </Placemark>
  <Placemark>
	<Style><LineStyle><color>ff0000ff</color></LineStyle><PolyStyle><fill>0</fill></PolyStyle></Style>
	<ExtendedData><SchemaData schemaUrl="#amenity_parking_bengaluru_urban">
		<SimpleData name="full_id">w1273452296</SimpleData>
		<SimpleData name="osm_id">1273452296</SimpleData>
		<SimpleData name="osm_type">way</SimpleData>
		<SimpleData name="amenity">parking</SimpleData>
		<SimpleData name="parking">surface</SimpleData>
	</SchemaData></ExtendedData>
      <MultiGeometry><Polygon><outerBoundaryIs><LinearRing><coordinates>77.6306873,13.0323596 77.6307197,13.032327 77.6306421,13.0322539 77.6307779,13.0321172 77.6308893,13.0322222 77.6307212,13.0323915 77.6306873,13.0323596</coordinates></LinearRing></outerBoundaryIs></Polygon></MultiGeometry>
  </Placemark>
  <Placemark>
	<Style><LineStyle><color>ff0000ff</color></LineStyle><PolyStyle><fill>0</fill></PolyStyle></Style>
	<ExtendedData><SchemaData schemaUrl="#amenity_parking_bengaluru_urban">
		<SimpleData name="full_id">w1273580576</SimpleData>
		<SimpleData name="osm_id">1273580576</SimpleData>
		<SimpleData name="osm_type">way</SimpleData>
		<SimpleData name="amenity">parking</SimpleData>
		<SimpleData name="capacity">4</SimpleData>
		<SimpleData name="parking">street_side</SimpleData>
		<SimpleData name="access">private</SimpleData>
	</SchemaData></ExtendedData>
      <MultiGeometry><Polygon><outerBoundaryIs><LinearRing><coordinates>77.7188766,12.974217 77.7189573,12.9742165 77.7189575,12.9742552 77.7188769,12.9742557 77.7188766,12.974217</coordinates></LinearRing></outerBoundaryIs></Polygon></MultiGeometry>
  </Placemark>
  <Placemark>
	<Style><LineStyle><color>ff0000ff</color></LineStyle><PolyStyle><fill>0</fill></PolyStyle></Style>
	<ExtendedData><SchemaData schemaUrl="#amenity_parking_bengaluru_urban">
		<SimpleData name="full_id">w1273580577</SimpleData>
		<SimpleData name="osm_id">1273580577</SimpleData>
		<SimpleData name="osm_type">way</SimpleData>
		<SimpleData name="amenity">parking</SimpleData>
		<SimpleData name="capacity">4</SimpleData>
		<SimpleData name="parking">street_side</SimpleData>
		<SimpleData name="access">private</SimpleData>
	</SchemaData></ExtendedData>
      <MultiGeometry><Polygon><outerBoundaryIs><LinearRing><coordinates>77.718614,12.9742285 77.7186946,12.9742256 77.7186961,12.9742643 77.7186155,12.9742672 77.718614,12.9742285</coordinates></LinearRing></outerBoundaryIs></Polygon></MultiGeometry>
  </Placemark>
  <Placemark>
	<Style><LineStyle><color>ff0000ff</color></LineStyle><PolyStyle><fill>0</fill></PolyStyle></Style>
	<ExtendedData><SchemaData schemaUrl="#amenity_parking_bengaluru_urban">
		<SimpleData name="full_id">w1273586979</SimpleData>
		<SimpleData name="osm_id">1273586979</SimpleData>
		<SimpleData name="osm_type">way</SimpleData>
		<SimpleData name="amenity">parking</SimpleData>
		<SimpleData name="parking">surface</SimpleData>
		<SimpleData name="access">private</SimpleData>
	</SchemaData></ExtendedData>
      <MultiGeometry><Polygon><outerBoundaryIs><LinearRing><coordinates>77.7252649,12.9756715 77.7253353,12.9756686 77.7253334,12.9756381 77.7254576,12.9756257 77.7254312,12.9754083 77.7253109,12.9754216 77.7252649,12.9756715</coordinates></LinearRing></outerBoundaryIs></Polygon></MultiGeometry>
  </Placemark>
  <Placemark>
	<Style><LineStyle><color>ff0000ff</color></LineStyle><PolyStyle><fill>0</fill></PolyStyle></Style>
	<ExtendedData><SchemaData schemaUrl="#amenity_parking_bengaluru_urban">
		<SimpleData name="full_id">w1273596209</SimpleData>
		<SimpleData name="osm_id">1273596209</SimpleData>
		<SimpleData name="osm_type">way</SimpleData>
		<SimpleData name="amenity">parking</SimpleData>
		<SimpleData name="parking">surface</SimpleData>
	</SchemaData></ExtendedData>
      <MultiGeometry><Polygon><outerBoundaryIs><LinearRing><coordinates>77.7332302,12.9639361 77.7335115,12.9639518 77.7335089,12.9637063 77.7332087,12.9637285 77.7332302,12.9639361</coordinates></LinearRing></outerBoundaryIs></Polygon></MultiGeometry>
  </Placemark>
  <Placemark>
	<Style><LineStyle><color>ff0000ff</color></LineStyle><PolyStyle><fill>0</fill></PolyStyle></Style>
	<ExtendedData><SchemaData schemaUrl="#amenity_parking_bengaluru_urban">
		<SimpleData name="full_id">w1273628107</SimpleData>
		<SimpleData name="osm_id">1273628107</SimpleData>
		<SimpleData name="osm_type">way</SimpleData>
		<SimpleData name="amenity">parking</SimpleData>
		<SimpleData name="parking">surface</SimpleData>
	</SchemaData></ExtendedData>
      <MultiGeometry><Polygon><outerBoundaryIs><LinearRing><coordinates>77.7285107,12.9749101 77.7286497,12.9748987 77.7286472,12.9748706 77.7291928,12.974826 77.7291877,12.9747662 77.7285031,12.9748223 77.7285107,12.9749101</coordinates></LinearRing></outerBoundaryIs></Polygon></MultiGeometry>
  </Placemark>
  <Placemark>
	<Style><LineStyle><color>ff0000ff</color></LineStyle><PolyStyle><fill>0</fill></PolyStyle></Style>
	<ExtendedData><SchemaData schemaUrl="#amenity_parking_bengaluru_urban">
		<SimpleData name="full_id">w1273628118</SimpleData>
		<SimpleData name="osm_id">1273628118</SimpleData>
		<SimpleData name="osm_type">way</SimpleData>
		<SimpleData name="amenity">parking</SimpleData>
		<SimpleData name="orientation">perpendicular</SimpleData>
		<SimpleData name="parking">street_side</SimpleData>
		<SimpleData name="access">private</SimpleData>
	</SchemaData></ExtendedData>
      <MultiGeometry><Polygon><outerBoundaryIs><LinearRing><coordinates>77.7180293,12.9730996 77.7184375,12.9730774 77.7184341,12.973018 77.7180259,12.9730403 77.7180293,12.9730996</coordinates></LinearRing></outerBoundaryIs></Polygon></MultiGeometry>
  </Placemark>
  <Placemark>
	<Style><LineStyle><color>ff0000ff</color></LineStyle><PolyStyle><fill>0</fill></PolyStyle></Style>
	<ExtendedData><SchemaData schemaUrl="#amenity_parking_bengaluru_urban">
		<SimpleData name="full_id">w1273980557</SimpleData>
		<SimpleData name="osm_id">1273980557</SimpleData>
		<SimpleData name="osm_type">way</SimpleData>
		<SimpleData name="amenity">parking</SimpleData>
		<SimpleData name="parking">carports</SimpleData>
		<SimpleData name="access">private</SimpleData>
	</SchemaData></ExtendedData>
      <MultiGeometry><Polygon><outerBoundaryIs><LinearRing><coordinates>77.7173883,12.97249 77.7174641,12.9724747 77.7173181,12.9717864 77.7172421,12.9718017 77.7173883,12.97249</coordinates></LinearRing></outerBoundaryIs></Polygon></MultiGeometry>
  </Placemark>
  <Placemark>
	<Style><LineStyle><color>ff0000ff</color></LineStyle><PolyStyle><fill>0</fill></PolyStyle></Style>
	<ExtendedData><SchemaData schemaUrl="#amenity_parking_bengaluru_urban">
		<SimpleData name="full_id">w1273983470</SimpleData>
		<SimpleData name="osm_id">1273983470</SimpleData>
		<SimpleData name="osm_type">way</SimpleData>
		<SimpleData name="amenity">parking</SimpleData>
		<SimpleData name="parking">surface</SimpleData>
		<SimpleData name="access">private</SimpleData>
	</SchemaData></ExtendedData>
      <MultiGeometry><Polygon><outerBoundaryIs><LinearRing><coordinates>77.7459887,12.9920249 77.7463978,12.991954 77.7463778,12.9914686 77.7459233,12.9914916 77.7459887,12.9920249</coordinates></LinearRing></outerBoundaryIs></Polygon></MultiGeometry>
  </Placemark>
  <Placemark>
	<Style><LineStyle><color>ff0000ff</color></LineStyle><PolyStyle><fill>0</fill></PolyStyle></Style>
	<ExtendedData><SchemaData schemaUrl="#amenity_parking_bengaluru_urban">
		<SimpleData name="full_id">w1274231235</SimpleData>
		<SimpleData name="osm_id">1274231235</SimpleData>
		<SimpleData name="osm_type">way</SimpleData>
		<SimpleData name="amenity">parking</SimpleData>
		<SimpleData name="orientation">diagonal</SimpleData>
		<SimpleData name="parking">street_side</SimpleData>
		<SimpleData name="access">private</SimpleData>
	</SchemaData></ExtendedData>
      <MultiGeometry><Polygon><outerBoundaryIs><LinearRing><coordinates>77.6518183,12.9210607 77.6517963,12.9210179 77.6522459,12.920974 77.6522691,12.9210179 77.6518183,12.9210607</coordinates></LinearRing></outerBoundaryIs></Polygon></MultiGeometry>
  </Placemark>
  <Placemark>
	<Style><LineStyle><color>ff0000ff</color></LineStyle><PolyStyle><fill>0</fill></PolyStyle></Style>
	<ExtendedData><SchemaData schemaUrl="#amenity_parking_bengaluru_urban">
		<SimpleData name="full_id">w1274352555</SimpleData>
		<SimpleData name="osm_id">1274352555</SimpleData>
		<SimpleData name="osm_type">way</SimpleData>
		<SimpleData name="amenity">parking</SimpleData>
		<SimpleData name="parking">surface</SimpleData>
		<SimpleData name="fee">no</SimpleData>
	</SchemaData></ExtendedData>
      <MultiGeometry><Polygon><outerBoundaryIs><LinearRing><coordinates>77.7237252,12.9641294 77.723968,12.9641465 77.7239853,12.963914 77.7237425,12.9638968 77.7237252,12.9641294</coordinates></LinearRing></outerBoundaryIs></Polygon></MultiGeometry>
  </Placemark>
  <Placemark>
	<Style><LineStyle><color>ff0000ff</color></LineStyle><PolyStyle><fill>0</fill></PolyStyle></Style>
	<ExtendedData><SchemaData schemaUrl="#amenity_parking_bengaluru_urban">
		<SimpleData name="full_id">w1274352560</SimpleData>
		<SimpleData name="osm_id">1274352560</SimpleData>
		<SimpleData name="osm_type">way</SimpleData>
		<SimpleData name="amenity">parking</SimpleData>
		<SimpleData name="parking">street_side</SimpleData>
	</SchemaData></ExtendedData>
      <MultiGeometry><Polygon><outerBoundaryIs><LinearRing><coordinates>77.7200002,12.965141 77.7200398,12.9651182 77.7201363,12.9646621 77.7201223,12.9646764 77.7200002,12.965141</coordinates></LinearRing></outerBoundaryIs></Polygon></MultiGeometry>
  </Placemark>
  <Placemark>
	<Style><LineStyle><color>ff0000ff</color></LineStyle><PolyStyle><fill>0</fill></PolyStyle></Style>
	<ExtendedData><SchemaData schemaUrl="#amenity_parking_bengaluru_urban">
		<SimpleData name="full_id">w1274352566</SimpleData>
		<SimpleData name="osm_id">1274352566</SimpleData>
		<SimpleData name="osm_type">way</SimpleData>
		<SimpleData name="amenity">parking</SimpleData>
		<SimpleData name="parking">surface</SimpleData>
		<SimpleData name="access">customers</SimpleData>
	</SchemaData></ExtendedData>
      <MultiGeometry><Polygon><outerBoundaryIs><LinearRing><coordinates>77.7187148,12.9656331 77.7186762,12.9655638 77.7186434,12.9655073 77.7187158,12.9654727 77.7187235,12.9656347 77.7187148,12.9656331</coordinates></LinearRing></outerBoundaryIs></Polygon></MultiGeometry>
  </Placemark>
  <Placemark>
	<Style><LineStyle><color>ff0000ff</color></LineStyle><PolyStyle><fill>0</fill></PolyStyle></Style>
	<ExtendedData><SchemaData schemaUrl="#amenity_parking_bengaluru_urban">
		<SimpleData name="full_id">w1274389124</SimpleData>
		<SimpleData name="osm_id">1274389124</SimpleData>
		<SimpleData name="osm_type">way</SimpleData>
		<SimpleData name="amenity">parking</SimpleData>
		<SimpleData name="parking">street_side</SimpleData>
		<SimpleData name="access">customers</SimpleData>
	</SchemaData></ExtendedData>
      <MultiGeometry><Polygon><outerBoundaryIs><LinearRing><coordinates>77.7249586,12.9631427 77.7249499,12.9631172 77.724903,12.9631323 77.7249117,12.9631578 77.7249586,12.9631427</coordinates></LinearRing></outerBoundaryIs></Polygon></MultiGeometry>
  </Placemark>
  <Placemark>
	<Style><LineStyle><color>ff0000ff</color></LineStyle><PolyStyle><fill>0</fill></PolyStyle></Style>
	<ExtendedData><SchemaData schemaUrl="#amenity_parking_bengaluru_urban">
		<SimpleData name="full_id">w1274389160</SimpleData>
		<SimpleData name="osm_id">1274389160</SimpleData>
		<SimpleData name="osm_type">way</SimpleData>
		<SimpleData name="amenity">parking</SimpleData>
	</SchemaData></ExtendedData>
      <MultiGeometry><Polygon><outerBoundaryIs><LinearRing><coordinates>77.7205983,12.9644393 77.7207421,12.9643813 77.7207573,12.9644173 77.7206136,12.9644753 77.7205983,12.9644393</coordinates></LinearRing></outerBoundaryIs></Polygon></MultiGeometry>
  </Placemark>
  <Placemark>
	<Style><LineStyle><color>ff0000ff</color></LineStyle><PolyStyle><fill>0</fill></PolyStyle></Style>
	<ExtendedData><SchemaData schemaUrl="#amenity_parking_bengaluru_urban">
		<SimpleData name="full_id">w1274608246</SimpleData>
		<SimpleData name="osm_id">1274608246</SimpleData>
		<SimpleData name="osm_type">way</SimpleData>
		<SimpleData name="amenity">parking</SimpleData>
		<SimpleData name="parking">surface</SimpleData>
		<SimpleData name="access">permissive</SimpleData>
	</SchemaData></ExtendedData>
      <MultiGeometry><Polygon><outerBoundaryIs><LinearRing><coordinates>77.7367841,12.9193817 77.7377256,12.9193517 77.7377238,12.9192977 77.7367823,12.9193278 77.7367841,12.9193817</coordinates></LinearRing></outerBoundaryIs></Polygon></MultiGeometry>
  </Placemark>
  <Placemark>
	<Style><LineStyle><color>ff0000ff</color></LineStyle><PolyStyle><fill>0</fill></PolyStyle></Style>
	<ExtendedData><SchemaData schemaUrl="#amenity_parking_bengaluru_urban">
		<SimpleData name="full_id">w1274663076</SimpleData>
		<SimpleData name="osm_id">1274663076</SimpleData>
		<SimpleData name="osm_type">way</SimpleData>
		<SimpleData name="amenity">parking</SimpleData>
		<SimpleData name="parking">street_side</SimpleData>
		<SimpleData name="access">private</SimpleData>
	</SchemaData></ExtendedData>
      <MultiGeometry><Polygon><outerBoundaryIs><LinearRing><coordinates>77.6655021,12.9253012 77.6655015,12.9252587 77.6661129,12.9252507 77.6661135,12.9252931 77.6655021,12.9253012</coordinates></LinearRing></outerBoundaryIs></Polygon></MultiGeometry>
  </Placemark>
  <Placemark>
	<Style><LineStyle><color>ff0000ff</color></LineStyle><PolyStyle><fill>0</fill></PolyStyle></Style>
	<ExtendedData><SchemaData schemaUrl="#amenity_parking_bengaluru_urban">
		<SimpleData name="full_id">w1275463642</SimpleData>
		<SimpleData name="osm_id">1275463642</SimpleData>
		<SimpleData name="osm_type">way</SimpleData>
		<SimpleData name="amenity">parking</SimpleData>
		<SimpleData name="parking">surface</SimpleData>
	</SchemaData></ExtendedData>
      <MultiGeometry><Polygon><outerBoundaryIs><LinearRing><coordinates>77.6509149,13.0154096 77.6511816,13.0153602 77.6511621,13.0152297 77.6509354,13.0152602 77.6509375,13.0153086 77.6508954,13.015316 77.6509149,13.0154096</coordinates></LinearRing></outerBoundaryIs></Polygon></MultiGeometry>
  </Placemark>
  <Placemark>
	<Style><LineStyle><color>ff0000ff</color></LineStyle><PolyStyle><fill>0</fill></PolyStyle></Style>
	<ExtendedData><SchemaData schemaUrl="#amenity_parking_bengaluru_urban">
		<SimpleData name="full_id">w1277628889</SimpleData>
		<SimpleData name="osm_id">1277628889</SimpleData>
		<SimpleData name="osm_type">way</SimpleData>
		<SimpleData name="amenity">parking</SimpleData>
		<SimpleData name="parking">surface</SimpleData>
		<SimpleData name="access">permissive</SimpleData>
	</SchemaData></ExtendedData>
      <MultiGeometry><Polygon><outerBoundaryIs><LinearRing><coordinates>77.5874768,13.1282164 77.5875881,13.1282002 77.5875814,13.1281562 77.58747,13.1281724 77.5874768,13.1282164</coordinates></LinearRing></outerBoundaryIs></Polygon></MultiGeometry>
  </Placemark>
  <Placemark>
	<Style><LineStyle><color>ff0000ff</color></LineStyle><PolyStyle><fill>0</fill></PolyStyle></Style>
	<ExtendedData><SchemaData schemaUrl="#amenity_parking_bengaluru_urban">
		<SimpleData name="full_id">w1277628895</SimpleData>
		<SimpleData name="osm_id">1277628895</SimpleData>
		<SimpleData name="osm_type">way</SimpleData>
		<SimpleData name="amenity">parking</SimpleData>
		<SimpleData name="parking">surface</SimpleData>
		<SimpleData name="access">permissive</SimpleData>
	</SchemaData></ExtendedData>
      <MultiGeometry><Polygon><outerBoundaryIs><LinearRing><coordinates>77.5867656,13.1282646 77.5874394,13.1282498 77.5874385,13.1282105 77.586747,13.1282257 77.5867656,13.1282646</coordinates></LinearRing></outerBoundaryIs></Polygon></MultiGeometry>
  </Placemark>
  <Placemark>
	<Style><LineStyle><color>ff0000ff</color></LineStyle><PolyStyle><fill>0</fill></PolyStyle></Style>
	<ExtendedData><SchemaData schemaUrl="#amenity_parking_bengaluru_urban">
		<SimpleData name="full_id">w1277628896</SimpleData>
		<SimpleData name="osm_id">1277628896</SimpleData>
		<SimpleData name="osm_type">way</SimpleData>
		<SimpleData name="amenity">parking</SimpleData>
		<SimpleData name="parking">surface</SimpleData>
		<SimpleData name="access">permissive</SimpleData>
	</SchemaData></ExtendedData>
      <MultiGeometry><Polygon><outerBoundaryIs><LinearRing><coordinates>77.5867303,13.1282654 77.5867117,13.1282265 77.5862123,13.1282374 77.5861604,13.1282386 77.5861613,13.1282779 77.5867303,13.1282654</coordinates></LinearRing></outerBoundaryIs></Polygon></MultiGeometry>
  </Placemark>
  <Placemark>
	<Style><LineStyle><color>ff0000ff</color></LineStyle><PolyStyle><fill>0</fill></PolyStyle></Style>
	<ExtendedData><SchemaData schemaUrl="#amenity_parking_bengaluru_urban">
		<SimpleData name="full_id">w1277628905</SimpleData>
		<SimpleData name="osm_id">1277628905</SimpleData>
		<SimpleData name="osm_type">way</SimpleData>
		<SimpleData name="amenity">parking</SimpleData>
		<SimpleData name="parking">surface</SimpleData>
		<SimpleData name="access">permissive</SimpleData>
	</SchemaData></ExtendedData>
      <MultiGeometry><Polygon><outerBoundaryIs><LinearRing><coordinates>77.5860983,13.1285529 77.5861597,13.1285364 77.5859599,13.1278298 77.5858985,13.1278463 77.5860983,13.1285529</coordinates></LinearRing></outerBoundaryIs></Polygon></MultiGeometry>
  </Placemark>
  <Placemark>
	<Style><LineStyle><color>ff0000ff</color></LineStyle><PolyStyle><fill>0</fill></PolyStyle></Style>
	<ExtendedData><SchemaData schemaUrl="#amenity_parking_bengaluru_urban">
		<SimpleData name="full_id">w1278238553</SimpleData>
		<SimpleData name="osm_id">1278238553</SimpleData>
		<SimpleData name="osm_type">way</SimpleData>
		<SimpleData name="amenity">parking</SimpleData>
		<SimpleData name="parking">surface</SimpleData>
		<SimpleData name="access">customers</SimpleData>
	</SchemaData></ExtendedData>
      <MultiGeometry><Polygon><outerBoundaryIs><LinearRing><coordinates>77.7175223,12.959086 77.7175213,12.9590637 77.7176759,12.9590572 77.7176769,12.9590796 77.7175223,12.959086</coordinates></LinearRing></outerBoundaryIs></Polygon></MultiGeometry>
  </Placemark>
  <Placemark>
	<Style><LineStyle><color>ff0000ff</color></LineStyle><PolyStyle><fill>0</fill></PolyStyle></Style>
	<ExtendedData><SchemaData schemaUrl="#amenity_parking_bengaluru_urban">
		<SimpleData name="full_id">w1278704468</SimpleData>
		<SimpleData name="osm_id">1278704468</SimpleData>
		<SimpleData name="osm_type">way</SimpleData>
		<SimpleData name="amenity">parking</SimpleData>
		<SimpleData name="parking">surface</SimpleData>
		<SimpleData name="access">permissive</SimpleData>
	</SchemaData></ExtendedData>
      <MultiGeometry><Polygon><outerBoundaryIs><LinearRing><coordinates>77.6113902,12.8622133 77.6115458,12.8621806 77.6115349,12.8621315 77.6113794,12.8621642 77.6113902,12.8622133</coordinates></LinearRing></outerBoundaryIs></Polygon></MultiGeometry>
  </Placemark>
  <Placemark>
	<Style><LineStyle><color>ff0000ff</color></LineStyle><PolyStyle><fill>0</fill></PolyStyle></Style>
	<ExtendedData><SchemaData schemaUrl="#amenity_parking_bengaluru_urban">
		<SimpleData name="full_id">w1278704471</SimpleData>
		<SimpleData name="osm_id">1278704471</SimpleData>
		<SimpleData name="osm_type">way</SimpleData>
		<SimpleData name="amenity">parking</SimpleData>
		<SimpleData name="parking">surface</SimpleData>
		<SimpleData name="access">permissive</SimpleData>
	</SchemaData></ExtendedData>
      <MultiGeometry><Polygon><outerBoundaryIs><LinearRing><coordinates>77.610949,12.8623885 77.6110905,12.8623199 77.6110683,12.8622764 77.6109268,12.8623451 77.610949,12.8623885</coordinates></LinearRing></outerBoundaryIs></Polygon></MultiGeometry>
  </Placemark>
  <Placemark>
	<Style><LineStyle><color>ff0000ff</color></LineStyle><PolyStyle><fill>0</fill></PolyStyle></Style>
	<ExtendedData><SchemaData schemaUrl="#amenity_parking_bengaluru_urban">
		<SimpleData name="full_id">w1278704472</SimpleData>
		<SimpleData name="osm_id">1278704472</SimpleData>
		<SimpleData name="osm_type">way</SimpleData>
		<SimpleData name="amenity">parking</SimpleData>
		<SimpleData name="parking">surface</SimpleData>
		<SimpleData name="access">permissive</SimpleData>
	</SchemaData></ExtendedData>
      <MultiGeometry><Polygon><outerBoundaryIs><LinearRing><coordinates>77.6105899,12.8626363 77.6108162,12.8624725 77.6107866,12.8624337 77.6105603,12.8625974 77.6105899,12.8626363</coordinates></LinearRing></outerBoundaryIs></Polygon></MultiGeometry>
  </Placemark>
  <Placemark>
	<Style><LineStyle><color>ff0000ff</color></LineStyle><PolyStyle><fill>0</fill></PolyStyle></Style>
	<ExtendedData><SchemaData schemaUrl="#amenity_parking_bengaluru_urban">
		<SimpleData name="full_id">w1278704473</SimpleData>
		<SimpleData name="osm_id">1278704473</SimpleData>
		<SimpleData name="osm_type">way</SimpleData>
		<SimpleData name="amenity">parking</SimpleData>
		<SimpleData name="parking">surface</SimpleData>
		<SimpleData name="access">permissive</SimpleData>
	</SchemaData></ExtendedData>
      <MultiGeometry><Polygon><outerBoundaryIs><LinearRing><coordinates>77.6103683,12.862733 77.6104819,12.8626931 77.6104649,12.862647 77.6103513,12.8626869 77.6103683,12.862733</coordinates></LinearRing></outerBoundaryIs></Polygon></MultiGeometry>
  </Placemark>
  <Placemark>
	<Style><LineStyle><color>ff0000ff</color></LineStyle><PolyStyle><fill>0</fill></PolyStyle></Style>
	<ExtendedData><SchemaData schemaUrl="#amenity_parking_bengaluru_urban">
		<SimpleData name="full_id">w1278704474</SimpleData>
		<SimpleData name="osm_id">1278704474</SimpleData>
		<SimpleData name="osm_type">way</SimpleData>
		<SimpleData name="amenity">parking</SimpleData>
		<SimpleData name="parking">surface</SimpleData>
		<SimpleData name="access">permissive</SimpleData>
	</SchemaData></ExtendedData>
      <MultiGeometry><Polygon><outerBoundaryIs><LinearRing><coordinates>77.6111548,12.865004 77.6111803,12.8647726 77.6111382,12.8647682 77.6111128,12.8649996 77.6111548,12.865004</coordinates></LinearRing></outerBoundaryIs></Polygon></MultiGeometry>
  </Placemark>
  <Placemark>
	<Style><LineStyle><color>ff0000ff</color></LineStyle><PolyStyle><fill>0</fill></PolyStyle></Style>
	<ExtendedData><SchemaData schemaUrl="#amenity_parking_bengaluru_urban">
		<SimpleData name="full_id">w1278704486</SimpleData>
		<SimpleData name="osm_id">1278704486</SimpleData>
		<SimpleData name="osm_type">way</SimpleData>
		<SimpleData name="amenity">parking</SimpleData>
		<SimpleData name="parking">surface</SimpleData>
		<SimpleData name="access">permissive</SimpleData>
	</SchemaData></ExtendedData>
      <MultiGeometry><Polygon><outerBoundaryIs><LinearRing><coordinates>77.6116913,12.8647497 77.6117429,12.8647406 77.6116971,12.8644948 77.6116454,12.864504 77.6116913,12.8647497</coordinates></LinearRing></outerBoundaryIs></Polygon></MultiGeometry>
  </Placemark>
  <Placemark>
	<Style><LineStyle><color>ff0000ff</color></LineStyle><PolyStyle><fill>0</fill></PolyStyle></Style>
	<ExtendedData><SchemaData schemaUrl="#amenity_parking_bengaluru_urban">
		<SimpleData name="full_id">w1278704487</SimpleData>
		<SimpleData name="osm_id">1278704487</SimpleData>
		<SimpleData name="osm_type">way</SimpleData>
		<SimpleData name="amenity">parking</SimpleData>
		<SimpleData name="parking">surface</SimpleData>
		<SimpleData name="access">permissive</SimpleData>
	</SchemaData></ExtendedData>
      <MultiGeometry><Polygon><outerBoundaryIs><LinearRing><coordinates>77.611183,12.8650851 77.6113808,12.8650753 77.6113778,12.8650166 77.6111799,12.8650264 77.611183,12.8650851</coordinates></LinearRing></outerBoundaryIs></Polygon></MultiGeometry>
  </Placemark>
  <Placemark>
	<Style><LineStyle><color>ff0000ff</color></LineStyle><PolyStyle><fill>0</fill></PolyStyle></Style>
	<ExtendedData><SchemaData schemaUrl="#amenity_parking_bengaluru_urban">
		<SimpleData name="full_id">w1278704488</SimpleData>
		<SimpleData name="osm_id">1278704488</SimpleData>
		<SimpleData name="osm_type">way</SimpleData>
		<SimpleData name="amenity">parking</SimpleData>
		<SimpleData name="parking">surface</SimpleData>
		<SimpleData name="access">permissive</SimpleData>
	</SchemaData></ExtendedData>
      <MultiGeometry><Polygon><outerBoundaryIs><LinearRing><coordinates>77.6099964,12.8653516 77.6100037,12.8652776 77.6097243,12.8652514 77.609717,12.8653254 77.6099964,12.8653516</coordinates></LinearRing></outerBoundaryIs></Polygon></MultiGeometry>
  </Placemark>
  <Placemark>
	<Style><LineStyle><color>ff0000ff</color></LineStyle><PolyStyle><fill>0</fill></PolyStyle></Style>
	<ExtendedData><SchemaData schemaUrl="#amenity_parking_bengaluru_urban">
		<SimpleData name="full_id">w1278704489</SimpleData>
		<SimpleData name="osm_id">1278704489</SimpleData>
		<SimpleData name="osm_type">way</SimpleData>
		<SimpleData name="amenity">parking</SimpleData>
		<SimpleData name="parking">surface</SimpleData>
		<SimpleData name="access">permissive</SimpleData>
	</SchemaData></ExtendedData>
      <MultiGeometry><Polygon><outerBoundaryIs><LinearRing><coordinates>77.6098073,12.8649286 77.6098581,12.8649343 77.609887,12.8646901 77.6098362,12.8646844 77.6098073,12.8649286</coordinates></LinearRing></outerBoundaryIs></Polygon></MultiGeometry>
  </Placemark>
  <Placemark>
	<Style><LineStyle><color>ff0000ff</color></LineStyle><PolyStyle><fill>0</fill></PolyStyle></Style>
	<ExtendedData><SchemaData schemaUrl="#amenity_parking_bengaluru_urban">
		<SimpleData name="full_id">w1278704490</SimpleData>
		<SimpleData name="osm_id">1278704490</SimpleData>
		<SimpleData name="osm_type">way</SimpleData>
		<SimpleData name="amenity">parking</SimpleData>
		<SimpleData name="parking">surface</SimpleData>
		<SimpleData name="access">permissive</SimpleData>
	</SchemaData></ExtendedData>
      <MultiGeometry><Polygon><outerBoundaryIs><LinearRing><coordinates>77.6096985,12.8649185 77.6097492,12.8649242 77.6097781,12.86468 77.6097274,12.8646743 77.6096985,12.8649185</coordinates></LinearRing></outerBoundaryIs></Polygon></MultiGeometry>
  </Placemark>
  <Placemark>
	<Style><LineStyle><color>ff0000ff</color></LineStyle><PolyStyle><fill>0</fill></PolyStyle></Style>
	<ExtendedData><SchemaData schemaUrl="#amenity_parking_bengaluru_urban">
		<SimpleData name="full_id">w1278735133</SimpleData>
		<SimpleData name="osm_id">1278735133</SimpleData>
		<SimpleData name="osm_type">way</SimpleData>
		<SimpleData name="amenity">parking</SimpleData>
		<SimpleData name="parking">surface</SimpleData>
		<SimpleData name="access">private</SimpleData>
	</SchemaData></ExtendedData>
      <MultiGeometry><Polygon><outerBoundaryIs><LinearRing><coordinates>77.610183,12.8732939 77.6100521,12.872388 77.6100033,12.8723947 77.6101342,12.8733006 77.610183,12.8732939</coordinates></LinearRing></outerBoundaryIs></Polygon></MultiGeometry>
  </Placemark>
  <Placemark>
	<Style><LineStyle><color>ff0000ff</color></LineStyle><PolyStyle><fill>0</fill></PolyStyle></Style>
	<ExtendedData><SchemaData schemaUrl="#amenity_parking_bengaluru_urban">
		<SimpleData name="full_id">w1278735136</SimpleData>
		<SimpleData name="osm_id">1278735136</SimpleData>
		<SimpleData name="osm_type">way</SimpleData>
		<SimpleData name="amenity">parking</SimpleData>
		<SimpleData name="parking">surface</SimpleData>
		<SimpleData name="access">private</SimpleData>
	</SchemaData></ExtendedData>
      <MultiGeometry><Polygon><outerBoundaryIs><LinearRing><coordinates>77.6107726,12.8720059 77.6107019,12.8716849 77.6106512,12.8716955 77.6107219,12.8720165 77.6107726,12.8720059</coordinates></LinearRing></outerBoundaryIs></Polygon></MultiGeometry>
  </Placemark>
  <Placemark>
	<Style><LineStyle><color>ff0000ff</color></LineStyle><PolyStyle><fill>0</fill></PolyStyle></Style>
	<ExtendedData><SchemaData schemaUrl="#amenity_parking_bengaluru_urban">
		<SimpleData name="full_id">w1278735137</SimpleData>
		<SimpleData name="osm_id">1278735137</SimpleData>
		<SimpleData name="osm_type">way</SimpleData>
		<SimpleData name="amenity">parking</SimpleData>
		<SimpleData name="parking">surface</SimpleData>
		<SimpleData name="access">private</SimpleData>
	</SchemaData></ExtendedData>
      <MultiGeometry><Polygon><outerBoundaryIs><LinearRing><coordinates>77.6097919,12.872188 77.6099314,12.8721653 77.6099237,12.8721203 77.6097842,12.872143 77.6097919,12.872188</coordinates></LinearRing></outerBoundaryIs></Polygon></MultiGeometry>
  </Placemark>
  <Placemark>
	<Style><LineStyle><color>ff0000ff</color></LineStyle><PolyStyle><fill>0</fill></PolyStyle></Style>
	<ExtendedData><SchemaData schemaUrl="#amenity_parking_bengaluru_urban">
		<SimpleData name="full_id">w1278735172</SimpleData>
		<SimpleData name="osm_id">1278735172</SimpleData>
		<SimpleData name="osm_type">way</SimpleData>
		<SimpleData name="amenity">parking</SimpleData>
		<SimpleData name="parking">surface</SimpleData>
		<SimpleData name="access">private</SimpleData>
	</SchemaData></ExtendedData>
      <MultiGeometry><Polygon><outerBoundaryIs><LinearRing><coordinates>77.6100114,12.8721161 77.6101867,12.8720882 77.610179,12.8720421 77.6100037,12.8720701 77.6100114,12.8721161</coordinates></LinearRing></outerBoundaryIs></Polygon></MultiGeometry>
  </Placemark>
  <Placemark>
	<Style><LineStyle><color>ff0000ff</color></LineStyle><PolyStyle><fill>0</fill></PolyStyle></Style>
	<ExtendedData><SchemaData schemaUrl="#amenity_parking_bengaluru_urban">
		<SimpleData name="full_id">w1278735173</SimpleData>
		<SimpleData name="osm_id">1278735173</SimpleData>
		<SimpleData name="osm_type">way</SimpleData>
		<SimpleData name="amenity">parking</SimpleData>
		<SimpleData name="parking">surface</SimpleData>
		<SimpleData name="access">private</SimpleData>
	</SchemaData></ExtendedData>
      <MultiGeometry><Polygon><outerBoundaryIs><LinearRing><coordinates>77.6106211,12.8721491 77.6106076,12.8720706 77.6102858,12.8721229 77.6102992,12.8722014 77.6106211,12.8721491</coordinates></LinearRing></outerBoundaryIs></Polygon></MultiGeometry>
  </Placemark>
  <Placemark>
	<Style><LineStyle><color>ff0000ff</color></LineStyle><PolyStyle><fill>0</fill></PolyStyle></Style>
	<ExtendedData><SchemaData schemaUrl="#amenity_parking_bengaluru_urban">
		<SimpleData name="full_id">w1278735174</SimpleData>
		<SimpleData name="osm_id">1278735174</SimpleData>
		<SimpleData name="osm_type">way</SimpleData>
		<SimpleData name="amenity">parking</SimpleData>
		<SimpleData name="parking">surface</SimpleData>
		<SimpleData name="access">private</SimpleData>
	</SchemaData></ExtendedData>
      <MultiGeometry><Polygon><outerBoundaryIs><LinearRing><coordinates>77.6103144,12.8722996 77.6105576,12.87226 77.6105482,12.8722052 77.610305,12.8722447 77.6103144,12.8722996</coordinates></LinearRing></outerBoundaryIs></Polygon></MultiGeometry>
  </Placemark>
  <Placemark>
	<Style><LineStyle><color>ff0000ff</color></LineStyle><PolyStyle><fill>0</fill></PolyStyle></Style>
	<ExtendedData><SchemaData schemaUrl="#amenity_parking_bengaluru_urban">
		<SimpleData name="full_id">w1278735178</SimpleData>
		<SimpleData name="osm_id">1278735178</SimpleData>
		<SimpleData name="osm_type">way</SimpleData>
		<SimpleData name="amenity">parking</SimpleData>
		<SimpleData name="parking">surface</SimpleData>
		<SimpleData name="access">private</SimpleData>
	</SchemaData></ExtendedData>
      <MultiGeometry><Polygon><outerBoundaryIs><LinearRing><coordinates>77.6099358,12.8748985 77.6097929,12.8749097 77.6097965,12.8749527 77.6099393,12.8749416 77.6099358,12.8748985</coordinates></LinearRing></outerBoundaryIs></Polygon></MultiGeometry>
  </Placemark>
  <Placemark>
	<Style><LineStyle><color>ff0000ff</color></LineStyle><PolyStyle><fill>0</fill></PolyStyle></Style>
	<ExtendedData><SchemaData schemaUrl="#amenity_parking_bengaluru_urban">
		<SimpleData name="full_id">w1278735179</SimpleData>
		<SimpleData name="osm_id">1278735179</SimpleData>
		<SimpleData name="osm_type">way</SimpleData>
		<SimpleData name="amenity">parking</SimpleData>
		<SimpleData name="parking">surface</SimpleData>
		<SimpleData name="access">private</SimpleData>
	</SchemaData></ExtendedData>
      <MultiGeometry><Polygon><outerBoundaryIs><LinearRing><coordinates>77.6100203,12.874897 77.6100763,12.8748947 77.6100625,12.8745781 77.6100065,12.8745804 77.6100203,12.874897</coordinates></LinearRing></outerBoundaryIs></Polygon></MultiGeometry>
  </Placemark>
  <Placemark>
	<Style><LineStyle><color>ff0000ff</color></LineStyle><PolyStyle><fill>0</fill></PolyStyle></Style>
	<ExtendedData><SchemaData schemaUrl="#amenity_parking_bengaluru_urban">
		<SimpleData name="full_id">w1278735186</SimpleData>
		<SimpleData name="osm_id">1278735186</SimpleData>
		<SimpleData name="osm_type">way</SimpleData>
		<SimpleData name="amenity">parking</SimpleData>
		<SimpleData name="parking">surface</SimpleData>
		<SimpleData name="access">private</SimpleData>
	</SchemaData></ExtendedData>
      <MultiGeometry><Polygon><outerBoundaryIs><LinearRing><coordinates>77.6105212,12.8713137 77.6105087,12.87126 77.6101493,12.8713391 77.6101618,12.8713928 77.6105212,12.8713137</coordinates></LinearRing></outerBoundaryIs></Polygon></MultiGeometry>
  </Placemark>
  <Placemark>
	<Style><LineStyle><color>ff0000ff</color></LineStyle><PolyStyle><fill>0</fill></PolyStyle></Style>
	<ExtendedData><SchemaData schemaUrl="#amenity_parking_bengaluru_urban">
		<SimpleData name="full_id">w1278762460</SimpleData>
		<SimpleData name="osm_id">1278762460</SimpleData>
		<SimpleData name="osm_type">way</SimpleData>
		<SimpleData name="amenity">parking</SimpleData>
		<SimpleData name="parking">surface</SimpleData>
		<SimpleData name="access">permissive</SimpleData>
	</SchemaData></ExtendedData>
      <MultiGeometry><Polygon><outerBoundaryIs><LinearRing><coordinates>77.6356132,13.1607906 77.6358856,13.1608018 77.6359011,13.160446 77.6356287,13.1604348 77.6356132,13.1607906</coordinates></LinearRing></outerBoundaryIs></Polygon></MultiGeometry>
  </Placemark>
  <Placemark>
	<Style><LineStyle><color>ff0000ff</color></LineStyle><PolyStyle><fill>0</fill></PolyStyle></Style>
	<ExtendedData><SchemaData schemaUrl="#amenity_parking_bengaluru_urban">
		<SimpleData name="full_id">w1278772113</SimpleData>
		<SimpleData name="osm_id">1278772113</SimpleData>
		<SimpleData name="osm_type">way</SimpleData>
		<SimpleData name="amenity">parking</SimpleData>
		<SimpleData name="parking">surface</SimpleData>
		<SimpleData name="access">permissive</SimpleData>
	</SchemaData></ExtendedData>
      <MultiGeometry><Polygon><outerBoundaryIs><LinearRing><coordinates>77.7025739,12.9858304 77.7030856,12.9857381 77.7030492,12.9855466 77.7025375,12.9856389 77.7025739,12.9858304</coordinates></LinearRing></outerBoundaryIs></Polygon></MultiGeometry>
  </Placemark>
  <Placemark>
	<Style><LineStyle><color>ff0000ff</color></LineStyle><PolyStyle><fill>0</fill></PolyStyle></Style>
	<ExtendedData><SchemaData schemaUrl="#amenity_parking_bengaluru_urban">
		<SimpleData name="full_id">w1278777823</SimpleData>
		<SimpleData name="osm_id">1278777823</SimpleData>
		<SimpleData name="osm_type">way</SimpleData>
		<SimpleData name="amenity">parking</SimpleData>
		<SimpleData name="parking">surface</SimpleData>
		<SimpleData name="fee">yes</SimpleData>
		<SimpleData name="access">customers</SimpleData>
	</SchemaData></ExtendedData>
      <MultiGeometry><Polygon><outerBoundaryIs><LinearRing><coordinates>77.6403265,13.0002234 77.6405304,12.9999039 77.6404727,12.9998689 77.6402688,13.0001884 77.6403265,13.0002234</coordinates></LinearRing></outerBoundaryIs></Polygon></MultiGeometry>
  </Placemark>
  <Placemark>
	<Style><LineStyle><color>ff0000ff</color></LineStyle><PolyStyle><fill>0</fill></PolyStyle></Style>
	<ExtendedData><SchemaData schemaUrl="#amenity_parking_bengaluru_urban">
		<SimpleData name="full_id">w1279250174</SimpleData>
		<SimpleData name="osm_id">1279250174</SimpleData>
		<SimpleData name="osm_type">way</SimpleData>
		<SimpleData name="amenity">parking</SimpleData>
		<SimpleData name="parking">surface</SimpleData>
		<SimpleData name="access">permissive</SimpleData>
	</SchemaData></ExtendedData>
      <MultiGeometry><Polygon><outerBoundaryIs><LinearRing><coordinates>77.6597545,13.0611442 77.6602822,13.0613205 77.6603024,13.061263 77.6597747,13.0610866 77.6597545,13.0611442</coordinates></LinearRing></outerBoundaryIs></Polygon></MultiGeometry>
  </Placemark>
  <Placemark>
	<Style><LineStyle><color>ff0000ff</color></LineStyle><PolyStyle><fill>0</fill></PolyStyle></Style>
	<ExtendedData><SchemaData schemaUrl="#amenity_parking_bengaluru_urban">
		<SimpleData name="full_id">w1279250175</SimpleData>
		<SimpleData name="osm_id">1279250175</SimpleData>
		<SimpleData name="osm_type">way</SimpleData>
		<SimpleData name="amenity">parking</SimpleData>
		<SimpleData name="parking">surface</SimpleData>
		<SimpleData name="access">permissive</SimpleData>
	</SchemaData></ExtendedData>
      <MultiGeometry><Polygon><outerBoundaryIs><LinearRing><coordinates>77.6600374,13.0608156 77.6610889,13.0611638 77.6611095,13.0611045 77.6600581,13.0607564 77.6600374,13.0608156</coordinates></LinearRing></outerBoundaryIs></Polygon></MultiGeometry>
  </Placemark>
  <Placemark>
	<Style><LineStyle><color>ff0000ff</color></LineStyle><PolyStyle><fill>0</fill></PolyStyle></Style>
	<ExtendedData><SchemaData schemaUrl="#amenity_parking_bengaluru_urban">
		<SimpleData name="full_id">w1279691335</SimpleData>
		<SimpleData name="osm_id">1279691335</SimpleData>
		<SimpleData name="osm_type">way</SimpleData>
		<SimpleData name="amenity">parking</SimpleData>
		<SimpleData name="parking">surface</SimpleData>
		<SimpleData name="access">permissive</SimpleData>
	</SchemaData></ExtendedData>
      <MultiGeometry><Polygon><outerBoundaryIs><LinearRing><coordinates>77.7493771,13.0459998 77.7493826,13.0459507 77.7492055,13.0459319 77.7492,13.0459809 77.7493771,13.0459998</coordinates></LinearRing></outerBoundaryIs></Polygon></MultiGeometry>
  </Placemark>
  <Placemark>
	<Style><LineStyle><color>ff0000ff</color></LineStyle><PolyStyle><fill>0</fill></PolyStyle></Style>
	<ExtendedData><SchemaData schemaUrl="#amenity_parking_bengaluru_urban">
		<SimpleData name="full_id">w1279691336</SimpleData>
		<SimpleData name="osm_id">1279691336</SimpleData>
		<SimpleData name="osm_type">way</SimpleData>
		<SimpleData name="amenity">parking</SimpleData>
		<SimpleData name="parking">surface</SimpleData>
		<SimpleData name="access">permissive</SimpleData>
	</SchemaData></ExtendedData>
      <MultiGeometry><Polygon><outerBoundaryIs><LinearRing><coordinates>77.7490687,13.0461056 77.7491219,13.0461113 77.7491545,13.0458208 77.7491012,13.0458151 77.7490687,13.0461056</coordinates></LinearRing></outerBoundaryIs></Polygon></MultiGeometry>
  </Placemark>
  <Placemark>
	<Style><LineStyle><color>ff0000ff</color></LineStyle><PolyStyle><fill>0</fill></PolyStyle></Style>
	<ExtendedData><SchemaData schemaUrl="#amenity_parking_bengaluru_urban">
		<SimpleData name="full_id">w1279691337</SimpleData>
		<SimpleData name="osm_id">1279691337</SimpleData>
		<SimpleData name="osm_type">way</SimpleData>
		<SimpleData name="amenity">parking</SimpleData>
		<SimpleData name="parking">surface</SimpleData>
		<SimpleData name="access">permissive</SimpleData>
	</SchemaData></ExtendedData>
      <MultiGeometry><Polygon><outerBoundaryIs><LinearRing><coordinates>77.7492148,13.0462389 77.749463,13.0462653 77.749469,13.0462121 77.7492208,13.0461857 77.7492148,13.0462389</coordinates></LinearRing></outerBoundaryIs></Polygon></MultiGeometry>
  </Placemark>
  <Placemark>
	<Style><LineStyle><color>ff0000ff</color></LineStyle><PolyStyle><fill>0</fill></PolyStyle></Style>
	<ExtendedData><SchemaData schemaUrl="#amenity_parking_bengaluru_urban">
		<SimpleData name="full_id">w1279691338</SimpleData>
		<SimpleData name="osm_id">1279691338</SimpleData>
		<SimpleData name="osm_type">way</SimpleData>
		<SimpleData name="amenity">parking</SimpleData>
		<SimpleData name="parking">surface</SimpleData>
		<SimpleData name="access">permissive</SimpleData>
	</SchemaData></ExtendedData>
      <MultiGeometry><Polygon><outerBoundaryIs><LinearRing><coordinates>77.7491706,13.046122 77.7494222,13.0461487 77.7494321,13.0460605 77.7491805,13.0460338 77.7491706,13.046122</coordinates></LinearRing></outerBoundaryIs></Polygon></MultiGeometry>
  </Placemark>
  <Placemark>
	<Style><LineStyle><color>ff0000ff</color></LineStyle><PolyStyle><fill>0</fill></PolyStyle></Style>
	<ExtendedData><SchemaData schemaUrl="#amenity_parking_bengaluru_urban">
		<SimpleData name="full_id">w1279894908</SimpleData>
		<SimpleData name="osm_id">1279894908</SimpleData>
		<SimpleData name="osm_type">way</SimpleData>
		<SimpleData name="amenity">parking</SimpleData>
		<SimpleData name="parking">surface</SimpleData>
		<SimpleData name="access">private</SimpleData>
	</SchemaData></ExtendedData>
      <MultiGeometry><Polygon><outerBoundaryIs><LinearRing><coordinates>77.7045621,13.1601612 77.705061,13.16015 77.7050533,13.1598234 77.7045544,13.1598346 77.7045621,13.1601612</coordinates></LinearRing></outerBoundaryIs></Polygon></MultiGeometry>
  </Placemark>
  <Placemark>
	<Style><LineStyle><color>ff0000ff</color></LineStyle><PolyStyle><fill>0</fill></PolyStyle></Style>
	<ExtendedData><SchemaData schemaUrl="#amenity_parking_bengaluru_urban">
		<SimpleData name="full_id">w1280472713</SimpleData>
		<SimpleData name="osm_id">1280472713</SimpleData>
		<SimpleData name="osm_type">way</SimpleData>
		<SimpleData name="amenity">parking</SimpleData>
		<SimpleData name="access">private</SimpleData>
	</SchemaData></ExtendedData>
      <MultiGeometry><Polygon><outerBoundaryIs><LinearRing><coordinates>77.7496634,12.8919019 77.7500953,12.8920927 77.7501824,12.8928313 77.749583,12.8924012 77.7496634,12.8919019</coordinates></LinearRing></outerBoundaryIs></Polygon></MultiGeometry>
  </Placemark>
  <Placemark>
	<Style><LineStyle><color>ff0000ff</color></LineStyle><PolyStyle><fill>0</fill></PolyStyle></Style>
	<ExtendedData><SchemaData schemaUrl="#amenity_parking_bengaluru_urban">
		<SimpleData name="full_id">w1280472728</SimpleData>
		<SimpleData name="osm_id">1280472728</SimpleData>
		<SimpleData name="osm_type">way</SimpleData>
		<SimpleData name="amenity">parking</SimpleData>
		<SimpleData name="access">private</SimpleData>
	</SchemaData></ExtendedData>
      <MultiGeometry><Polygon><outerBoundaryIs><LinearRing><coordinates>77.7428788,12.8949949 77.742852,12.894038 77.744177,12.8942053 77.7441555,12.8946106 77.7437586,12.8946027 77.7436432,12.8950969 77.7428788,12.8949949</coordinates></LinearRing></outerBoundaryIs></Polygon></MultiGeometry>
  </Placemark>
  <Placemark>
	<Style><LineStyle><color>ff0000ff</color></LineStyle><PolyStyle><fill>0</fill></PolyStyle></Style>
	<ExtendedData><SchemaData schemaUrl="#amenity_parking_bengaluru_urban">
		<SimpleData name="full_id">w1280472739</SimpleData>
		<SimpleData name="osm_id">1280472739</SimpleData>
		<SimpleData name="osm_type">way</SimpleData>
		<SimpleData name="amenity">parking</SimpleData>
		<SimpleData name="access">private</SimpleData>
	</SchemaData></ExtendedData>
      <MultiGeometry><Polygon><outerBoundaryIs><LinearRing><coordinates>77.7507274,12.8991816 77.7507058,12.899067 77.7513759,12.8989466 77.7513975,12.8990612 77.7507274,12.8991816</coordinates></LinearRing></outerBoundaryIs></Polygon></MultiGeometry>
  </Placemark>
  <Placemark>
	<Style><LineStyle><color>ff0000ff</color></LineStyle><PolyStyle><fill>0</fill></PolyStyle></Style>
	<ExtendedData><SchemaData schemaUrl="#amenity_parking_bengaluru_urban">
		<SimpleData name="full_id">w1280472741</SimpleData>
		<SimpleData name="osm_id">1280472741</SimpleData>
		<SimpleData name="osm_type">way</SimpleData>
		<SimpleData name="amenity">parking</SimpleData>
		<SimpleData name="access">private</SimpleData>
	</SchemaData></ExtendedData>
      <MultiGeometry><Polygon><outerBoundaryIs><LinearRing><coordinates>77.748667,12.8993298 77.7486563,12.8992318 77.7497815,12.899154 77.7498378,12.8992527 77.748667,12.8993298</coordinates></LinearRing></outerBoundaryIs></Polygon></MultiGeometry>
  </Placemark>
  <Placemark>
	<Style><LineStyle><color>ff0000ff</color></LineStyle><PolyStyle><fill>0</fill></PolyStyle></Style>
	<ExtendedData><SchemaData schemaUrl="#amenity_parking_bengaluru_urban">
		<SimpleData name="full_id">w1280472742</SimpleData>
		<SimpleData name="osm_id">1280472742</SimpleData>
		<SimpleData name="osm_type">way</SimpleData>
		<SimpleData name="amenity">parking</SimpleData>
		<SimpleData name="access">private</SimpleData>
	</SchemaData></ExtendedData>
      <MultiGeometry><Polygon><outerBoundaryIs><LinearRing><coordinates>77.7531691,12.8988317 77.7527104,12.8985533 77.7526675,12.8983533 77.752984,12.8982918 77.7529961,12.8983101 77.7531302,12.8982853 77.7531208,12.8982304 77.7538705,12.8980801 77.7539201,12.8982552 77.7537565,12.898301 77.7538531,12.8986814 77.7535513,12.8990736 77.7531691,12.8988317</coordinates></LinearRing></outerBoundaryIs></Polygon></MultiGeometry>
  </Placemark>
  <Placemark>
	<Style><LineStyle><color>ff0000ff</color></LineStyle><PolyStyle><fill>0</fill></PolyStyle></Style>
	<ExtendedData><SchemaData schemaUrl="#amenity_parking_bengaluru_urban">
		<SimpleData name="full_id">w1280805516</SimpleData>
		<SimpleData name="osm_id">1280805516</SimpleData>
		<SimpleData name="osm_type">way</SimpleData>
		<SimpleData name="amenity">parking</SimpleData>
		<SimpleData name="parking">surface</SimpleData>
		<SimpleData name="access">customers</SimpleData>
	</SchemaData></ExtendedData>
      <MultiGeometry><Polygon><outerBoundaryIs><LinearRing><coordinates>77.5416797,13.0292759 77.5413612,13.0287365 77.5412893,13.0287768 77.5416078,13.0293162 77.5416797,13.0292759</coordinates></LinearRing></outerBoundaryIs></Polygon></MultiGeometry>
  </Placemark>
  <Placemark>
	<Style><LineStyle><color>ff0000ff</color></LineStyle><PolyStyle><fill>0</fill></PolyStyle></Style>
	<ExtendedData><SchemaData schemaUrl="#amenity_parking_bengaluru_urban">
		<SimpleData name="full_id">w1282005301</SimpleData>
		<SimpleData name="osm_id">1282005301</SimpleData>
		<SimpleData name="osm_type">way</SimpleData>
		<SimpleData name="amenity">parking</SimpleData>
		<SimpleData name="parking">surface</SimpleData>
	</SchemaData></ExtendedData>
      <MultiGeometry><Polygon><outerBoundaryIs><LinearRing><coordinates>77.6403652,12.981438 77.6405617,12.9814397 77.6405626,12.9813382 77.6403661,12.9813367 77.6403652,12.981438</coordinates></LinearRing></outerBoundaryIs></Polygon></MultiGeometry>
  </Placemark>
</Folder>
</Document></kml>
